path,sha256
D:\maplestory_levup\docs\art\area00-images-output\AREA_00_IMAGES_IMPORT_REPORT.md,101fdb83b0b1c4fe97ff9a6e4b1b300f7c875be61e49c2f7a28a72d7df696cd7
D:\maplestory_levup\docs\art\area00-images-output\AREA_00_IMAGES_RESOURCE_MAP.csv,954e62b64b9b45b9abf526a7e782512128e4519ab6a57494b8fbf8dbf8c66c3b
D:\maplestory_levup\docs\art\area00-images-output\AREA_00_OUTPUT_VALIDATION.json,d8b74c2caabbc4529f22800716ba8d2c2c437454f14f1da6d3291078d204dae9
D:\maplestory_levup\docs\art\area00-images-output\AREA_00_OUTPUT_VALIDATION.md,94a644519eed442ea54c8f6469f08ba63ef01e1e3e7835c2cdf17cd17e66ff7a
D:\maplestory_levup\docs\art\area00-images-output\AREA_00_IMAGES_OUTPUT\OUTPUT_MANIFEST.csv,081b89f89ea394937b69502b7c359eabec938d3a553b41618bd98809929b4898
D:\maplestory_levup\docs\art\area00-images-output\AREA_00_IMAGES_OUTPUT\OUTPUT_MANIFEST.md,83e4abc68cc8fabd4ddc2505d8aee9cd7241bdfd89c661c9b619249e6c7d0c81
D:\maplestory_levup\docs\art\area00-images-output\AREA_00_IMAGES_OUTPUT\monsters\001_m_snail_달팽이\RESULT_INFO.md,b519bd711cef28744bb1522a626f846ad9054af54ef3755d473fd852a9256717
D:\maplestory_levup\docs\art\area00-images-output\AREA_00_IMAGES_OUTPUT\monsters\002_m_blue_snail_파란_달팽이\RESULT_INFO.md,668123050ab7419ff821d4749831169600db815ca188ba9377dd152751ea4b1d
D:\maplestory_levup\docs\art\area00-images-output\AREA_00_IMAGES_OUTPUT\monsters\003_m_red_snail_빨간_달팽이\RESULT_INFO.md,170edd89c3920e68e1a233c8087c7f56c675b7ce192045641939453c13194038
D:\maplestory_levup\docs\art\area00-images-output\AREA_00_IMAGES_OUTPUT\monsters\004_m_mano_마노\RESULT_INFO.md,6cfb27c8f206bb9ec4a873898f70f864322e5762d2380a415a99733a410e7aef
D:\maplestory_levup\docs\art\area00-images-output\AREA_00_IMAGES_OUTPUT\monsters\005_m_slime_슬라임\RESULT_INFO.md,aab26c4cfa4716481a0cd5a3b1806c72c6add15761df2ab3f4683ff3e7c18d4a
D:\maplestory_levup\docs\art\area00_refinement\20260912_203404\CHANGELOG.md,609f8d8e9672783c74d1fa49f739c6ae665a4aec90bc6251fd81f3d3a0cffeb6
D:\maplestory_levup\docs\art\area00_refinement\20260912_203404\DELIVERY_VALIDATION.json,d72aa0d608fa3d73eae10fe057ecbecb76185e215d9666fa1ed38b022127d004
D:\maplestory_levup\docs\art\area00_refinement\20260912_203404\FINAL_PNG_CHECKS.csv,30a3749a44df1d5277cdf7b1c694faa765f86f809e8cc94e9e82198c50444e07
D:\maplestory_levup\docs\art\area00_refinement\20260912_203404\PNG_CHANGE_MAP.csv,eef8cff88eca641c53baecb8a2e71fbc3c4268345760b52328abbe3584beec6a
D:\maplestory_levup\docs\art\area00_refinement\20260912_203404\PREVIEW_CHANGE_MAP.csv,a5b46ef5276788e7047bc20e0541e6356ed60e4d061890552a9cee39defd8af7
D:\maplestory_levup\docs\art\area00_refinement\20260912_203404\RUN_PATH.txt,910ed57414760e0bac303a322c2ec96ef4dc7200e1a31955af33754b208b7740
D:\maplestory_levup\docs\art\area00_refinement\20260912_203404\STYLE_BASELINE_CANDIDATE.md,738566cd4d67b288d45d468aac73a80bc13085f17c8950279d7dee9882c4f17d
D:\maplestory_levup\docs\art\area00_refinement\20260912_203404\TRANSFORMS.json,817fc206dd973ae78309ca05aed368b453ff7c56265546430e3bbf53b1dbe935
D:\maplestory_levup\docs\art\area00_refinement\20260912_203404\USER_DECISIONS.md,7804d02451ccdeec30ef96fedc45d1f9efd631f4331ae31fb66ab30dd81332d6
D:\maplestory_levup\docs\art\area00_refinement\20260912_203404\VALIDATION_REPORT.md,a092fe01328464870ce6c0534495b377eb588988b217ebf22bcff5a29f0f6b54
D:\maplestory_levup\docs\art\area00_refinement\20260912_203404\VIEWER_VALIDATION.json,f6b4c1fc5490e81756c67c8ab1e325c754eec80027aa72b11fc66b6c82ed86cb
D:\maplestory_levup\docs\art\area00_refinement\20260912_203404\AREA_00_IMAGES_INPUT_IMAGES_OUTPUT\OUTPUT_MANIFEST.csv,d02b984c4d039c27ed62a5f4b3bef3caef85f46613e6915002b677ee87150a92
D:\maplestory_levup\docs\art\area00_refinement\20260912_203404\AREA_00_IMAGES_INPUT_IMAGES_OUTPUT\OUTPUT_MANIFEST.md,470c9c5d8c6c011f46d4e19add282c27ff4fd227018b84a523806731f8762cd4
D:\maplestory_levup\docs\art\area00_refinement\20260912_203404\provenance\BASELINE_IDENTITY.json,ab9dd765ab8680f988c9a55b453d6e4ea045e1c8cbc3f9e0d03c04d489b17b5f
D:\maplestory_levup\docs\art\area00_refinement\20260912_203404\provenance\SHEET_CORRESPONDENCE.json,41530f6aa358e8adda48e8f36948dd774db3fab725f94c17f711e84af0235114
D:\maplestory_levup\docs\art\area00_refinement\20260912_203404\work\complete.py,791787c37ae96f6f191e577b1351f71678bcbd3d88eea37dfc8b98ea25b63813
D:\maplestory_levup\docs\art\area00_refinement\20260912_203404\work\finish.py,33deabc656cc12cd42063d136d0c16d04f084bbf3698d96101f5eea5c5bb0839
D:\maplestory_levup\docs\art\area00_refinement\20260912_203404\work\package.py,6884d1d65b916cf37b4ea691eb3d4d3b8988422ab03eb42ce76d91ec18a91c55
D:\maplestory_levup\docs\art\area00_refinement\20260912_203404\work\refine.py,1bbab7f720f2c1835d6d23fae3e5e85896928854bb04c8ee66a89700a6b332cc
D:\maplestory_levup\docs\art\area00_refinement\20260912_203404\work\VIEWER_DATA.json,7df78e4b2912f2283b5be6de83ba149b3142cf5c2cc93e08f7ac7c7bc7cb46ba
D:\maplestory_levup\docs\art\area00_refinement\20260912_203404\AREA_00_IMAGES_INPUT_IMAGES_OUTPUT\REFINEMENT_RECORDS\CHANGELOG.md,609f8d8e9672783c74d1fa49f739c6ae665a4aec90bc6251fd81f3d3a0cffeb6
D:\maplestory_levup\docs\art\area00_refinement\20260912_203404\AREA_00_IMAGES_INPUT_IMAGES_OUTPUT\REFINEMENT_RECORDS\FINAL_PNG_CHECKS.csv,30a3749a44df1d5277cdf7b1c694faa765f86f809e8cc94e9e82198c50444e07
D:\maplestory_levup\docs\art\area00_refinement\20260912_203404\AREA_00_IMAGES_INPUT_IMAGES_OUTPUT\REFINEMENT_RECORDS\PNG_CHANGE_MAP.csv,eef8cff88eca641c53baecb8a2e71fbc3c4268345760b52328abbe3584beec6a
D:\maplestory_levup\docs\art\area00_refinement\20260912_203404\AREA_00_IMAGES_INPUT_IMAGES_OUTPUT\REFINEMENT_RECORDS\STYLE_BASELINE_CANDIDATE.md,738566cd4d67b288d45d468aac73a80bc13085f17c8950279d7dee9882c4f17d
D:\maplestory_levup\docs\art\area00_refinement\20260912_203404\AREA_00_IMAGES_INPUT_IMAGES_OUTPUT\REFINEMENT_RECORDS\TRANSFORMS.json,817fc206dd973ae78309ca05aed368b453ff7c56265546430e3bbf53b1dbe935
D:\maplestory_levup\docs\art\area00_refinement\20260912_203404\AREA_00_IMAGES_INPUT_IMAGES_OUTPUT\REFINEMENT_RECORDS\USER_DECISIONS.md,7804d02451ccdeec30ef96fedc45d1f9efd631f4331ae31fb66ab30dd81332d6
D:\maplestory_levup\docs\art\area00_refinement\20260912_203404\AREA_00_IMAGES_INPUT_IMAGES_OUTPUT\REFINEMENT_RECORDS\VALIDATION_REPORT.md,a092fe01328464870ce6c0534495b377eb588988b217ebf22bcff5a29f0f6b54
D:\maplestory_levup\docs\art\area00_refinement\20260912_203404\AREA_00_IMAGES_INPUT_IMAGES_OUTPUT\monsters\001_m_snail_달팽이\RESULT_INFO.md,b93e7db608cdcc49881ce609133e654984c92cbcf98a24a0f437db8ee8e55579
D:\maplestory_levup\docs\art\area00_refinement\20260912_203404\AREA_00_IMAGES_INPUT_IMAGES_OUTPUT\monsters\002_m_blue_snail_파란_달팽이\RESULT_INFO.md,f30420ab68ea6afc56e9be248f845895ac3f35a5821b59ed4f7d335578797b0b
D:\maplestory_levup\docs\art\area00_refinement\20260912_203404\AREA_00_IMAGES_INPUT_IMAGES_OUTPUT\monsters\003_m_red_snail_빨간_달팽이\RESULT_INFO.md,e045f513e62cab9c8fcbc98b29e0f869b922c7cc4aed91b29ed19624bddb8afe
D:\maplestory_levup\docs\art\area00_refinement\20260912_203404\AREA_00_IMAGES_INPUT_IMAGES_OUTPUT\monsters\004_m_mano_마노\RESULT_INFO.md,5ca3fa68de7357df2565cf85c62da9aee67b459d0d6fd18c315f0ade513e3880
D:\maplestory_levup\docs\art\area00_refinement\20260912_203404\AREA_00_IMAGES_INPUT_IMAGES_OUTPUT\monsters\005_m_slime_슬라임\RESULT_INFO.md,0bb7324026f83709afbdc71e24613489f095a393b124773aa4c5689e58f1ffd0
D:\maplestory_levup\docs\art\area00_refinement\20260912_203404\provenance\image_edits\EDIT_RECORDS.json,d7f6d4d9bb3444f80e37a43e938f792c80b45356b887c44d684130d51dcac337
D:\maplestory_levup\docs\art\area00_refinement\20260912_203404\provenance\image_edits\PROMPTS.md,9e15fc82b5c100368604135f9f34eff2ce10a0a530960bbbad819543aa78f6e6
D:\maplestory_levup\docs\art\area00_refinement\20260912_203404\provenance\input\AREA_MANIFEST.md,6795c37b7e2be9c2b3cf6776bb8c670fe7d227517c5bd73834ce53c047c14c8a
D:\maplestory_levup\docs\art\area00_refinement\20260912_203404\provenance\input\OUTPUT_FORMAT_SPEC.md,f8ef85db6712c468a9bfbd8e27cf3304464cfcf0b0e5afe3f278a2115c32f751
D:\maplestory_levup\docs\art\area00_refinement\20260912_203404\provenance\input\OUTPUT_NAMING_SPEC.md,732942ee0737c5f830ab157d97ff998fb646632315fa6d465a7d3df41ab7d478
D:\maplestory_levup\docs\art\area00_refinement\20260912_203404\provenance\review\REVIEW_SUMMARY.md,ea2f644876a794b049d114e670b31e9b0095860f79d5281620bc2f1466c99b3e
D:\maplestory_levup\docs\art\area00_refinement\20260912_203404\provenance\review\SAFE_AREA_REVIEW.csv,6d6531b69e2d2367db442037ee7c089a24de986c35f94afe1c64161deea2d8a6
D:\maplestory_levup\docs\art\area00_refinement\20260912_203404\provenance\review\SELECTION.json,ab9dd765ab8680f988c9a55b453d6e4ea045e1c8cbc3f9e0d03c04d489b17b5f
D:\maplestory_levup\docs\art\area00_refinement\20260912_203404\provenance\review\SOURCE_SCOPE.md,098c821b05bb749959d6f44459d32b0ae49da609cd6b945fb7d51828ada63335
D:\maplestory_levup\docs\art\area00_refinement\20260912_203404\provenance\input\monsters\001_m_snail_달팽이\GENERATION_SPEC.md,5589af063bf93a69fb34248e4e06c591b883ef55ab69c3c6881ebe272eec2814
D:\maplestory_levup\docs\art\area00_refinement\20260912_203404\provenance\input\monsters\002_m_blue_snail_파란_달팽이\GENERATION_SPEC.md,89b5120fef7b956ba5d968bd7b6219a32c75ef93ad02b01098c6e8f98e3af2a7
D:\maplestory_levup\docs\art\area00_refinement\20260912_203404\provenance\input\monsters\003_m_red_snail_빨간_달팽이\GENERATION_SPEC.md,5c1d2734f6f791b8e416eec8d89a023475bbdf212c1595b3c50e4c3397072f8d
D:\maplestory_levup\docs\art\area00_refinement\20260912_203404\provenance\input\monsters\004_m_mano_마노\GENERATION_SPEC.md,ed48418439de1de2d12e49989e738aebef2ac43ebff9dd1f0397ee5494b09ae7
D:\maplestory_levup\docs\art\area00_refinement\20260912_203404\provenance\input\monsters\005_m_slime_슬라임\GENERATION_SPEC.md,89793b0ca8856522f301eda2ae2e20c52e3928273e1d9239529c4b975e506729
D:\maplestory_levup\docs\art\output_style_unified_batches\20260912_212559\work\GENERATIONS_AREA01.json,f6900440ade6a7d33f9d02e9eda29164962ee881bf18a85b96c4e5dee0a3c057
D:\maplestory_levup\docs\art\output_style_unified_batches\20260912_212559\work\ingest_area01.py,4acfcb923f07cbb8a48f274ba9866c5fe948b6b87240a0a08b38776710bf4872
D:\maplestory_levup\docs\art\output_style_unified_batches\20260912_212559\work\init.py,c4b680a4990e60eea896c08f38ec4a50182400815f8d671e6bb5ed89e27f1a71
D:\maplestory_levup\docs\art\output_style_unified_batches\20260912_212559\work\JOBS.json,33da6e038ab12277efa0fa8fa7a00646364b85e133ac3ea96c2dd6704c59caef
D:\maplestory_levup\docs\art\output_style_unified_batches\20260912_212559\work\jobs.py,85ed465a9478ec55bd441e33c056b4c1e21048430bdeca7eed318bbfc1178267
D:\maplestory_levup\docs\art\output_style_unified_batches\20260912_212559\work\JOB_0.json,46c2e1a91a32fa35379b8e49f266000ecc2d7bdf5c5f21c26449fc7a4f4a23d3
D:\maplestory_levup\docs\art\output_style_unified_batches\20260912_212559\work\JOB_1.json,8a5712b8952ee92cb2f7d41ad8c3debd7ba906427cd1a0e1ebb5dddce8b49ab8
D:\maplestory_levup\docs\art\output_style_unified_batches\20260912_212559\work\JOB_2.json,1e62719402cd96bf14d81b07b29acee5af48a3510560c6a2d9034cb59b1a55eb
D:\maplestory_levup\docs\art\output_style_unified_batches\20260912_212559\work\JOB_3.json,28b29206dae3f663247a791da7743e6795312f7dd9adb2771d5460c5aa77c155
D:\maplestory_levup\docs\art\output_style_unified_batches\20260912_212559\work\JOB_4.json,9dea4169d070bd7abba779771ae8129769d46d1bc5184dd99f2dee19c33cff33
D:\maplestory_levup\docs\art\output_style_unified_batches\20260912_212559\work\JOB_5.json,e3ac87e7b0d57075e94fa1fc2695019c725cc894bac0892ebc6fdb4588d24984
D:\maplestory_levup\docs\art\output_style_unified_batches\20260912_212559\work\JOB_6.json,5a963d3f35e167bbccdcd24b79cdd22de7e5127b8a07093f4ce8c218e09eeabf
D:\maplestory_levup\docs\art\output_style_unified_batches\20260912_212559\work\JOB_7.json,7cd7f150be7fc5b01f01921bffe28ccb980ae681bffc224e16781d4ddfe35a05
D:\maplestory_levup\docs\art\output_style_unified_batches\20260912_212559\work\JOB_8.json,59b052e6e8518d939fee6d31e935dae27d560d14dd202a18ea1884400b660345
D:\maplestory_levup\docs\art\output_style_unified_batches\20260912_212559\work\JOB_9.json,dd7e9ae0211286e4e1610bcde176ba3952660edcad8dd2eceadd4b225d03b682
D:\maplestory_levup\docs\art\output_style_unified_batches\20260912_212559\work\mushroom_CAST_PROMPT.txt,453ceb962146d79caa0b87c46e7743b72f72940225d84a4d0b2f98d3e8a26b72
D:\maplestory_levup\docs\art\output_style_unified_batches\20260912_212559\work\mushroom_ICON_PROMPT.txt,34b6f4f91607890e5e6de2879d81568891133896d5f69be5c66aee106172e1f1
D:\maplestory_levup\docs\art\output_style_unified_batches\20260912_212559\work\package.py,e8c0279b2799341d1d3a087c9c550069a615635f10b7ef313c3e5c2b7b41198d
D:\maplestory_levup\docs\art\output_style_unified_batches\20260912_212559\work\produce.py,36989dfbd81a34a8f0f96343569e742642e19e4543b43c64a388f28e0328064f
D:\maplestory_levup\docs\art\output_style_unified_batches\20260912_220728_RESTART\work\check_mushroom.py,86463a08c61707196ac95040ed82a81b1558110f641a719523aeb1478c053a07
D:\maplestory_levup\docs\art\output_style_unified_batches\20260912_220728_RESTART\work\check_mushroom3.py,e51ac50db6cb14dcd0ad1f0302f638e58c5464784bf0a6c0607783901f292ab2
D:\maplestory_levup\docs\art\output_style_unified_batches\20260912_220728_RESTART\work\hold_quality.py,e01d4d89a27be84e107da3d1ad20577965b0d3f821c61bfb424a333835329fb6
D:\maplestory_levup\docs\art\output_style_unified_batches\20260912_220728_RESTART\work\MUSHROOM_CAST_ATTEMPT1_PROMPT.txt,def2616341b4e5e7f0f3f0defa813cb7eaf2e8182dd923940311de3dfcc62e04
D:\maplestory_levup\docs\art\output_style_unified_batches\20260912_220728_RESTART\work\MUSHROOM_CAST_ATTEMPT2_PROMPT.txt,a519279b3712cf5b3f558914f01140f0e3dffe1e69c3516a918c5b16a02c9e10
D:\maplestory_levup\docs\art\output_style_unified_batches\20260912_220728_RESTART\work\MUSHROOM_CAST_ATTEMPT3_PROMPT.txt,30fcf0ff602fc019cabea50e5e8bb29721911d3f6e8bcede89915e5d1d2cd074
D:\maplestory_levup\docs\art\output_style_unified_batches\20260912_222656_ANCHOR\records\alpha_capability_test_prompt.txt,ce7ccc2594f3a0c05539ed99677961a08ff853197130e711f05a863c76f46175
D:\maplestory_levup\docs\art\output_style_unified_batches\20260912_222656_ANCHOR\records\ANCHOR_GATE.md,89fdc4369922a8b59c247c288cc292c6677150ea6de917178ccb2030efb639d0
D:\maplestory_levup\docs\art\output_style_unified_batches\20260912_222656_ANCHOR\records\FILE_VALIDATION.json,6783f41f055d1a5d54fbc86cd73cab4d5835ee082eb2225cb983109025be8616
D:\maplestory_levup\docs\art\output_style_unified_batches\20260912_222656_ANCHOR\records\keyframe_attempt02_prompt.txt,a1bc2d7d24f77c5a0c820ffca157826dadef70f388fbb5aa9d6d886e0cd58d0a
D:\maplestory_levup\docs\art\output_style_unified_batches\20260912_222656_ANCHOR\records\keyframe_prompt.txt,a293d0ad76757bf3c2dad370d2300d77beb95750316a9fb67c886eef4d4fdfa4
D:\maplestory_levup\docs\art\output_style_unified_batches\20260912_225116_GRAMMAR\records\AREA00_APPROVED_ART_GRAMMAR.md,637297e14c2d4447f542783c621695d290088b5511eee23fd4fbbe8834142091
D:\maplestory_levup\docs\art\output_style_unified_batches\20260912_225116_GRAMMAR\records\BASELINES.json,8f5eb60f80fefef72c3621bbbade33e805a8ba98ad27c8cdcb19a473961ab0bf
D:\maplestory_levup\docs\art\output_style_unified_batches\20260912_225116_GRAMMAR\records\F03_ALPHA.json,babc86fb9ff5a76e2d1ae98dd67dbb6e57c02bd9d94bd2c8d9c3afbc3851871a
D:\maplestory_levup\docs\art\output_style_unified_batches\20260912_225116_GRAMMAR\records\F03_ATTEMPT02_ALPHA.json,6d1f384070bbc85f23c5efcec15f1280eb87f0ca1172708c3993b873f9c2bacc
D:\maplestory_levup\docs\art\output_style_unified_batches\20260912_225116_GRAMMAR\records\F03_attempt02_prompt.txt,066833ba0228e9f4b9644ec2fffb677eaa427fcb97ee981eda5d45c95527823a
D:\maplestory_levup\docs\art\output_style_unified_batches\20260912_225116_GRAMMAR\records\F03_prompt.txt,5b8a348455cfbb06ce90d20a8f2d726446e9f654dd34e394b18527571657e260
D:\maplestory_levup\docs\art\output_style_unified_batches\20260912_225116_GRAMMAR\records\matte.py,9fbeef3768a270130f1844d8f1fe1cd5c830f4417697ce27ebc083658fd8029f
D:\maplestory_levup\docs\art\output_style_unified_batches\20260912_225116_GRAMMAR\records\matte_second.py,92d46549da737d6e34db2bd40c59a11df4848e7898fba249927aa21e1973fe66
D:\maplestory_levup\docs\art\output_style_unified_batches\20260912_225116_GRAMMAR\records\VALIDATION.md,06b27f9370c33573ba0dc800d7ff8f92763d3d9b98e3972af54abdd53ed54d2a
