id,name,source,scaling_stat,coefficient,slot_type,effect_type,is_key_skill,cooldown,skill_kind,target_mode,max_targets,effect_value,duration,range,dash_distance,tier,icon_ruid,icon_ratio,effect_ruid,effect_style,sfx_ruid,projectile_ruid,passive_stat,passive_value,description,layer_ruids,layer_types,layer_styles,layer_delays,layer_durations,layer_scales,layer_offsets_x,layer_offsets_y,layer_drifts_x,layer_drifts_y
s_mon_snail,몸통 박치기,monster,ATK,1.0,monster,damage,false,4,attack,single,1,0,0,0,3.5,0,518cc119c1c04b8797090175d9f015f2,1.00,,,f5a9f40c07c645c88e069849a566b4ff,,,,가고 있는 쪽으로 몸을 날려 부딪힌 적을 들이받는다 (돌진 중 추가 피해),0207c85c05dd4c4eac12f9ee735d0545|997628810df4448f9e534bc426d6794a,animationclip|animationclip,clip|clip,0|0.18,0.58|0.45,0.7|0.55,-0.15|0.75,0|0,0.7|0,0|0
s_mon_snail_dew_trail,이슬 미끄럼길,monster,ATK,0.9,monster,damage,false,5,attack,area,3,0,0,2.5,0,0,c0699b32529049c68de3d13022479bf9,1.00,,,f5a9f40c07c645c88e069849a566b4ff,,,,달팽이가 지면의 이슬을 얇은 흔적으로 밀어 전방의 적을 한 번 훑는다,6097484d513a4fde82ad15557fdc81d3,animationclip,clip,0,0.8,1,0,0,0,0
s_mon_blue_snail,푸른 껍질,monster,ATK,0,monster,shield,false,8,defense,self,0,0.4,3,0,0,0,6e7da13ea5924763bebb7aa4b851eb96,1.00,,,605da1fc42f34ef4a1468387004a6223,,,,껍질에 숨어 3초간 받는 피해를 40% 줄인다,f1fc98b763c24a0bb99d8ce8453a4c8f,animationclip,clip,0,0.8,1,0,0,0,0
s_mon_red_snail,붉은 껍질 돌진,monster,ATK,1.15,monster,damage,false,4,attack,single,1,0,0,0,4.0,0,12d807f89a284616a966513250bc3b7c,1.00,,,bbec511b4ba4460ea0e2f03c71695053,,,,빠르고 강한 붉은 변종이 몸을 웅크린 뒤 붉은 잔상을 끌며 정면으로 돌진한다,b61e270e3118440680f2a51d12255693,animationclip,clip,0,0.8,1,0,0,0,0
s_mon_mano,마노의 무지개 파동,monster,INT,1.45,monster,damage,true,6,attack,area,0,0,0,4.5,0,0,0cf7d9ac7fa4460a897c5f5e8ce47c51,1.00,,,e1fee594c7c643a79f2de2bf9b02b350,,,,오래된 달팽이 마노가 아침 이슬을 모아 잎빛 물결과 무지개 파동으로 펼친다,b71327c616e64d678ee1ab4e60512ea2,animationclip,clip,0,1.2,1,0,0,0,0
s_mon_mushroom,포자 살포,monster,INT,1.1,monster,damage,false,4,attack,area,0,0,0,2.5,0,0,cf02e12a319d421ba5a0788cdb0e3b50,1,,,eb7f504670a14802a48cc94f4eb66848,,,,작은 버섯이 갓을 흔들어 주황빛 포자 먼지를 부채꼴로 세 번 흩뿌린다,"3ecce04d2ad849d5be72838a8b366904,2da3abeb3036413c97904244f1f839b4,c3c3d17688584fe497861696ad3a5c61,3520b7305a064f99a852ec9456d18dc3,bc4b56c1a4ca45219e516b9ae2abc832,2aa73c3764cd485bad5613014f562884,d55d27ef5b644422a01830a86632f89c,aedeb2899bae4a749d0a6a752040cb2c",sprite_sequence,sequence,0,0.8,1,0,0,0,0
s_mon_mushmom,머쉬맘의 포자 충격,monster,ATK,1.35,monster,damage,true,6,attack,area,0,0,0,4.2,0,0,e9fd9337e1c345b2b0b319eca6672725,1,,,5da7bb48092947f395e9f76f601323ca,,,,거대한 머쉬맘이 몸으로 지면을 찍어 충격파를 만들고 주황빛 포자 덩어리를 크게 터뜨린다,"899ddc265060424d8517d87664b2ce4d,0b78c17f76e844ee8c57921c547d6df9,3cdb66096e6047fa800c4015f3b6b0b6,d2b23eec1183402992fbfaf7474204e2,78244ae992d8406fab46fd9d53475cd6,2548e01d00184d9a8669242cd718a26d,fde4e094001a47e4887a4a3bbac930e8,2801b3a237234e36a5ce95ee26860840,f82d373711d848a79ff488f628700cb1,334c65844d5f4b2cbf357e46df94057b,6ec0c9c916f34e0fa292e7c34169be9c,357e86c46ce74d4b8c7697a1b863a29d",sprite_sequence,sequence,0,1.2,1,0,0,0,0
s_mon_stone,암석 피부,monster,ATK,0,monster,shield,false,9,defense,self,0,0.5,5,0,0,0,76348de1ce654d5a961d9c64baf7b370,1,,,605da1fc42f34ef4a1468387004a6223,,,,스톤골렘이 지면을 눌러 암석의 힘을 끌어올린 뒤 몸의 돌층을 맞물려 방어 태세를 굳힌다,"e69f3f0977a047b19a2c75b554be26b6,d5ba309905b847b4a2991f54973dfe43,c211839e744b47269eb946d64c455114,65dd8c912a674d16882ea982fed6665a,5ac3dd0e38384c0cafe7f1a98f2f8de8,a9d65f018d774ac6bdc2dc666071808a,12cc423118434edca5ca1c1fe9bfa12c,0f0ebbc5ceed4ead8092d1523b34d78c",sprite_sequence,sequence,0,0.8,1,0,0,0,0
s_mon_horny_mushroom,단단한 뿔,monster,ATK,0,monster,shield,false,0,passive,self,0,0,0,0,0,0,6e2afe97ab51495db2ad9d45be12a6e2,1,,,,,STR,,뿔버섯의 단단한 뿔을 익혀 보유한 수만큼 STR을 높인다,,,,,,,,,,
s_hero_01,슬래시 블러스트,boss,ATK,1.15,enemy,damage,false,5,attack,area,0,0,0,3.5,0,1,1dc02c9673284efb94da9c86e7414eeb,1.0,eaa71284041b4c8390c32ade11286e16,,afbb81b51fed47eaaee26cc403d59ccf,,,,히어로 전투 전용. 넓게 베어 닿는 적을 모두 벤다,,,,,,,,,,
s_hero_def,아이언 바디,boss,ATK,0,enemy,shield,false,10,defense,self,0,0.35,4,0,0,1,52162587bc534b9385af8c77513d93d4,1.0,af4e6abe766e4970a0e90aca58c6cc1c,,,,,,히어로 전투 전용. 몸을 굳혀 4초간 받는 피해를 35% 줄인다,,,,,,,,,,
s_hero_02,브랜디쉬,boss,ATK,1.6,enemy,damage,false,5,attack,area,0,0,0,4.0,0,2,429228115d56462ab0f65e7294a51609,1.0,8b26a0cdb63d455e82d1ca0fddf5e139,,f0c0c4016cf04d0d98886227cab56561,,,,히어로 전투 전용. 무기를 크게 휘둘러 닿는 적을 모두 베어 넘긴다,,,,,,,,,,
s_hero_03,오라 블레이드,boss,ATK,1.9,enemy,damage,false,6,attack,area,0,0,0,5.0,0,3,483690e55c974444aef84df3a6331d93,1.0,5c3501dc981941c5b04c2f690351bce8,,,,,,히어로 전투 전용. 검에 오라를 실어 주변을 베어 낸다,,,,,,,,,,
s_hero_04,레이징 블로우,boss,ATK,2.3,enemy,damage,false,7,attack,area,0,0,0,6.0,0,4,644fc39bcc684c209264eb9d9a4cd6f8,1.0,5308ef85369c4f31843d6e8cde4b1012,,aa92fddf0e404d35bf6406cef6bc7ad5,,,,히어로 전투 전용. 분노를 실어 주변의 적을 한 번에 내리친다,,,,,,,,,,
s_bow_01,애로우 블로우,boss,DEX,1.15,enemy,damage,false,3,attack,single,1,0,0,8.0,0,1,f62b353e3f704eb097e427b7fc97980e,1.0,2ed6be9152eb4bf0b22f4ca6e6fff9fe,,b4c345306d4948f1a0b8cc787fd57bef,64f775829e234918bd65e9d22214bb06,,,보우마스터 전투 전용. 한 명을 겨눠 강한 화살을 발사한다,,,,,,,,,,
s_bow_02,바람의 시,boss,DEX,1.35,enemy,damage,false,4,attack,fan,1,0,0,8.0,0,2,f527f0a168f34f31bd8b17e1059f3769,1.0,01f39ee5971246ed8306bc471d44a1fd,,1e3279c7a29346b68ce69c5abdfe07e2,6294c62288bd46beb2ff548bd8671ee0,,,보우마스터 전투 전용. 세 갈래 바람 화살로 넓게 압박한다,,,,,,,,,,
s_bow_03,애로우 플래터,boss,DEX,1.15,enemy,damage,false,7,attack,zone,1,0,2.2,8.0,0,3,22f848d3e25941d88f3bccaebe6f7f64,1.0,5f2d779cdb8b4cdb9620b2c235e51f25,,82293dd92078489db5580ec7f2c1b6ae,e2a05bd4787543618ffcbbe719288ee8,,,보우마스터 전투 전용. 사격 장치를 세워 짧은 시간 연속으로 화살을 쏜다,,,,,,,,,,
s_bow_04,피닉스,boss,DEX,1.8,enemy,damage,false,8,attack,projectile_area,0,1.4,0,9.0,0,3,fd051469cf104e0bb1597e6930619354,1.0,46198aa7dd8245b59ea37305c57df9f0,,27144cdcb71e40fba845e2f084b257ab,24a41e7c8ab9445589d9b637528b7a1c,,,보우마스터 전투 전용. 불새를 날려 착탄 지점의 적을 휩쓴다,,,,,,,,,,
s_bow_05,폭풍의 시,boss,DEX,0.75,enemy,damage,false,8,attack,barrage,1,0,0.65,10.0,0,4,b4fc4ca0e970498781b49ddfdffe9ff1,1.0,2ba72c9b0bdd4e2fb33269262e9a7dea,,1e1277a1cbce48a3aeb5297b9ca95b01,dccb430baeae4e0293035a3394b5e288,,,보우마스터 전투 전용. 낮은 체력에서 화살 다섯 발을 빠르게 퍼붓는다,,,,,,,,,,
s_mon_axe_stump,도끼 휘두르기,monster,ATK,1.3,monster,damage,false,4,attack,area,0,0,0,3.0,0,0,863967d57c9745fda84dfdb27682c3dd,1,,,afbb81b51fed47eaaee26cc403d59ccf,,,,몸에 박힌 도끼의 기억을 따라 몸을 크게 비틀어 흙먼지와 묵직한 충격을 원호처럼 남긴다,"9709c7c6568c4d71a3b7ed83bfebcaa9,dbc5a0783705434db07ed2527adccc20,bff3f21d458a4be8b8db0ca0b298dd65,a29e6c563f3240f89a142e43e6da99d6,bf93221095bc4798a65db3477d29a3f5,77354053e34142c9b0b3b1748326c8bb,0f43a284c1234a2f922e2a3aeff26b15,c5b75d764cd24f3383d9cdb95e3ddecb",sprite_sequence,sequence,0,0.8,1,0,0,0,0
s_mon_dark_axe_stump,어둠의 뿌리,monster,INT,1.5,monster,damage,false,5,attack,area,0,0,0,4.0,0,0,1b10aa5c127e43c8b67b8e3cd64a737b,1,,,eb7f504670a14802a48cc94f4eb66848,,,,썩은 밑동 좌우에서 검은 뿌리가 차례로 솟아 적을 얽는다,"6b453727715746d3ae204fc3951e3ae3,ee8cbcc6f5af4e8683dcf6d48b64a629,f62d239f0f9f4e00a1b23e3966e250ff,d4fe81a44e894f06b0118bc78b71fd39,71b80676aa0146c19a19f2aef7c25ea0,d7880d1003ea4d329e658ccdc6e919bd,7ae9913ecba04f5eb94b1f44a054e178,6d44181fdb8f489ea84aec35d2ae568f",sprite_sequence,sequence,0,0.8,1,0,0,0,0
s_mon_wild_boar,저돌 맹진,monster,ATK,1.5,monster,damage,false,5,attack,single,1,0,0,0,5.0,0,9cfec7ae0d99456bb583e2db17e8eda1,1,,,f5a9f40c07c645c88e069849a566b4ff,,,,땅을 박차 흙먼지를 길게 남기며 정면으로 돌진한다,"8c2ebfcc557144b89771a2f06c44f157,1a6edaf52e8548568b569b06e5c5e561,b1168c27f75d4ca9922d9388c98de450,bdebfdc5f3b240c99c5caef8ecbd611b,3994833e14824c368ae5c7518ae9bc7d,e22a276e42f647b89a3784a97228503b,73f3c77b9fc2483d9cbf5ffa9584fd74,62b18b03384446af97ca7d07200f363d",sprite_sequence,sequence,0,0.8,1,0,0,0,0
s_mon_iron_hog,강철 발굽,monster,ATK,0,monster,shield,false,0,passive,self,0,0,0,0,0,0,92dabe6725664b49a65b71c8c9ad9933,1,,,,,DEX,,강철 갑옷을 두르고도 빠르게 달리는 법을 익혀 보유한 수만큼 DEX를 높인다,,,,,,,,,,
s_mon_skeleton_commander,뼈 무덤,monster,ATK,2.0,monster,damage,false,6,attack,area,2,0,0,5.0,0,0,580fb483808f4c29b4dfa0961da12c2d,1,,,f0c0c4016cf04d0d98886227cab56561,,,,스켈레톤 지휘관이 무덤의 기운을 깨워 지면을 갈라 두 번의 묵직한 파쇄 충격을 일으킨다,"0a3e1cbb6ffc473884262486187d6bd5,8fbbbcd264814b8f9084d61b528d5625,5f3582b89f944805a28009cbcd0e7304,4e73d36faf7741b2ad3bb4ccc909d9da,0d9e6dbe44e04294af958ee2a0ec738f,860cd685e56b40d5a3ed5e482d744835,6c4c7313c6a549c69b676617eefbd28e,8d34edea0de74ec7856dcc14e5184ffa",sprite_sequence,sequence,0,0.8,1,0,0,0,0
s_mon_fire_boar,화염 돌풍,monster,ATK,1.7,monster,damage,false,6,attack,area,0,0,0,4.5,0,0,f1cdcec07b964736af9c03384ea995f1,1,,,aa92fddf0e404d35bf6406cef6bc7ad5,,,,발굽의 흙먼지에 몸의 불길을 섞어 정면으로 흩뿌린다,"9554c1f79fcb4874b8b245568031011e,f5395678ce0548e69d33adfbaf9ab13b,cf87f6942fc643d897a2064043cc5d95,a1d0a09a37ee4ccd8888dcf659ebfb0d,46f9548cde414ba4b92ad3ac8a445389,d2a18e563ce44e5a95e508034a1aa5e0,42cd43c8d1084112884e473367ec8f98,07dbb124de5e42ee8c5663609137f9e7",sprite_sequence,sequence,0,0.8,1,0,0,0,0
s_mon_stumpy,고목의 생기탄,monster,INT,1.9,monster,damage,false,7,attack,area,0,0,0,5.0,0,0,ccfb3398d2b740e8a1e881f16f380129,1,,,767b7de0d1e9447b91edbaeed49e7c2b,c6b3f052e977479ea5ad5329ce0981ca,,,페리온에서 빼앗은 생기를 응축해 던지고 닿은 자리의 적을 휩쓴다,"e779e28c9b1e4fd2af885272529c1d54,5dbb7d6f37c14314ade0599ea56e2223,4e967aafb8c24ee19e8665a04fc80932,19459826d59c4eac9be6b7663e2ab401,ce5aac2721f64f30af3e1f36d0fa8ff9,20edf1c0539a4f37b32dcf0a95943555,2d7b1d88f7ef4598b3266e12ebc27eaf,4dde5a40e068486280a95ba876533797,15930f5a2887411fb064709c7488575d,9aa08332609c4bc0af009eaa31e10ef8,7dad326e9a484b12bad31778fe0e9866,c3102837d60d45b8926c80ea0392c594",sprite_sequence,sequence,0,1.2,1,0,0,0,0
s_mon_slime,끈적한 몸통,monster,ATK,1.15,monster,damage,false,4,attack,single,1,0,0,0,0,0,79543e5ad88d423ba676e55d69aa432c,1.00,,,f5a9f40c07c645c88e069849a566b4ff,,,,슬라임이 몸을 납작하게 압축했다 탄성으로 튀어 오르며 점액 파동을 앞으로 밀어낸다,0ea4bec10d4c43f3aaded74dec60ca44,animationclip,clip,0,0.8,1,0,0,0,0
s_mon_fairy,요정의 마법가루,monster,INT,1.4,monster,damage,false,5,attack,area,3,0,0,3,0,0,b81a700d0bfc4862845b4fb637daef7c,1,,,eb7f504670a14802a48cc94f4eb66848,,,,날개에서 마법가루를 두 번 겹쳐 흩뿌려 가까운 적 셋의 마력을 뒤흔든다,"920f73e751a649e8ad8706f2659ac036,977f3c8366134af9a3b81eaefb859546,436526afb7184c4cb0c8a75d61913bd8,76e07fba10a3433fbc3f8164d31e9d90,447e0f9c328e4dc2ae5a337392f7b936,555e33ecbb1e45d196f76cf2e7e7f2e9,9d5caf2a988e468f94d2c1e7fd7a790f,31bd0f4576b749569ad3762724488720",sprite_sequence,sequence,0,0.8,1,0,0,0,0
s_mon_dark_stump,단단한 밑동,monster,ATK,0,monster,shield,false,8,defense,self,0,0.45,5,0,0,0,a58824613d0b498cb3407c1e570ca4c8,1,,,605da1fc42f34ef4a1468387004a6223,,,,다크 스텀프가 땅속 뿌리를 끌어올려 밑동을 조이고 초록 방벽으로 굳힌다,"78e0734c92424c0eace65af662946ea9,989f4a6332ac48b0b6a1e9869c28d579,5a05ce6a351a4bdd91f0116f85e401be,b6d3c2c4a868410a9301539c58397810,725632e8526b43bca28f3b664873037d,be33e45d1b814a1fa9b879c9c35a2e37,e9999b4056ee46e5aa74e21b5219e513,54983d0bde5543b8914fa4642509c352",sprite_sequence,sequence,0,0.8,1,0,0,0,0
s_mon_bubbling,물방울 마력,monster,INT,0,monster,shield,false,0,passive,self,0,0,0,0,0,0,c0c1228427034f848f875368ce53365c,1,,,,,INT,,버블링이 머금은 맑은 마력을 익혀 보유한 수만큼 INT를 높인다,,,,,,,,,,
s_mon_faust,저주의 인형,monster,INT,1.55,monster,damage,true,6,attack,area,0,0,0,4,0,0,c08b9d79749c45f3b5dbcde677b0886d,1,,,0e3a97f6a83844859166d34a5a56b507,49b21aaa1d574ba787149841a31bf1a5,,,기묘한 인형에 저주를 실어 던지고 닿은 자리의 적을 휘감는다,"4c2bdeb65c9e40d3851c96d3b1879a32,f4ab94884eb04a45a0b37e61a54fe641,a3c3c1b80078436da361be633612ede2,54c94d187e064336a429aa8eb7a65246,ac8d9ee77e904e5dbc9f206f5a89aa02,ad619783f597410191aa2cf61426390e,9ac7d32d4ac844a2912e1e464688c782,572e9c279c68447c8b8bbad8b7e08170,5307702f2e0547e787d6f164b7d8fa7a,e4f7ffc053484cee980d6654bbded6f9,01c9fd4bd702417a9668753b713bc375,5659664bd3d741b284f01c0bb4fc9f73",sprite_sequence,sequence,0,1.2,1,0,0,0,0
s_mon_octopus,먹물 폭발,monster,INT,1.65,monster,damage,false,5,attack,area,3,0,0,3.5,0,0,8934b8fd498248e79aceefea2019c608,1,,,eb7f504670a14802a48cc94f4eb66848,,,,바닷물을 밀어낸 뒤 검보라 먹물 덩이로 가까운 적 셋을 덮는다,"3633aa96aa454eef9ae7e59e168c649f,891f74b98d044773a410e27f140f3d94,06fa590c6e184f718e64af5b5b6ee6b4,6f69fcc27801407d93195d464022e954,0afc44ac09b148a489e9202cf52b81a3,68400502b4fd4e68b95755d4f8ac81b6,e0695277d46d44a283f048543260232a,8bdaf5ffbc73439a984af2d5284c7bfe",sprite_sequence,sequence,0,0.8,1,0,0,0,0
s_mon_stirge,밤의 감각,monster,LUK,0,monster,shield,false,0,passive,self,0,0,0,0,0,0,5d106e419f2a4cc3b778ea6d29b27757,1,,,,,LUK,,어둠 속에서 무리의 움직임을 읽는 감각을 익혀 보유한 수만큼 LUK을 높인다,,,,,,,,,,
s_mon_jr_wraith,망령 충격,monster,INT,1.8,monster,damage,false,5,attack,area,2,0,0,4.0,0,0,493884af48ab49a78d0fac7aa8c5de7a,1,,,f0c0c4016cf04d0d98886227cab56561,,,,망령의 냉기를 퍼뜨려 가까운 적 둘을 내리친다,"b5aa73922c624a7aaabb3aa94fe66336,e55e6931d5854e83b1b78948272fbec8,a97b58395f484c46a1c748c72a40870d,e746c4a1b5de435d80baa4f898202bc5,0dbbd233429746f0807ac9c19083e9f8,4cdc14dce45744debfb576db2e451b6b,dd36e56dfd5c4050b8e6287e5ec04472,f6418104329e4fcf8f0610016db02c28",sprite_sequence,sequence,0,0.8,1,0,0,0,0
s_mon_wraith,원혼의 기운,monster,INT,0,monster,shield,false,0,passive,self,0,0,0,0,0,0,6e96f02743e049429c9defd3ef464310,1,,,,,INT,,지하철을 떠도는 원혼의 마력을 익혀 보유한 수만큼 INT를 높인다,,,,,,,,,,
s_mon_shade,심연의 장막,monster,INT,2.1,monster,damage,true,7,attack,area,0,0,0,4.8,0,0,8b3a46d1198a4d9bb22ea961654ace84,1,,,5bae51ff66374f2e93fa1cdd9f972f47,,,,깊은 지하의 그림자를 펼쳐 주변의 적을 한 번에 삼킨다,"4919dec4978b4b7da766fadd900aa08a,5d923997b052486aa28e8749a9affcac,6bd2c12bbfb542bca4862965e93ac15d,e93ac3d67f74439597f49e2fc6231509,19f31891d51b4a2fbb2defe395823c49,a4309d4709404ad7a25ad8f3c1e23b68,e3e935b3434947f8bc45538a2917f057,10595b0c90904810947145ea438776e1,6c94d904e5de49a7b6564662d3067ec3,e5c7a3946643426e97dad0951e5446c0,66b8a529f650449394f0b0f5f4f065c7,9e99dd9ef9804d5fafb7f8df60f616e7",sprite_sequence,sequence,0,1.2,1,0,0,0,0
s_mon_ribbon_pig,리본 돌진,monster,ATK,1.8,monster,damage,false,5,attack,single,1,0,0,0,5.5,0,a2dea40f86164551866400f7db4ac782,1,,,f5a9f40c07c645c88e069849a566b4ff,,,,리본 돼지가 고개를 낮추고 붉은 속도 잔상과 흙먼지를 길게 끌며 돌진한다,"4366010a86b442e49ec6fedb503bb8b0,0b902ff118be41a2b2dc92bbb8803848,fb012a83346d4b1682458b36093a10c8,4b0e73fcdf51411da9525e90175dff35,fb6975ffc1d243caac830a3d4ad2cb79,dfb5608af50b4c3fb4c5745c141abed9,8bd5a440a3964582ac55a223152ab570,c33816c229044a73bb6fe3ee7c275fc2",sprite_sequence,sequence,0,0.8,1,0,0,0,0
s_mon_blue_pig,푸른 리본 매듭,monster,DEX,0,monster,shield,false,0,passive,self,0,0,0,0,0,0,7b47a3a139ff4da696137caa5413dd52,1,,,,,DEX,,거친 파도에도 풀리지 않는 리본 매듭을 익혀 보유한 수만큼 DEX를 높인다,,,,,,,,,,
s_mon_starfish,별가시 회전,monster,ATK,1.95,monster,damage,false,6,attack,area,3,0,0,4.0,0,0,76e9165c2a64463c86c52f491fd066d6,1,,,bff845e488fc4d2095511c312872ded5,,,,불가사리가 몸의 다섯 가시를 축으로 회전해 물보라와 둥근 파도를 가까운 적에게 흩뿌린다,"6137c33ecb9341b3aea02271d7a69209,37ab625d70034045962a86abf355cf12,e951ff9b459c423694739f9c924820d4,ae9e436c2dd34ff3b0102264c4364a15,594fa6ccccbe4eb39d84c03d22a8eb53,3c6ba0d82faf4290a4b8abc430ab4a13,8a5a8ae4f6a148579f0e912ebc297235,55cb6305fbde4b93a25574d492484566",sprite_sequence,sequence,0,0.8,1,0,0,0,0
s_mon_jellyfish,차가운 젤리,monster,INT,0,monster,shield,false,0,passive,self,0,0,0,0,0,0,89695a39f8fa4fab9f89ddfc461f184b,1,,,,,INT,,차가운 젤리 속에 저장된 마력을 익혀 보유한 수만큼 INT를 높인다,,,,,,,,,,
s_mon_jr_balrog,발록의 화염 파동,monster,INT,2.35,monster,damage,true,8,attack,area,0,0,0,5.2,0,0,a3f5f0d3d0934cbc9405cd604270ae77,1,,,dbc755c0609e45f39f6b76a5ed119921,,,,금지된 제단의 주니어 발록처럼 날개 아래에서 화염 파동을 터뜨려 주변의 적을 휩쓴다,"0e20724107234998aec25d4db167b10e,ac3911733a2c460c95c6ede2bb384a3c,bc8c9a06f0f34a7e950f8b51fb1e6898,b07078fcef5442819d02d0966dae442b,11bead92255d4008a03dbc5925fb88eb,886e44ef41c447d1bc5ea7bd3033ad0b,275f0254e2e340768fc644120447fcc5,e76c0c4120fe4c6aa1ef89a07c853a22,8a7e5c7f52464301811005d741574448,5effe21c29e648fe9bc0e088eacbb734,29e14411bf3140b789f97e7c44b72e4f,776bdbc2256a4147b2dbad97e8bcf59f",sprite_sequence,sequence,0,1.2,1,0,0,0,0
s_mon_zombie_mushroom,죽은 포자의 끈기,monster,INT,0,monster,shield,false,0,passive,self,0,0,0,0,0,0,b34a7a467be446c1b66d28a20aa52a20,1,,,,,INT,,죽어서도 움직이는 버섯의 포자 생명력을 익혀 보유 수만큼 INT를 높인다,,,,,,,,,,
s_mon_copper_drake,청동 비늘,monster,STR,0,monster,shield,false,0,passive,self,0,0,0,0,0,0,6f984a42ef9e4116ae0e2b1875f83339,1,,,,,STR,,습한 동굴에서도 단단함을 잃지 않는 비늘을 익혀 보유 수만큼 STR을 높인다,,,,,,,,,,
s_mon_drake,동굴 용염,monster,INT,2.45,monster,damage,false,6,attack,area,3,0,0,4.6,0,0,98506e84fbde4ce083f1cff8c431b80c,1,,,,,,,드레이크가 품은 동굴의 열기를 전방에 터뜨려 가까운 적 셋을 휩쓴다,"e95e9bab373643caaa44e7e9eafd6fed,9f88c4d0660a49dc9b0fe489eee04b52,bf1394f6400942f48d2028c28bfc0f87,e9d6283683584988a7c02b70ba75a314,fab8c492f5154aed8d7e5bbfa1323e1c,8390104e3a674f1bb72371eb181310d5,bdc5ee797df3437fb5302d3c3477a908,ff3d76fe90474d3eb0556b16b4a962f2",sprite_sequence,sequence,0,0.8,1,0,0,0,0
s_mon_wild_kargo,야수의 그림자 돌진,monster,ATK,2.55,monster,damage,false,6,attack,single,1,0,0,0,6.2,0,d5f918a66acc4c379a9831acc4f3b8e3,1,,,,,,,저주받은 신전을 지키는 와일드카고처럼 낮게 몸을 숙여 빠르게 돌진한다,"f48da5e1ea1b408f9f23e370ed9f5bfe,1d9f0d465bd04d9b95926083b08ad774,55a5da1b79fe4b7aa8aee3c770b47482,2e0d40441ef5430ebe082b59847297bf,24cb7dd9cc3148679f1f40b9008fc183,716915dea2704bd0836a5420c6c3e94c,57e1d4253d1e4643991a54f5dd6e51c7,6ecb7a65a9ea4f2bb19c77763001b835",sprite_sequence,sequence,0,0.8,1,0,0,0,0
s_mon_tauromacis,수문장의 낙뢰,monster,INT,2.8,monster,damage,false,8,attack,area,0,0,0,5.4,0,0,ee37ae932b544b19958aa2dac41ab1fd,1,,,,,,,저주받은 신전의 수문장이 창끝으로 번개를 불러 주변을 내리친다,"dc4293d1e34940f6ae85e05a6b66ffa5,003082142d9c4e508d1ca2f11015a070,0125bf9d9793409fad770651d055a6ff,c318c11db59d40c6892bf7aba767743c,766cb3e4c2af46458057be333ff71ef8,07154d657d4249d9a5d20483e0e60716,2afcacc46cef4fd2a913cec3b1cf5564,5bc2954bd0614fb2b2f2105493da228c",sprite_sequence,sequence,0,0.8,1,0,0,0,0
s_mon_star_pixie,별빛 탄환,monster,INT,2.45,monster,damage,false,5,attack,single,1,0,0,6,0,0,c47f536c508d4497887aa10c46188fdc,1,,,,b61e7e2a50b2405794f88fdddf44b73a,,,스타픽시의 작은 별을 쏘아 한 대상을 밝게 터뜨린다,"47afd9e3b8cd4085ba9a6e71539aca18,607e1a40235e46a7a6ef93eb3d258bea,8214af8b6a1c488bae422d91d28a6200,a57b387b12aa4c9e90e9ba75aee28df2,99251e81a23a49e18bb12f9ff5a410bb,48ce66329a1645ff9ae05f6d929cf8b2,e8d4f2be400a4a5ea84cd572fe3aa139,7ff631629d2145e4b42225f4f597f1e3",sprite_sequence,sequence,0,0.8,1,0,0,0,0
s_mon_jr_cellion,붉은 뿔의 기백,monster,STR,0,monster,shield,false,0,passive,self,0,0,0,0,0,0,291ba49f71d7455dbae84451b95b3291,1,,,,,STR,,구름공원을 뛰노는 주니어 샐리온의 기백을 익혀 보유 수만큼 STR을 높인다,,,,,,,,,,
s_mon_lunar_pixie,월광 구슬,monster,INT,2.6,monster,damage,false,6,attack,single,1,0,0,6.4,0,0,14038bdf0e2843f9be20d8cebff8f4f3,1,,,,4f6509d9539f4d76a9bb4e8f17e12cc7,,,루나픽시의 달빛 구슬을 날려 닿은 곳에 푸른 섬광을 남긴다,"9044ef3744be49b9b1c5c02e60599316,4656192b73f14feca92c0b95a1b2b53b,be38531f64824659b0ef12856840ba61,34eec17abb0743a1a0c5031b6008369c,bc8cb020661d475b9b2ae182ef8f9648,1b9f1b031a414f7c9928f07445bcc308,baf47aab551b4ce69a39ed0418126885,c5514324680e416cb30decdb6cd293fc",sprite_sequence,sequence,0,0.8,1,0,0,0,0
s_mon_luster_pixie,태양빛 잔상,monster,DEX,0,monster,shield,false,0,passive,self,0,0,0,0,0,0,bd3610e81e624930888286f64ca89917,1,,,,,DEX,,러스터픽시의 눈부신 궤적을 익혀 보유 수만큼 DEX를 높인다,,,,,,,,,,
s_mon_eliza,여신의 정원 폭풍,monster,INT,3,monster,damage,true,8,attack,area,0,0,0,5.8,0,0,e5d3e3c8f9d347908af4142103476c75,1,,,,,,,잠에서 깨어난 엘리쟈의 분노가 경고진 뒤 폭풍처럼 정원을 휩쓴다,"dab56e9f13b04c2c96e37f2595343a30,d0ac7b471a064edc9648228d0eee6359,51dbf7e99c13455ca96f089e64839933,4b28965cfa8a4959bcb99303e13432d8,5fe7e5c299034d0585bc463b017bd687,2e247d13632b4cb892f81988d4c58385,6b7fedada3c048f6b22169546847a3e7,349987f4516f43f68a990e6cdd247a0b,150f2f1e1f594a2ca80136f816fec6b2,874114deab4942a99b3207b8a2a65842,cb8af9e059084e83b7c351f3df3fb703,e4fef87ff53a452584ee6fc70d1f909e",sprite_sequence,sequence,0,1.2,1,0,0,0,0
s_mon_jr_yeti,설인의 체온,monster,STR,0,monster,shield,false,0,passive,self,0,0,0,0,0,0,7ebe8a1857cc44c8bd78876e9e4b88a7,1,,,,,STR,,눈보라를 견디는 어린 예티의 체온을 익혀 보유 수만큼 STR을 높인다,,,,,,,,,,
s_mon_dark_jr_yeti,검은 설원의 은폐,monster,LUK,0,monster,shield,false,0,passive,self,0,0,0,0,0,0,cb65dd5a6aca44d894882c8c575ab95d,1,,,,,LUK,,검은 눈 속에 몸을 숨기는 감각을 익혀 보유 수만큼 LUK을 높인다,,,,,,,,,,
s_mon_hector,설원 늑대 발톱,monster,ATK,2.75,monster,damage,false,6,attack,single,1,0,0,0,6.5,0,c479f357cbc6428ab191872148ed2c2b,1,,,,,,,헥터처럼 눈 위를 미끄러지듯 파고들어 발톱으로 한 적을 찢는다,"6e86291f9cfa46ed9fc56126c571fb09,cd2d3d2f5c86488a8de76885e77843e0,c9f1e1b5376f414ea8970c351f684184,f258a85120474c7890d1a8cbceacb94c,bfa48061aeca43ecbfcf82bf92a0a9be,5b04036d3ffc42bd988002e656a98bdd,2fa44c6647a548c6a34719f37ecaccd4,abc167612b3d4576b27427ca5675fb22",sprite_sequence,sequence,0,0.8,1,0,0,0,0
s_mon_white_fang,화이트팽의 빙설 송곳니,monster,ATK,2.9,monster,damage,false,7,attack,area,3,0,0,4.8,0,0,217ce110ecd340a38f62ea71e7e40243,1,,,,,,,화이트팽의 돌진에 얼음 파편을 실어 전방의 적 셋을 물어뜯는다,"51c45d07ea6d44089404dec22dacd8ce,61a219d969c549ed9b8850c640d3be35,ead46375a7c34e3681463ed63eb28a6d,bfb6a623c9a04b63a88727b1aed15721,2679fcb7170748f59fb5eb12d97cc3e5,be340f387511437facf7e00ffe058a2b,a283210f78e942748f5b7b7767007436,6d3c06ab0c354a12a765493814d3efa0",sprite_sequence,sequence,0,0.8,1,0,0,0,0
s_mon_snow_witch,추방자의 눈보라,monster,INT,3.15,monster,damage,true,9,attack,area,0,0,0,6,0,0,4b0bf6c141664d699983ef4c2c1f1fda,1,,,,,,,금지된 마법을 익힌 설산의 마녀처럼 얼음탄과 눈보라를 연달아 펼친다,"38d1ceb16e1446d4b033db6f1e74cc47,fda5e1f81a8f40fabc2b67b5a2a86d12,ee22ff3e5a3246d298a8f9b4aaa04f58,0dd7982780cb45678de913f29fb4d0d8,6a34997e32714346b5bfe7ac07cb24d2,ccc21f7376064686989d4d2241696c86,63795c7fb0c34fac8f019d031a382d2a,7a7f3d48f417445baba8892fe6feaa3e,62f131b6e08942ee975f4e352c89824c,fb7257f438ae4685a6f21f3090eac24a,74b063736b9844498c23bbf6c3f4a563,07201c5c020240158491e6113d3a1dec",sprite_sequence,sequence,0,1.2,1,0,0,0,0
s_mon_bubble_fish,기포막,monster,INT,0,monster,shield,false,0,passive,self,0,0,0,0,0,0,6f4d1eb8591a4ce78771981da1483483,1,,,,,INT,,연안의 수압을 버티는 버블피쉬의 기포막을 익혀 보유 수만큼 INT를 높인다,,,,,,,,,,
s_mon_mask_fish,가면 아래의 감각,monster,LUK,0,monster,shield,false,0,passive,self,0,0,0,0,0,0,c4f2fbba76cb4c048cf31c192fde9c4b,1,,,,,LUK,,산호초에서 몸을 감추는 마스크피쉬의 감각을 익혀 보유 수만큼 LUK을 높인다,,,,,,,,,,
s_mon_squid,심해 먹물 폭발,monster,INT,3,monster,damage,false,7,attack,area,4,0,0,5.2,0,0,396cc922ef15461aaac39f62b6dd7a8f,1,,,,,,,스퀴드가 짙은 먹물을 폭발시켜 주변 네 대상을 어둠으로 덮는다,"765cc9855e8b489bb3bbacd1ccf16ede,c36767a6ec154118b887f836c6ac33e4,18419bdf28944cb091107c9ea8706f5b,bba98f68cdbb43e08452bd96a7ddd1fb,6eeda6f31ac04ef8a1679675a4aed038,14fd7e69fde145fbab1e8250f66b26ff,a6d982ca9f184fcca459cbb52c70a509,92568b2d60ba46338cd17032e1e50331",sprite_sequence,sequence,0,0.8,1,0,0,0,0
s_mon_shark,포식자의 수류탄,monster,ATK,3.15,monster,damage,false,7,attack,single,1,0,0,6.5,0,0,422cb310431f4ed9822a5fd230e96fcd,1,,,,209c4567073b424e8d445cea7efb80e3,,,샤크가 사냥감을 향해 압축 수류를 쏘고 송곳니 충격을 터뜨린다,"a7e9567aa4fd4222a3779e37962036e5,1678e51c919345dbbb26cf09cb0b0e5b,52807bb578734850b4ee786bff2d3464,2add82619ba24cb68dee6a15f76c0f9e,e0c490b9708840a4b82be3ba8f7dbfd0,2f46ae581cae4eb1b65906e746c5ab3a,ca58dfa1cc894addb9694e9d6d033ef0,18cbfae59aa3406a8d2a811dcbe8733a",sprite_sequence,sequence,0,0.8,1,0,0,0,0
s_mon_pianus,심해왕의 광선,monster,INT,3.45,monster,damage,true,10,attack,area,0,0,0,6.8,0,0,315839e0c5754b21b8156fce0e52588e,1,,,,,,,동굴에 몸을 숨긴 피아누스가 입에서 심해의 광선을 뿜어 넓은 범위를 쓸어버린다,"fa51b93f5b2544c99ec2c024574a94d5,9e4211b3b2194f72afc8437233d7c2f8,6bffac5d5c304a089f68b29e9257a5ff,94d5fc01b21d4794a9f151d1d535dc75,8b88aebfbc3c419bb78b4467fada9e99,137c818289ba41a2a6c5b58f530fbe90,9e99a417fd8d49fe800021807b7e478d,eeb337e878eb413390c0cc11ab181e2d,4ca83230140f40d9bd6e83385bfc8c07,1e7460c0095b4e039f7e5a85049cbdbd,7a7aa8e4543d417fbd95381a4c4b3335,0e85ce0bae0441189dd03ab99348e5fd",sprite_sequence,sequence,0,1.2,1,0,0,0,0
s_mon_ratz,태엽쥐의 민첩,monster,DEX,0,monster,shield,false,0,passive,self,0,0,0,0,0,0,f6cc2742c9044dd4a76557c658c6bcf7,1,,,,,DEX,,에오스탑의 좁은 장치 틈을 빠져나가는 라츠의 감각을 익혀 보유 수만큼 DEX를 높인다,,,,,,,,,,
s_mon_drumming_bunny,태엽 북진동,monster,INT,3.35,monster,damage,false,7,attack,area,4,0,0,5.2,0,0,1451fd9f2d94430a8b8db603f65d6a9c,1,,,,,,,북치는 토끼의 장난감 북소리를 압축해 주변 네 대상에게 진동 충격을 퍼뜨린다,"38898190f6e546ee8877ad51f2cbdd98,9104b0c5f518448d8c6f20fc5b3c888a,5d5c674fda194b11955fa6bb81c4eff1,a0382cbaa91d4a3882d9a19d83b49d81,6018f0a592a04ade9c066c3352c3ef8a,e40fbcdb861648a299620988f6a05012,086037154f3c4b61b1fea7e535253868,efb4e29a2d2b4c97920b1e3d7d6c3285",sprite_sequence,sequence,0,0.8,1,0,0,0,0
s_mon_bloctopus,블록 위장,monster,LUK,0,monster,shield,false,0,passive,self,0,0,0,0,0,0,fbcf38f419834f1cb8668d7d80a4bd3b,1,,,,,LUK,,장난감 블록 사이에 몸을 감추는 블록퍼스의 위장을 익혀 보유 수만큼 LUK을 높인다,,,,,,,,,,
s_mon_king_bloctopus,왕관 블록탄,monster,INT,3.5,monster,damage,false,7,attack,single,1,0,0,6.8,0,0,0ae68ed9df0c434c8d676a5060338130,1,,,,a2da67e687994755a8943c2bcf871902,,,킹 블록퍼스가 왕관의 자신감을 실은 블록탄을 쏘아 한 대상을 폭발시킨다,"9210098f2979422fa7f9d5a3b0d4a493,47df54dcc9bf4977a393edacf26b29d9,43ad8b50c42a444b8c44c13bb9c58a90,11f2833235d446e4b6e07c36d7d51045,3c29babeb1974a9f99d3940e9359eca4,5439e06638344d48a77eebe47ca4d6d2,b71eca02b20c4c21b5c812fbce41a2af,63e61037a0ed48d081ea11d0d52e3613",sprite_sequence,sequence,0,0.8,1,0,0,0,0
s_mon_rombot,에오스 중력파,monster,ATK,3.8,monster,damage,true,9,attack,area,0,0,0,6,0,0,69e93a91ff9b4e6c8084b8530adbf121,1,,,,,,,숨겨진 탑의 수호 기계 롬바드가 장갑의 동력을 터뜨려 넓은 중력 충격파를 일으킨다,"0b84b64ad28d4494a6113b99207791d4,6df1cad4a1d44ccf891992d6ae342c45,ec9c03ddea29497a8ef4c2cf489f8374,7bf60df656034ea7900dca4c68e6ea82,be6ee48699c245f4b04b1e248b6bc256,7b5068a2805c4503951d6d2e0bdf13b7,228c342b791141fc9beca616e059647f,8461501a9bf64582bd2b27fbfc9257d0,f6bc62e831da4cf9a731c0d26c1c867b,62a5dcbc87cb40fc98f470339688403b,2447dfbd141d4c6195999a3c9822152a,6e4d74282f824b0cabfd86b385d49f79",sprite_sequence,sequence,0,1.2,1,0,0,0,0
s_mon_brown_teddy,솜인형 완충,monster,DEX,0,monster,shield,false,0,passive,self,0,0,0,0,0,0,1fc1a22577b6404caf930354e057a5af,1,,,,,DEX,,태엽 인형의 부드러운 솜이 충격을 흡수하는 성질을 익혀 보유 수만큼 DEX를 높인다,,,,,,,,,,
s_mon_toy_trojan,태엽 목마 돌진,monster,ATK,3.55,monster,damage,false,7,attack,single,1,0,0,0,6.8,0,614d0439bbc34596948a76056740bbfd,1,,,,,,,장난감 목마의 태엽을 끝까지 감아 전방으로 내달리며 한 대상을 들이받는다,"3a8fd59df1c64c9a9640165436d2e360,826be63130dd4e18ae5b5bb948f9619f,c51fdc3b3fc74a67a0bead35da586a8f,a97b91c201b348b0a54a6609e1cbb3ab,7c5cb00154b64597aae0134696a35b2a,54be8061b63349fa9bd9d0b0ac402fc7,42d9b57ef9864aac8c7d652bf2ea5af6,830930c93e5940bf8a521491e9418f97",sprite_sequence,sequence,0,0.8,1,0,0,0,0
s_mon_master_robo,정밀 태엽회로,monster,DEX,0,monster,shield,false,0,passive,self,0,0,0,0,0,0,7e7bc39c54bf4fdab52298b6dc9ce693,1,,,,,DEX,,장난감공장의 마스터 로보가 가진 정밀한 태엽 제어를 익혀 보유 수만큼 DEX를 높인다,,,,,,,,,,
s_mon_chronos,크로노스의 시간편린,monster,INT,3.7,monster,damage,false,8,attack,single,1,0,0,6.5,0,0,110a3cbbdc63450ea4b753e839c3549c,1,,,,,,,시계탑에 쌓인 시간의 파편을 한 대상에게 던져 순간을 비틀어 폭발시킨다,"16261045606f49cba66fe7b58eda89d8,8d84ba7922e6425bbbf92eb0bbd7d677,b6bfc354df09468e89b7b0f5eacc5605,f12a1f2fc493433c8a5c8c2afbe729e2,6f4b690cb3f146e0aa569452a3fed6e6,343f70e340014eb1a637d583bedfbe0e,853827c299a641beb36cf55d0f3c7b5e,667c3e8234e14314b15310030dd90911",sprite_sequence,sequence,0,0.8,1,0,0,0,0
s_mon_timer,시간 정지 충격,monster,INT,4,monster,damage,true,10,attack,area,0,0,0,6.2,0,0,8f6be02009d64c54922a6d1316cc0454,1,,,,,,,시간의 소용돌이를 지키는 타이머가 종을 울려 주변의 시간을 멈추고 충격을 한꺼번에 터뜨린다,"7278349b9d9a4ad88dfdb6fc2a036d6b,af96f6bb5e044705a574d4d3a185194a,e26fa49ad4594f2ca70219fdc0bd9af3,ac3427d6e38540b2ab4ed485c7cea2f4,cb921f8f28ea474f96e215ee69a9a9b3,ba1437f500c14c2cb1b24206a7e8ba0d,899de51b901942a19132fb63ad2b72cd,046d103cc12f4d7e91162a0102b4db48,042c28eb21cb4c818fd24eeac7879fcb,6f9cbbdbff7b4978bd8cc726bf2da8cf,c3353868c60048028ad0b3596fe06f06,8705fad2f5de4916bf302a806de499e8",sprite_sequence,sequence,0,1.2,1,0,0,0,0
s_mon_white_sand_rabbit,사막 굴착탄,monster,ATK,3.8,monster,damage,false,7,attack,single,1,0,0,6.5,0,0,16e3e641990f416ab5f1fd5eaf11e487,1,,,,,,,흰 모래토끼가 땅속에서 모은 모래를 탄환처럼 차 올려 한 대상을 꿰뚫는다,"9e1efc87c9ef40be8a970fcdef02fb48,c06f3020ffcd4a6ab14961af7852ca0a,92d8de6cefb14117bd4006a57b704778,2866b0f05f7f42faba3d327230fa28dd,139d1bdd46b34cbf9d799c8957c45caf,25be243eb4fe4358aef7a701fa530f8d,bc2a29be7f7044b6b16d0d12e5be811b,732b2455a2924d38813ebb890a9a64bc",sprite_sequence,sequence,0,0.8,1,0,0,0,0
s_mon_scarf_plead,목도리의 사막감각,monster,LUK,0,monster,shield,false,0,passive,self,0,0,0,0,0,0,c9a088e775fc416b839e1434847ea597,1,,,,,LUK,,거친 모래바람에서도 방향을 잃지 않는 목도리 프릴드의 감각을 익혀 보유 수만큼 LUK을 높인다,,,,,,,,,,
s_mon_meercat,미요캐츠의 모래매복,monster,ATK,3.95,monster,damage,false,8,attack,area,3,0,0,4.8,0,0,0b27a819e3da41c089602e744691117f,1,,,,,,,미요캐츠 무리가 모래 아래에서 동시에 튀어나와 가까운 적 셋을 기습한다,"58c540e8010849fca233cf463db14644,266a890d8b3046d397aa578dcd6b32b7,7b3564942b9a4bcfb5cb4001b10d541b,add5898f2139481db897abd9a94f8e39,a199952c4427441c9712bae319b115f6,0c392fd5b0a847ef9714e1fbd37b0021,9aafab61dc734a4bb2c17ef6b6391029,9ad6961246034fb9848e49071368a63f",sprite_sequence,sequence,0,0.8,1,0,0,0,0
s_mon_sand_dwarf,사막 대장장이의 체력,monster,STR,0,monster,shield,false,0,passive,self,0,0,0,0,0,0,1b753926d7784650a0373b276cff8701,1,,,,,STR,,모래난쟁이가 사막에서 도구를 다루며 기른 힘을 익혀 보유 수만큼 STR을 높인다,,,,,,,,,,
s_mon_deo,잠든 선인장의 폭발,monster,INT,4.25,monster,damage,true,10,attack,area,0,0,0,6.4,0,0,7dee23b3ac424f69905279cdd8640013,1,,,,,,,오래 잠든 선인장 장로 데우가 뿌리에 모은 열기와 가시를 폭발시켜 사막을 뒤흔든다,"5fd6cf5eaaf142b3b148c26accb00969,0335277499504659bbe1ad27bf499bee,67663cf74b6a401f9fb1a815dbd2a5c1,8a5d72bf3e2248fd9a2f4ca279e0b87b,f3ca1d9dc0fa4fb89bb2ba6c19a46cd4,26d8e36024274e7dacc08099afa56410,54774fd5061a48ca8d765016297fcdde,864969b6a3774e10b6d40b816b95712f,bd357d42340c4b0283fbb7593b600d64,770f8c3fe23347fb9c70bfd8e55bd0b8,abf03dfce060474fb819e66aee5f6748,31dd314347a744308931709da8898655",sprite_sequence,sequence,0,1.2,1,0,0,0,0
s_mon_cube_slime,연금 큐브막,monster,INT,0,monster,shield,false,0,passive,self,0,0,0,0,0,0,d6b1065422854fbab3ec53fa554e72ab,1,,,,,INT,,실험실의 용액이 정육면체 형태를 유지하는 성질을 익혀 보유 수만큼 INT를 높인다,,,,,,,,,,
s_mon_mithril_mutae,미스릴 외피,monster,DEX,0,monster,shield,false,0,passive,self,0,0,0,0,0,0,34a217531eda463481061d5b7a976b4c,1,,,,,DEX,,알카드노 연구소에서 금속으로 강화된 뮤테의 외피를 익혀 보유 수만큼 DEX를 높인다,,,,,,,,,,
s_mon_homun,플라스크 독무,monster,INT,4.1,monster,damage,false,8,attack,area,4,0,0,5.4,0,0,dee84606a7fc4def9229d0e93f6826c2,1,,,,,,,폐쇄된 연구실의 호문처럼 플라스크 속 불안정한 용액을 퍼뜨려 네 대상을 독무로 덮는다,"26bb8ae99de84ccfa1150026119590b4,d1afd8e434c944de91b1d4d5ed06e1ac,02713545781f462d9c44ed56b363b037,01a724db790f492c86d5f0ea7158537d,e61b329082ed4308b306e4946d3be37b,94d5625390be46b28ec3de28d872ca79,9e5af5b0b41f4323adbd047e54459a9f,99df7f64f94b423c805a3e6d3707cb89",sprite_sequence,sequence,0,0.8,1,0,0,0,0
s_mon_roid,알카드노 에너지탄,monster,ATK,4.2,monster,damage,false,8,attack,single,1,0,0,7,0,0,14b589cf6c7d4e61a18e0e98d7dfe0a0,1,,,,e51545cbf94349f59f4431e2e76d2cdc,,,알카드노의 전투 로이드가 압축한 연구소 에너지를 한 대상에게 발사한다,"4d70a45425bd40169549ffdc4c0d3235,e54b9a29c41f4eac8deff5bafcf7eb60,47f27b56c1e1462eb205a76af9d78ca7,b69c5c8deb784fe09d493bd97b68def5,05e0bea43ff546f7b23d0690c11c56c3,944540f324254646a3f2727b7216995d,d5eb04cd2ba24cddbbd90fd3a31e7022,8a557b8539e44e438291412efbbd6874",sprite_sequence,sequence,0,0.8,1,0,0,0,0
s_mon_chimera,융합체의 산성 포격,monster,INT,4.55,monster,damage,true,11,attack,area,0,0,0,6.8,0,0,aa101fafd18844c794398b1eea7bb0d5,1,,,,ab113d9a5ca5402d85ecc2ab7a4f51a1,,,서로 다른 생체 실험이 합쳐진 키메라가 산성 탄환과 연금 폭발을 연달아 쏟아낸다,"885257371dc54d26a23cd2ef30f838cf,bb809d7e3ade43a8a647dd74d12e9714,2bf3dac362cd4aaba213303a847ee30c,2d364cddb7ad48cfb9e3bfed71184d3a,30c4fbf39bbe4e2aa78304e01be6fb5d,a08ea4bcafef402cbb431ad774454ac2,098040ca047a45408fd9937128191059,0022536a6bdb4948b93ff5faeeda8aee,92f66de6a7a24298ac4c14df2ad1b4a2,12508c468dc04f41afda0a67eed16d57,1ae7604a3fb64765b2509e8cb369e29d,96d6f0b1b84342dc98832317318a9009",sprite_sequence,sequence,0,1.2,1,0,0,0,0
s_mon_king_clang,왕게의 집게 파도,monster,ATK,2.65,monster,damage,true,8,attack,area,0,0,0,5.2,0,0,b54358bd342b46cbad74d51a0aae4fb2,1,,,,,,,모래 해변의 왕게 킹크랑이 양 집게로 파도를 끌어모아 주변을 크게 내려친다,"cd65aacf57774bf78b9817fd101c8cf0,82daccad79024beb9a6f25b61632f90b,36b21956324d4b3ea7f1cb7a588df32f,fc18bbae77234a6b95711effe06afc96,aef2e618aff044fdbdf7aa98dd075300,5005a99484794fd6bb4d6eb9f56cbabf,414876f98e1f4ea2b930d24d9aaeb0e9,25ee5fce3df54266a1af93953d93fa8c,91ea2f4e3016441a8c59bfa0e6c40a5a,8468c0496cc943d285681999bf8bea94,3924a98c2d5d4afaac7ef22661a68cda,10257691e8134f97ba17c74248f541a0",sprite_sequence,sequence,0,1.2,1,0,0,0,0
s_mon_straw_dummy,짚단 균형감각,monster,DEX,0,monster,shield,false,0,passive,self,0,0,0,0,0,0,3e8d4c85efbf48f39a9ef4f005bc22cf,1,,,,,DEX,,바람에도 중심을 되찾는 수련용 짚인형의 균형을 익혀 보유 수만큼 DEX를 높인다,,,,,,,,,,
s_mon_wooden_dummy,목인 회전타,monster,STR,4.45,monster,damage,false,7,attack,area,3,0,0,4.8,0,0,021fbc863175447a9bb4be2eb9f75518,1,,,,,,,수련용 나무인형의 단단한 몸통을 회전시켜 가까운 세 대상을 연달아 후려친다,"c1ebfc4fcc7c4b0ab425a12b8482ed47,fe8682c9d56a46caa323e4d3774c783a,c57ee2a2a92a4c58bd9dddb979a70b3a,74d9895f47894dad8c5c1a56b9c06359,01e8f6db0cf846559a0bf70cee15a761,b4898f3afe664e80a4ffc97c902f2af6,77532eccbf364f4d8f32f4d13f55b13a,9a7ea81457604e3ca1e76fa0ccc0a996",sprite_sequence,sequence,0,0.8,1,0,0,0,0
s_mon_peach_monkey,천도 투척,monster,DEX,4.6,monster,damage,false,7,attack,single,1,0,0,7,0,0,cd2a82549a084be78c060f312f02583a,1,,,,9ca14ee512b1489cbb54b2b9833388cd,,,천도 과수원의 원공처럼 잘 익은 복숭아를 한 대상에게 정확히 던져 터뜨린다,"da57af6fa2df47be8c5df2e1f989f174,b01f90083bc74aaea82771cb530a9478,252f6586f69046049b25ef21479773bd,00d8de1ef2884d5cbb7ef8882b10d859,70a94fb0b742469586e20fcb13bb53a7,f89fe1f8bf7b4f7bafd4db57366aa4e5,f2adc11300a04621ae255cb896629dae,891e0dcd33b54e3587250e1d21690947",sprite_sequence,sequence,0,0.8,1,0,0,0,0
s_mon_blue_flower_serpent,청화 비늘,monster,LUK,0,monster,shield,false,0,passive,self,0,0,0,0,0,0,6e88185eb7ab4b36a12943cec476b9e7,1,,,,,LUK,,푸른 꽃과 안개 사이에 몸을 숨기는 청화사의 비늘을 익혀 보유 수만큼 LUK을 높인다,,,,,,,,,,
s_mon_tae_roon,태륜의 쌍권풍,monster,STR,4.9,monster,damage,true,10,attack,area,0,0,0,6.6,0,0,874fa803baaa4d2c88b74632c36415a8,1,,,,5328a3875a32437784c949579f259a00,,,태륜이 두 주먹에 수련장의 기를 모아 전방과 주변을 잇달아 뒤흔드는 권풍을 낸다,"8c4b21e567e743a884f7d348239a4c1f,86e50d98dc9e4702b4007576405d47a8,d17ebfd824124584afa0d9b2081155b1,09dcd3f22e8f4fe9834999f39aa8c550,3790473d5db44d38a7cd01463d6336d7,d72b3bf21d3447b0b28ed2d59490256a,e89b0242456e4fe192a0c5267a4f5e7a,238ff99d17eb4538bc3cc9df0353ff4d,f9e7436694924ea7bb9d5d2b4b405bd2,26ce844d93364bcc937fe087d5c652fa,3e09b5bbcd734ab587ed5541e6864a11,e09f6c101d864a2db09c1380a1021f56",sprite_sequence,sequence,0,1.2,1,0,0,0,0
s_mon_harp,하늘 둥지의 날갯결,monster,DEX,0,monster,shield,false,0,passive,self,0,0,0,0,0,0,19428df20c01400da27ba3743eb8a3a7,1,,,,,DEX,,높은 둥지의 상승기류를 타는 하프의 날갯결을 익혀 보유 수만큼 DEX를 높인다,,,,,,,,,,
s_mon_blood_harp,핏빛 깃울림,monster,INT,4.75,monster,damage,false,8,attack,area,4,0,0,5.6,0,0,7443aef55f09475f83f2ba1cd2735684,1,,,,,,,블러드 하프의 붉은 깃털이 공기를 울려 가까운 네 대상에게 두 겹의 파동을 퍼뜨린다,"fe015aa024a24acabdf5ef0ebaaaf631,758aebfb2473476ba547d554851348a3,83bd2b5367224153b8f4d631ab232ce7,3d85b5a375704beba18e6b96d4b92144,e7f3233f64544c4dbce30d0d710fe340,cac7334d097b4ccf906a8b2eb09319f9,faa31af498dc41f78365610c823386f8,81856e1ec38c4990bb0bdeb7e915121f",sprite_sequence,sequence,0,0.8,1,0,0,0,0
s_mon_blue_wyvern,빙룡 숨결,monster,INT,4.9,monster,damage,false,8,attack,single,1,0,0,7.2,0,0,7e7f2cddb3a24349a2d96bdb3ac7b8f7,1,,,,,,,블루 와이번이 차가운 용의 숨결을 한 대상에게 집중해 두 번 얼어붙게 만든다,"0ed8fb478f2c41adaa53ed6e70ae7970,d4340838cf8c4daba28b4a517e05c40a,51ae65147fee4705b5234e1937604af7,8ffa9f1b72554a0ba9b83516823ca35e,91e8a99568564214b204552cd969fa80,1380016aa1d14f54b364ddae3cd626be,44cf087c535b4fdeaf00e7d6e9302997,8011416b00dc45cd98cd7cf4a09a985c",sprite_sequence,sequence,0,0.8,1,0,0,0,0
s_mon_dark_wyvern,검은 비늘의 근력,monster,STR,0,monster,shield,false,0,passive,self,0,0,0,0,0,0,e6985b0771d0474ea463fe15a3f8689c,1,,,,,STR,,검은 와이번의 둥지를 지키는 단단한 비늘과 날개 힘을 익혀 보유 수만큼 STR을 높인다,,,,,,,,,,
s_mon_manon,마뇽의 용화염,monster,INT,5.15,monster,damage,true,11,attack,area,0,0,0,6.9,0,0,fa3550b67c1f4d0c91b1ec9413526796,1,,,,,,,마뇽이 단단한 외피 안의 열기를 세 차례 분출해 주변 금속조차 녹이는 용화염을 일으킨다,"ea4fcad040aa43498da7be0d81f5d911,a6934c8513494f27a06a0ba5ba67e054,8355b288d1674121beb86a11bd790beb,583c5d0ebe2948b890479a2db12c359a,9193538ee1dd451298a0f301daa6645d,f39003ea21bb4c5991b3afb94b85c8d5,8c3b153f42254ecf95876cd5d0a33b54,24100bdded0140219fdf6820e7eb6d72,444814645f37460290738dd7e130655e,b2148028c93c4178989b0c18aa77b811,6ff01bd6b0d347228f3cb2618f53111d,c776e2bca67940a693d721f993cfc1ce",sprite_sequence,sequence,0,1.2,1,0,0,0,0
s_mon_memory_monk,추억의 묵상,monster,INT,0,monster,shield,false,0,passive,self,0,0,0,0,0,0,ca776fd465444db7958b5b7bcadd1d81,1,,,,,INT,,추억의 길을 지키는 사제의 고요한 묵상을 익혀 보유 수만큼 INT를 높인다,,,,,,,,,,
s_mon_memory_monk_trainee,추억의 기도파,monster,INT,5.05,monster,damage,false,8,attack,single,1,0,0,7,0,0,b7f5885a9ea241e4a8a570d37c724b3e,1,,,,,,,추억의 신관이 오래된 기도를 두 겹의 시간 파동으로 바꾸어 한 대상에게 보낸다,"c1653125e6334c54b20a5baef0de908f,2d16e42332484860a42f4505d9805d8d,ad8bf9a72ba443fabf0bcb3bea4b2514,dda2d1a0250d48588f48017c77a0e69e,c64ba0ae79d74cdda6b4c718a14365f7,60ef1e0a7e064d84a0f1773d1d5d7207,446f356c1c2b447590367c3c54df5a14,18a5f62259714da6a572243d410a9044",sprite_sequence,sequence,0,0.8,1,0,0,0,0
s_mon_memory_guardian,수호병의 기억갑주,monster,STR,0,monster,shield,false,0,passive,self,0,0,0,0,0,0,c1578b9e31214ed9abfc6d4ed42d9d6e,1,,,,,STR,,시간의 신전 수호병이 두른 기억의 갑주를 익혀 보유 수만큼 STR을 높인다,,,,,,,,,,
s_mon_chief_memory_guardian,시간 수호진,monster,STR,5.2,monster,damage,false,9,attack,area,4,0,0,5.9,0,0,d0fd0e7005c9482f83db588b534ee92e,1,,,,,,,추억의 수호대장이 창과 방패의 궤적을 시간 수호진으로 펼쳐 네 대상을 가둔다,"315bb18be9e745ffae973f1e3a24db86,457ab07204824d4bae8f70b552722d2e,48fa81c8ca9d433694a9675732343c59,b0febe51175f413d80c6a3692b08ac72,8561775f8cfb40acb52e91e944998b0f,f4c6d217c1444a18a9bd4c22638ab8ba,2bbeed3a3be740d8a4c008cf1d0a7858,7137a9a3455b46f89be7b6e02b9a6329",sprite_sequence,sequence,0,0.8,1,0,0,0,0
s_mon_dodo,기억 포식,monster,INT,5.45,monster,damage,true,11,attack,area,0,0,0,7,0,0,d4ad881d19fc4d369477a29d1d401ef9,1,,,,72e16f10f6ec4cf0a1fe3146e73f0856,,,시간의 고래 도도가 삼킨 기억을 구체로 토해 낸 뒤 주변의 남은 기억까지 한꺼번에 붕괴시킨다,"ada8a28246d943a29003d8a1e95dffd3,49ada07913f7489388fa239a0bc27de7,c485161cbf2141a19bc9b06ed1365826,a85a37b9179b4b1fab1af34ab425a84b,e1723e797e0449548e4becb860f4dfcc,e0181c8afa3b4af28775e6ed53515909,126f1267264545ec8f0f994d0029018e,3c5d56ec11084e2f8fe056c84f750ed8,038b7b179d9443d29c9370dbf8ed8d55,a6f6f32c1ed8425bb250a86009ef2b7a,5b505fa165434a719eeee87843e34ed7,1324064fc3d04ff094f0d77dad041022",sprite_sequence,sequence,0,1.2,1,0,0,0,0
s_mon_mateon,마티안 광선탄,monster,INT,5.3,monster,damage,false,8,attack,single,1,0,0,7.4,0,0,47b4f8ecab4b441b85c73439b4d1be16,1,,,,22db356cc60940089b7f5d592c7d5813,,,마티안의 소형 광선총을 흉내 내 압축 광선탄과 착탄 파동을 한 대상에게 연달아 쏜다,"e431498897024d748fe9c160252d6972,07e95606534a4eccbda918e23fdb2966,0dc32fe2089b4fe8a7bacd13686aa17f,752448ca763345d2b9908222dc51268c,bc26f1195e624908a2c01d85a229b837,cc9d2e4a475e4d61a9e327f7e878bc8c,818b2defe6d344e0835c60527849d7fc,45d358b9de314c6e8635d0ed638b5349",sprite_sequence,sequence,0,0.8,1,0,0,0,0
s_mon_plateon,외계 장갑 조종,monster,STR,0,monster,shield,false,0,passive,self,0,0,0,0,0,0,dd74478929864e17b78a7d3bc76de4ff,1,,,,,STR,,장갑차를 조종하는 플라티안의 단단한 자세를 익혀 보유 수만큼 STR을 높인다,,,,,,,,,,
s_mon_mecateon,기계화 레이저,monster,INT,5.45,monster,damage,false,9,attack,area,4,0,0,6,0,0,47b01cd290b74eb3a7988c0c0653a31f,1,,,,,,,메카티안의 강화 장갑이 목표를 포착해 네 대상 위에 기계화 레이저를 차례로 떨어뜨린다,"4d5291249948484aa68379dcd7b98177,c0161f8df4164a6bb9a56976c629d03e,ddc70dc0967946c887dc18268c5d4bdb,cf9f486c810440979f6a88080f7ce62d,41df8ac26739463ba84a3d9282875540,50236bf5a83446d0bda06caf46d1b894,beacfcbdcc1a413a8505cf3e3699c11b,aea818f1c45147faaea220341f462e79",sprite_sequence,sequence,0,0.8,1,0,0,0,0
s_mon_chief_gray,원로의 정신연산,monster,INT,0,monster,shield,false,0,passive,self,0,0,0,0,0,0,6ff2992ccac0405aa62c04dc2beb4586,1,,,,,INT,,그레이들의 지휘를 맡은 원로의 정신 연산을 익혀 보유 수만큼 INT를 높인다,,,,,,,,,,
s_mon_zeno,제노의 중력장,monster,INT,5.7,monster,damage,true,12,attack,area,0,0,0,7.2,0,0,c3ae85cfe5e847149f0a10ffb6290ce0,1,,,,,,,제노가 격납고의 외계 동력을 폭주시켜 주변을 짓누르는 거대한 중력장을 전개한다,"fe53821ff39349428228001b254a8493,9968f6b6a06c47d3bed6a23caa6f031b,ea909c7ce8534afcb9448da6066678c9,97283388a7fd40178f886064120faa5f,c9b92309f9294e9fa9ff45579b251771,3ddd9ff5ba184eba9d2c28ff41e2743d,f9ef5f461de94f269b54849af760a096,41adf9fa23d648b69a3c15f89af74255,bcdb10fcb0754ddf936a0771d57c20ab,2c4ad51aa5a54940b86d4e528785cc75,6ba747eac39d4906a38948549e93ab92,f8ab88313d7b4159a3289aeb12cebafe",sprite_sequence,sequence,0,1.2,1,0,0,0,0
s_mon_official_knight_c,기사단 뇌전 연각,monster,ATK,5.85,monster,damage,false,9,attack,area,4,0,0,5.9,0,0,99a9861ca1df4c0fb4ee2e68fc27f28e,1,,,,,,,정식기사 C가 사용하던 스트라이커 계열의 돌진과 연속 발차기를 뇌전 충격으로 이어 네 대상을 휩쓴다,"8dfad88ad54d487583fa1ae0185226c9,55c3e79ecc814df99953306accdfca70,df256b2b5b774db88ca0c445358917a2,fe476aa68c2949c5b7259258bb6c61f1,b124cbcb19d34c749442b8d8c9a18d08,dbe408ea694a4c9b9c78381039f53af9,382f5cb0205741b9bc9957c3bc473e99,ea4a0db1ae444986b3a57f744adee43e",sprite_sequence,sequence,0,0.8,1,0,0,0,0
s_mon_official_knight_d,기사단의 바람 조준,monster,DEX,0,monster,shield,false,0,passive,self,0,0,0,0,0,0,831ae4aa15ea4a1e9a2d6738eeeef4e7,1,,,,,DEX,,정식기사 D가 활시위를 당기기 전 읽던 바람의 방향을 익혀 보유 수만큼 DEX를 높인다,,,,,,,,,,
s_mon_advanced_knight_a,그림자 기사의 민첩,monster,LUK,0,monster,shield,false,0,passive,self,0,0,0,0,0,0,bfe18a5704564e4c82fb3010814e09ad,1,,,,,LUK,,나이트워커의 어둠에 지배된 상급기사 A의 재빠른 몸놀림을 익혀 보유 수만큼 LUK을 높인다,,,,,,,,,,
s_mon_advanced_knight_b,상급기사의 이프리트 화염,monster,INT,6.05,monster,damage,false,10,attack,area,4,0,0,6.2,0,0,fec9ff232a244756924d013616d622be,1,,,,,,,상급기사 B가 지휘하던 이프리트의 불길을 불러 네 대상을 태우고 폭발시킨다,"7fc9154df1fa4b149be85c9bf48d775f,75bacb76af9c41cdaaabdbae2f6bd096,d05a74190d6a444faada79275037fa29,836479bd22134f2380cd1e0054f0943d,a84cfb6aac554c6cb8c8dba74fc6ac60,6a326f4b0bac410a84d10791ece2fca9,c53648aaf4b0460eb4039cb395be847d,5e53f265c0ec4f82aa9933dd565c9966",sprite_sequence,sequence,0,0.8,1,0,0,0,0
s_mon_cygnus,타락한 여제의 정원,monster,INT,6.35,monster,damage,true,12,attack,area,0,0,0,7.4,0,0,3812cbb00f9f4694a1d57b088839c695,1,,,,,,,검은 마법사의 힘에 사로잡힌 미래의 시그너스가 어두운 정원의 문양을 펼친 뒤 범위 전체를 붕괴시킨다,"3fd71a1781a04a8792be7728f7c56688,3736d072352d4305b11600cd127af686,2a4569292a924a298902b744f7f4df7c,3abc6ff636154646b193dc776b5ca1aa,9e874546a93b492195b5403c028532e4,e0e8c801e9d345739015f19afe2a50ab,7ca25326699a48088315a64de8a8007e,6cb205e939014ed48571dc4d822365a6,87eb23df67184315a86e5289981fbb41,59edd5e11b3c4f5081e546ea900e6f9a,e32283ac76dd4cd2bdd2c8913490d679,4d66ce64d7ef4358b81eb4c5e5ba3211",sprite_sequence,sequence,0,1.2,1,0,0,0,0
s_mon_mutant_dark_stump,뒤틀린 고목의 껍질,monster,STR,0,monster,shield,false,0,passive,self,0,0,0,0,0,0,6b6ca190b6eb45da871b072757415946,1,,,,,STR,,황혼의 힘으로 부풀어 오른 변형된 다크 스텀프의 질긴 껍질을 익혀 보유 수만큼 STR을 높인다,,,,,,,,,,
s_mon_mutant_iron_hog,황야의 철갑 돌진,monster,ATK,6.15,monster,damage,false,8,attack,single,1,0,0,0,6.8,0,bbf9a5dd73b14d3f944d71987ddfb052,1,,,,,,,변형된 아이언호그처럼 황야의 흙먼지를 가르며 한 대상에게 철갑 몸통을 내리꽂는다,"ec2de6f4839e4448b73aa0207be696b1,1dad6777cad6435e90a204a9535dbd3d,9ed49a7d2ef54ab98dc81b41854b8c3b,bf87b7e1ade947dfbfd455dda30d35f9,a785c46da34d4cc6a835e8491bc513e2,749c09bc77024f9fb069bc0653b04dcf,a45f0e3cc97f45e28f295b920b24c3ff,d6a9f44fd2634097b8d3940490a9fc8c",sprite_sequence,sequence,0,0.8,1,0,0,0,0
s_mon_mutant_stone_mask,발굴지의 석면,monster,DEF,0,monster,shield,false,0,passive,self,0,0,0,0,0,0,bac675f8cdd64432b196b98ca24f037c,1,,,,,DEF,,검은 마법사의 악몽 속에서 더 단단해진 스톤마스크의 돌 얼굴을 익혀 보유 수만큼 방어력을 높인다,,,,,,,,,,
s_mon_ancient_dark_golem,고대 암흑 지진,monster,ATK,6.45,monster,damage,false,10,attack,area,5,0,0,6.4,0,0,8e2cd13877c84117a96b101b44a85415,1,,,,,,,에인션트 다크골렘이 땅속의 오래된 암석층을 갈라 놓은 뒤 다섯 대상 아래에서 지진을 터뜨린다,"055a53fd94b5465695a6ef3c30fc3f13,6c9c10dcec0e482db526445b61b1b8fa,44229b12ee9c4c5f80c49f43f86b68f0,86b7f4d5f7794dcd9237001c5aef47d7,4a486eb50a384354b5f501312a5dcc6a,e1fd86c0d9e348b8862f50faf74b3906,5dd401e84f59445ba62175d6e080c0d7,a1d442e5a6cc4f88929889a23853c4e0",sprite_sequence,sequence,0,0.8,1,0,0,0,0
s_mon_mutant_stumpy,검은 뿌리의 묘지,monster,ATK,6.7,monster,damage,true,12,attack,area,0,0,0,7.6,0,0,120e51c8415b4b70ae736cbd9186d17a,1,,,,,,,페리온의 수호목이었던 스텀피의 뒤틀린 뿌리를 칼바람의 묘지 전역에 솟구치게 한다,"6f361fde8ea048168e18a5590768c6a5,16e4c46d22cd4a319a3a1964b9eb4506,283bb9cfd3cc41bb8193cd135c77f7fc,8dcc8e6986f14177ab3cffc23915c2f1,a61436a20b924ab9848a7c5bf1bbaf60,febe838079a648caab4f5de9c607362d,ca5f0ae164c04f9f8d3b1b61366c4592,f59db907d1464e259330ca39621875ab,87cc7599a6a24d9ca380c4d18a6eb499,ccb97588a21b45f69efdd8505ba81252,e5df6e2dba2e4b3bae82c2701987dca4,9c22525d006a435b951f9cd771f70a93",sprite_sequence,sequence,0,1.2,1,0,0,0,0
