area_id,monster_id,source_level_this_supplement,source_path,ruid,source_sha256,model_sha256,basis,new_query_this_supplement
area_01,m_snail,CACHED_SOURCE_CONFIRMED,D:\maplestory_levup\docs\art\output_audit\runs\20260912_162508_msw_origin_art_review\source_copies\2db94405cf0445f5be2b60a02c21dda5.gif,2db94405cf0445f5be2b60a02c21dda5,c8cfd8e7659961405b523134a9b20cef7c30a92cc5133035e2ed5f2e4e714115,4ed596eff73250dd4e4d58e54fd08952fb5d429af05a341282b8b56fe9fb7525,SOURCE_CHECK.csv 조회 시각/RUID/API 증빙 재사용; 원본 사본 및 모델 해시 재확인,NO
area_01,m_blue_snail,CACHED_SOURCE_CONFIRMED,D:\maplestory_levup\docs\art\output_audit\runs\20260912_162508_msw_origin_art_review\source_copies\0c69164656d24f64bd1a1f6ee4019dff.gif,0c69164656d24f64bd1a1f6ee4019dff,42bd5c86f727418330d46d4cc2c8514b357da88cfc046581425b4748dc2b5549,9794deea2a3ba4f9b10ae05bb15dd4cb91f79a27d24e9926fa2e9ad945ee0d5a,SOURCE_CHECK.csv 조회 시각/RUID/API 증빙 재사용; 원본 사본 및 모델 해시 재확인,NO
area_01,m_mushroom,CACHED_SOURCE_CONFIRMED,D:\maplestory_levup\docs\art\output_audit\runs\20260912_162508_msw_origin_art_review\source_copies\a95cfed2c8fe4d2cb64cbb62db051f92.gif,a95cfed2c8fe4d2cb64cbb62db051f92,b636e918b34396bcb6a86027a2076b1a1287541ca2b68e2860a6c225796593b3,defe1ced02eaafa44ca5603ff259a3bbd1686ffe1402d3b1ecc80f0e27046643,SOURCE_CHECK.csv 조회 시각/RUID/API 증빙 재사용; 원본 사본 및 모델 해시 재확인,NO
area_01,m_mushmom,CACHED_SOURCE_CONFIRMED,D:\maplestory_levup\docs\art\output_audit\runs\20260912_162508_msw_origin_art_review\source_copies\86015373d23b4b05bb8fcc6086354652.gif,86015373d23b4b05bb8fcc6086354652,c8fa21270a252a30eb40df0376e30f6fe67fe7ac6335b365781507ac9334be30,5780c4e5d9b233920b077acaec713d8d4be9e55a9cec4f432d04f4e5ff3c0272,SOURCE_CHECK.csv 조회 시각/RUID/API 증빙 재사용; 원본 사본 및 모델 해시 재확인,NO
area_01,m_horny_mushroom,CACHED_SOURCE_CONFIRMED,D:\maplestory_levup\docs\art\output_audit\runs\20260912_162508_msw_origin_art_review\source_copies\574596d79f004965a293d2551343633f.gif,574596d79f004965a293d2551343633f,d3c9fd60688f12a70ff02681fc2a45b170d1adf3745f66fe541b4145d26cf152,36336ffd8b6a39889ff8e6dd4126f95d0e006130ee0488c028aa782afef4a2db,SOURCE_CHECK.csv 조회 시각/RUID/API 증빙 재사용; 원본 사본 및 모델 해시 재확인,NO
area_02,m_stone_golem,CACHED_SOURCE_CONFIRMED,D:\maplestory_levup\docs\art\output_audit\runs\20260912_162508_msw_origin_art_review\source_copies\23761b84fca14bbfa671436791e4e0bb.gif,23761b84fca14bbfa671436791e4e0bb,7a0c50d3f534c3f9b7711d77326d580a85db331b0f8ee50ec20cc10f190932ba,c1b7e26adb881e22dae2ae4d086d8ea65b0167ba743c58eb5617a9cb6ba8e09a,SOURCE_CHECK.csv 조회 시각/RUID/API 증빙 재사용; 원본 사본 및 모델 해시 재확인,NO
area_02,m_axe_stump,CACHED_SOURCE_CONFIRMED,D:\maplestory_levup\docs\art\output_audit\runs\20260912_162508_msw_origin_art_review\source_copies\9d4f9e8f572548f692438ffa817eb52d.gif,9d4f9e8f572548f692438ffa817eb52d,88106ccf44592247e8454cf527ea16fe9f1b4f6d850d0424e6e7c8b703bc67d6,1c5020e1f286924303616346c069a8739e2487d6ddad891d9c9a1f69304e23ff,SOURCE_CHECK.csv 조회 시각/RUID/API 증빙 재사용; 원본 사본 및 모델 해시 재확인,NO
area_02,m_dark_axe_stump,CACHED_SOURCE_CONFIRMED,D:\maplestory_levup\docs\art\output_audit\runs\20260912_162508_msw_origin_art_review\source_copies\fd35894dd92c4e3b8885e59b0f4d3394.gif,fd35894dd92c4e3b8885e59b0f4d3394,a5d8950ca6e792205a3bc28fe851a6a2f1cd0c2880838e94598d830b1d3a2450,45bc1aa1e85627e944eb1565e0b5c421db783563980d0d91c160cbabd6b914a4,SOURCE_CHECK.csv 조회 시각/RUID/API 증빙 재사용; 원본 사본 및 모델 해시 재확인,NO
area_02,m_wild_boar,CACHED_SOURCE_CONFIRMED,D:\maplestory_levup\docs\art\output_audit\runs\20260912_162508_msw_origin_art_review\source_copies\af64c62c1dcf427998c3c52f0a060fec.gif,af64c62c1dcf427998c3c52f0a060fec,91cda798c8af25dcf4ecce5f08bfd62c9f30aa1721df8fb693eb47e3dcd8b9d4,a75b750136f30e019f5054f4f2734fabef8ffeafd0ecbf4d7316ea7bf2a39d75,SOURCE_CHECK.csv 조회 시각/RUID/API 증빙 재사용; 원본 사본 및 모델 해시 재확인,NO
area_02,m_iron_hog,CACHED_SOURCE_CONFIRMED,D:\maplestory_levup\docs\art\output_audit\runs\20260912_162508_msw_origin_art_review\source_copies\eadfe08070d343a9afafe0fd6290f1c6.gif,eadfe08070d343a9afafe0fd6290f1c6,ec724ad06728fe326149e09ebf90498b62a0cdbbee9d86d5c1b51976d9f1806a,bb72f0e956a31f70c22918c96469a271667dbb350d5382ca9530693ccb1f43a3,SOURCE_CHECK.csv 조회 시각/RUID/API 증빙 재사용; 원본 사본 및 모델 해시 재확인,NO
area_02,m_skeleton_commander,CACHED_SOURCE_CONFIRMED,D:\maplestory_levup\docs\art\output_audit\runs\20260912_162508_msw_origin_art_review\source_copies\ed882269a5d543318ad73e7032632960.gif,ed882269a5d543318ad73e7032632960,d5da1aca4970534e152df11613cf41ce633d5db1941b4d40bc41bbba6a7958c4,41462f44e48f7e89adf5aa4da624055d671ae4243c4fd84d1593ca316e723f0e,SOURCE_CHECK.csv 조회 시각/RUID/API 증빙 재사용; 원본 사본 및 모델 해시 재확인,NO
area_02,m_fire_boar,CACHED_SOURCE_CONFIRMED,D:\maplestory_levup\docs\art\output_audit\runs\20260912_162508_msw_origin_art_review\source_copies\67523b05f66f470cb86b2c6cc46af861.gif,67523b05f66f470cb86b2c6cc46af861,4e96f250bdf047e2f3320a86e3480d74350085f757a51982abcb39349daa29c6,d6de9d2ba72a6402d6deee0a93ad0f12226d99541ba29d04a571a68e526be233,SOURCE_CHECK.csv 조회 시각/RUID/API 증빙 재사용; 원본 사본 및 모델 해시 재확인,NO
area_02,m_stumpy,CACHED_SOURCE_CONFIRMED,D:\maplestory_levup\docs\art\output_audit\runs\20260912_162508_msw_origin_art_review\source_copies\0b6c2f6faccc44da980ce832ab636bf6.gif,0b6c2f6faccc44da980ce832ab636bf6,5c23f13ee3e89ce63c15602ef62199ee2793cfaa0bc9f1c3ca4f6cdfa6e5e2f8,4f0c21a8495339b1d4420736d5b02c95ef3398942449b18a1fd91f744f065feb,SOURCE_CHECK.csv 조회 시각/RUID/API 증빙 재사용; 원본 사본 및 모델 해시 재확인,NO
area_03,m_slime,CACHED_SOURCE_CONFIRMED,D:\maplestory_levup\docs\art\output_audit\runs\20260912_162508_msw_origin_art_review\source_copies\50faf654ee5d479cb2958edce9feaef0.gif,50faf654ee5d479cb2958edce9feaef0,e1983736ab3e6a110d56dd9ebefdaa3e947c1bacd031c4951a3d06f4fab939e0,c26938ff30d7686d0240f86e2924fd27b2a859dce150866f6b6aa1ea30c6ab9a,SOURCE_CHECK.csv 조회 시각/RUID/API 증빙 재사용; 원본 사본 및 모델 해시 재확인,NO
area_03,m_dark_stump,CACHED_SOURCE_CONFIRMED,D:\maplestory_levup\docs\art\output_audit\runs\20260912_162508_msw_origin_art_review\source_copies\ed3908e24d694bb786023fc1ed073489.gif,ed3908e24d694bb786023fc1ed073489,a448ec01e259ea5c111b55cd6d79c36e51bc41de4a2de5012f1ed560dfcca22f,c59c2ad358d82d19cc114c08620297c6d8d68dae64956fcc677c4253998cdff5,SOURCE_CHECK.csv 조회 시각/RUID/API 증빙 재사용; 원본 사본 및 모델 해시 재확인,NO
area_03,m_bubbling,CACHED_SOURCE_CONFIRMED,D:\maplestory_levup\docs\art\output_audit\runs\20260912_162508_msw_origin_art_review\source_copies\e24531def0ec4687b2c5de2cfb32b02e.gif,e24531def0ec4687b2c5de2cfb32b02e,65d96c50318410382da42a85998a4f5b730075e50467cc00ce4b9b2fb26f8fab,ae410ddbf4300e707784073e635951c9658126f4aea0f6b9d962ce27f5702c19,SOURCE_CHECK.csv 조회 시각/RUID/API 증빙 재사용; 원본 사본 및 모델 해시 재확인,NO
area_03,m_fairy,CACHED_SOURCE_CONFIRMED,D:\maplestory_levup\docs\art\output_audit\runs\20260912_162508_msw_origin_art_review\source_copies\1ed0265245594bf0904ceb88ecaf16ba.gif,1ed0265245594bf0904ceb88ecaf16ba,71080bbf554934541a60a379616abe16ec1b9e361b8ade65bf16302976864164,7f7e51a279de3afecba751228586024a610f121c7f444d9e00d4e04a5ca043c9,SOURCE_CHECK.csv 조회 시각/RUID/API 증빙 재사용; 원본 사본 및 모델 해시 재확인,NO
area_03,m_faust,CACHED_SOURCE_CONFIRMED,D:\maplestory_levup\docs\art\output_audit\runs\20260912_162508_msw_origin_art_review\source_copies\9922e94142f9413aa5359297f852a5a2.gif,9922e94142f9413aa5359297f852a5a2,9eedfeb969f7d608080283b424c6989f3f955ff5a452ff21b2fbc2b9fae7801a,5c6c3fbafdd4fbcfb55ccdc787feddb90d3c365101fd23697aa206f1535b9406,SOURCE_CHECK.csv 조회 시각/RUID/API 증빙 재사용; 원본 사본 및 모델 해시 재확인,NO
area_04,m_octopus,CACHED_SOURCE_CONFIRMED,D:\maplestory_levup\docs\art\output_audit\runs\20260912_162508_msw_origin_art_review\source_copies\d8f014043ce8418f96700c2b6c9ebf6c.gif,d8f014043ce8418f96700c2b6c9ebf6c,fcea1ac4e8d8606a38e0404d983c11be95069e17ebd74020cb33fa817fbe9c8a,c09c2d63569dbd3b269069760ee04f598b405348d9112c5efcf96f84598f7aa4,SOURCE_CHECK.csv 조회 시각/RUID/API 증빙 재사용; 원본 사본 및 모델 해시 재확인,NO
area_04,m_stirge,CACHED_SOURCE_CONFIRMED,D:\maplestory_levup\docs\art\output_audit\runs\20260912_162508_msw_origin_art_review\source_copies\25152ef859744489b7e34a993b3a3c6d.gif,25152ef859744489b7e34a993b3a3c6d,07f2bc4de7e95338540e494c253b8ba0fa18754e6516891622e9f1c6bf7253d6,619081404b35ebb1d9df414c6ea33e4487989145e9f0f78350a7df2da8bd2b63,SOURCE_CHECK.csv 조회 시각/RUID/API 증빙 재사용; 원본 사본 및 모델 해시 재확인,NO
area_04,m_jr_wraith,CACHED_SOURCE_CONFIRMED,D:\maplestory_levup\docs\art\output_audit\runs\20260912_162508_msw_origin_art_review\source_copies\ca9fd4116b62417caebde864c675e026.gif,ca9fd4116b62417caebde864c675e026,0990b95d303f4e8248618eaa9fc88917ecedbb7e947407524e6f1877b6aef63a,51a1501d504cbdd889f85ec91329302e6dc5e89eba030e48df1c655e409309d3,SOURCE_CHECK.csv 조회 시각/RUID/API 증빙 재사용; 원본 사본 및 모델 해시 재확인,NO
area_04,m_wraith,CACHED_SOURCE_CONFIRMED,D:\maplestory_levup\docs\art\output_audit\runs\20260912_162508_msw_origin_art_review\source_copies\15e7b98cec434b269c09e97f550921c3.gif,15e7b98cec434b269c09e97f550921c3,99cfb9a36a0c317f105f82baff041578e53bb1608187a40d67eca0998d45bc54,d62f024648cd46685b3b13d854cf25b9344d542b8a964821c6f54f99db65f5f9,SOURCE_CHECK.csv 조회 시각/RUID/API 증빙 재사용; 원본 사본 및 모델 해시 재확인,NO
area_04,m_shade,CACHED_SOURCE_CONFIRMED,D:\maplestory_levup\docs\art\output_audit\runs\20260912_162508_msw_origin_art_review\source_copies\4f763744e0ac49469d2305e3c73254b7.gif,4f763744e0ac49469d2305e3c73254b7,0747fad4e362872a7facd8354fbdf707e364214f45bc7e7f164ca4ca97fb1ec2,190101877451f47de898e1d2fed5f59561df4d3d6628b5afae9f91b9388e9a3a,SOURCE_CHECK.csv 조회 시각/RUID/API 증빙 재사용; 원본 사본 및 모델 해시 재확인,NO
area_05,m_ribbon_pig,CACHED_SOURCE_CONFIRMED,D:\maplestory_levup\docs\art\output_audit\runs\20260912_162508_msw_origin_art_review\source_copies\6a699b8c31b94474bb795c7394c3af3b.gif,6a699b8c31b94474bb795c7394c3af3b,c5dfcae4bcb78299cd0629d286292da01d078d4e6ecba4c54b1288bdcfac28de,83543c629341f70215db3efbadaf974528065f268cfe70e8f703f020216ef2b9,SOURCE_CHECK.csv 조회 시각/RUID/API 증빙 재사용; 원본 사본 및 모델 해시 재확인,NO
area_05,m_blue_pig,CACHED_SOURCE_CONFIRMED,D:\maplestory_levup\docs\art\output_audit\runs\20260912_162508_msw_origin_art_review\source_copies\cba2695db0034210a59cd88b5894457b.gif,cba2695db0034210a59cd88b5894457b,02690b8c8dcf7dc8eb8edcddcf097771d0931e1413768c1d12d5e1c737862191,2997b129da128eef144701e23b9615e6c578e8b91e79081b377242e2dd081d7f,SOURCE_CHECK.csv 조회 시각/RUID/API 증빙 재사용; 원본 사본 및 모델 해시 재확인,NO
area_05,m_starfish,CACHED_SOURCE_CONFIRMED,D:\maplestory_levup\docs\art\output_audit\runs\20260912_162508_msw_origin_art_review\source_copies\03351051e9e54fca87469eaa47c5398b.gif,03351051e9e54fca87469eaa47c5398b,b2cdb791c32d5c3032f101ad0fc736ada83b4eac609a08046f6c6ff9f04cf069,7ab9f70eabdf56abb429c824c4e5b9f2c8fe34c88b82aabc26de86b9e6987dc6,SOURCE_CHECK.csv 조회 시각/RUID/API 증빙 재사용; 원본 사본 및 모델 해시 재확인,NO
area_05,m_jellyfish,CACHED_SOURCE_CONFIRMED,D:\maplestory_levup\docs\art\output_audit\runs\20260912_162508_msw_origin_art_review\source_copies\aef6048234a447c993fbdac54940f8f9.gif,aef6048234a447c993fbdac54940f8f9,8f5afc7250857779cfc09b7c38cc912abf51b91a8baf6ff571454886fab1047a,7ba6d3558407f8d70b4d970a44e957c46bdd359715d2aa4bb778b82fd210ce06,SOURCE_CHECK.csv 조회 시각/RUID/API 증빙 재사용; 원본 사본 및 모델 해시 재확인,NO
area_05,m_king_clang,CACHED_SOURCE_CONFIRMED,D:\maplestory_levup\docs\art\output_audit\runs\20260912_162508_msw_origin_art_review\source_copies\cddcc91429d24abbb0c071135ace8b39.gif,cddcc91429d24abbb0c071135ace8b39,f68dfdb06ea0db6ef86769e7cf599cb23bc145865e31389c389cc85ef9a4ed54,12badfc94a8f805c1cfa68e1bfb5e384dbb168ac96b08ca131a6c67862261890,SOURCE_CHECK.csv 조회 시각/RUID/API 증빙 재사용; 원본 사본 및 모델 해시 재확인,NO
area_07,m_zombie_mushroom,CACHED_SOURCE_CONFIRMED,D:\maplestory_levup\docs\art\output_audit\runs\20260912_162508_msw_origin_art_review\source_copies\3ee3fc0f4d2e443cbb9ec424dd2c012f.gif,3ee3fc0f4d2e443cbb9ec424dd2c012f,1c5f2e73608e7610cd919ff43cdfd443727b6b792e04fe395572f8c61b660230,f6a8525d5c4c3b6452e4578e31312d8126aa39b6d5fc440a31c97996fd0b8c30,SOURCE_CHECK.csv 조회 시각/RUID/API 증빙 재사용; 원본 사본 및 모델 해시 재확인,NO
area_07,m_copper_drake,CACHED_SOURCE_CONFIRMED,D:\maplestory_levup\docs\art\output_audit\runs\20260912_162508_msw_origin_art_review\source_copies\da160cd4b78c479ab8dfaa225b2dcd47.gif,da160cd4b78c479ab8dfaa225b2dcd47,b41dc6fb2c58090b87e380af342cb9b1900f07703ae9b467ad905491a732f7e7,03db0a724ec47a84917ef10f6c1d1cf003209c227ea2a0c4978590c7ac2b1ef2,SOURCE_CHECK.csv 조회 시각/RUID/API 증빙 재사용; 원본 사본 및 모델 해시 재확인,NO
area_07,m_drake,CACHED_SOURCE_CONFIRMED,D:\maplestory_levup\docs\art\output_audit\runs\20260912_162508_msw_origin_art_review\source_copies\f8cfac4e30394735861603f6bfcb1932.gif,f8cfac4e30394735861603f6bfcb1932,0bef3fcad7faf0f00610c4208c5a89808b8aa6130b97722ac1383326fe627118,c46f377971a40778a2eb8b20425e959219fb8de29527c4470196def2dea16cb9,SOURCE_CHECK.csv 조회 시각/RUID/API 증빙 재사용; 원본 사본 및 모델 해시 재확인,NO
area_07,m_wild_kargo,CACHED_SOURCE_CONFIRMED,D:\maplestory_levup\docs\art\output_audit\runs\20260912_162508_msw_origin_art_review\source_copies\7d1c1d17eff44687b35ca0d5108084dc.gif,7d1c1d17eff44687b35ca0d5108084dc,5981adff866bfbbd1754c2a524e99db075558e1e485648e6aae3ce17b0fb1adf,4b45b93d056ff6620ff45dc039f78f9783e2bfc6207dda30a1073af8ca3bc264,SOURCE_CHECK.csv 조회 시각/RUID/API 증빙 재사용; 원본 사본 및 모델 해시 재확인,NO
area_07,m_jr_balrog,CACHED_SOURCE_CONFIRMED,D:\maplestory_levup\docs\art\output_audit\runs\20260912_162508_msw_origin_art_review\source_copies\4b3ad414c1184c02b5eb459b29ee8ece.gif,4b3ad414c1184c02b5eb459b29ee8ece,24bd5ccbe9c4ceb4875186ec134aec987107a0ccb1d8fc83ec5ddd3fba1bf9b8,863e59e5a8efe602c96089fccb9ca5f86205ad3dc595e2f730bcdd2a65a98df1,SOURCE_CHECK.csv 조회 시각/RUID/API 증빙 재사용; 원본 사본 및 모델 해시 재확인,NO
area_07,m_tauromacis,CACHED_SOURCE_CONFIRMED,D:\maplestory_levup\docs\art\output_audit\runs\20260912_162508_msw_origin_art_review\source_copies\5ef751fd743e41609bf98e03de4df51c.gif,5ef751fd743e41609bf98e03de4df51c,af8a62f30ccd3ea48eb565dafa644ad86ae7c03d84d029a2220445e356b6c6d6,8b38fc58fa39cc61b2b0018b41372f5a02eca64f50784c57c8e85a2fcba50998,SOURCE_CHECK.csv 조회 시각/RUID/API 증빙 재사용; 원본 사본 및 모델 해시 재확인,NO
area_08,m_star_pixie,CACHED_SOURCE_CONFIRMED,D:\maplestory_levup\docs\art\output_audit\runs\20260912_162508_msw_origin_art_review\source_copies\ca136923b7e84267af993bdbabada385.gif,ca136923b7e84267af993bdbabada385,a40b7a88268833b32d30d01cad7035351c29f12d7fd8465d2d3264e11120e005,60f6720ed7ddb95b2135a29210b1b18664f1e4a70225598c0a6c5c80a7de0086,SOURCE_CHECK.csv 조회 시각/RUID/API 증빙 재사용; 원본 사본 및 모델 해시 재확인,NO
area_08,m_jr_cellion,CACHED_SOURCE_CONFIRMED,D:\maplestory_levup\docs\art\output_audit\runs\20260912_162508_msw_origin_art_review\source_copies\016bc9a459104e2a8a2fea03d7130519.gif,016bc9a459104e2a8a2fea03d7130519,e5b2af4e7e4baf2900110e4e9f68174842cf2b2456fe3dfb0c5be1f8f5055214,d0a964b0e38b4ee6e31131a1355ec49b34a554098b460dccb3153be29842f944,SOURCE_CHECK.csv 조회 시각/RUID/API 증빙 재사용; 원본 사본 및 모델 해시 재확인,NO
area_08,m_lunar_pixie,CACHED_SOURCE_CONFIRMED,D:\maplestory_levup\docs\art\output_audit\runs\20260912_162508_msw_origin_art_review\source_copies\ff4a57bc3d4a4488b0053c33f4c3369f.gif,ff4a57bc3d4a4488b0053c33f4c3369f,cc43a783b153324e4c47d6a76e54bf8e7f1cc0271611b0475c073b23ac43c85d,4528c187b7b3175959bbef5ced9fb75baa5b16acceaea8bb1566f61e86db04c1,SOURCE_CHECK.csv 조회 시각/RUID/API 증빙 재사용; 원본 사본 및 모델 해시 재확인,NO
area_08,m_luster_pixie,CACHED_SOURCE_CONFIRMED,D:\maplestory_levup\docs\art\output_audit\runs\20260912_162508_msw_origin_art_review\source_copies\35f555b27d3a4d438224a29e73fac305.gif,35f555b27d3a4d438224a29e73fac305,c6422434187a2167baf8c3e2cd7b9c2837255a21e62150edbe112f4bae857881,f349a4e3bcd56a3dba953fee926e50ad56257283adccb30b9088d18d6e9746c6,SOURCE_CHECK.csv 조회 시각/RUID/API 증빙 재사용; 원본 사본 및 모델 해시 재확인,NO
area_08,m_eliza,CACHED_SOURCE_CONFIRMED,D:\maplestory_levup\docs\art\output_audit\runs\20260912_162508_msw_origin_art_review\source_copies\d458879e2e2949f2bb2e915ff67fbc64.gif,d458879e2e2949f2bb2e915ff67fbc64,f46972f3caa874e74794e13ca575c6f7dc2a73dfa1b291dc4212e3f4cda06c23,0aa44ce0a96ecbe9af89ec10e85a4ea9f223146976c44506e4dbceaaa3aa9d1c,SOURCE_CHECK.csv 조회 시각/RUID/API 증빙 재사용; 원본 사본 및 모델 해시 재확인,NO
area_09,m_jr_yeti,CACHED_SOURCE_CONFIRMED,D:\maplestory_levup\docs\art\output_audit\runs\20260912_162508_msw_origin_art_review\source_copies\1975dd704eec461ab49bdeb0c11c54d9.gif,1975dd704eec461ab49bdeb0c11c54d9,f527590794891aef6fa5b50805fb9e9796d16862e7a304ace6d820725577107f,4038cc41c646de26a6158a4e0fc3baf61f6516fc7750b907ca3fdad58ce45a38,SOURCE_CHECK.csv 조회 시각/RUID/API 증빙 재사용; 원본 사본 및 모델 해시 재확인,NO
area_09,m_dark_jr_yeti,CACHED_SOURCE_CONFIRMED,D:\maplestory_levup\docs\art\output_audit\runs\20260912_162508_msw_origin_art_review\source_copies\ce56cf9613174f80976dab5b61f7b604.gif,ce56cf9613174f80976dab5b61f7b604,ea2756dd2c5d9c4e9dd5e53e9a1e9c47cf749962abd03099e8151b6d0eea0c2b,123fb86cb463fcc196ca7cde3b6645555f18cc3403419c87f192c1401b9ee633,SOURCE_CHECK.csv 조회 시각/RUID/API 증빙 재사용; 원본 사본 및 모델 해시 재확인,NO
area_09,m_hector,CACHED_SOURCE_CONFIRMED,D:\maplestory_levup\docs\art\output_audit\runs\20260912_162508_msw_origin_art_review\source_copies\7dcc64a4725b4777b8f86a5404b4d4cc.gif,7dcc64a4725b4777b8f86a5404b4d4cc,41976017d0e2140c354e84e5d710227aa5b8780392cda7ffd43d460e31f0ed5b,c4abe441c88e81684fa1c6c324ce288d794792c9308896c03ab3948849fb8954,SOURCE_CHECK.csv 조회 시각/RUID/API 증빙 재사용; 원본 사본 및 모델 해시 재확인,NO
area_09,m_white_fang,CACHED_SOURCE_CONFIRMED,D:\maplestory_levup\docs\art\output_audit\runs\20260912_162508_msw_origin_art_review\source_copies\aaa3b506804d4418b025da47dbb65b3f.gif,aaa3b506804d4418b025da47dbb65b3f,3ca0f5bff7f3adfedab31fa457da79c613ace750b7f7bdd842be38f7bc71a962,e32c3129503a0272870b9dd09945eec24b4e02f5ef19d2815fb51d883b521427,SOURCE_CHECK.csv 조회 시각/RUID/API 증빙 재사용; 원본 사본 및 모델 해시 재확인,NO
area_09,m_snow_witch,CACHED_SOURCE_CONFIRMED,D:\maplestory_levup\docs\art\output_audit\runs\20260912_162508_msw_origin_art_review\source_copies\4b50438f59154f41aba918b2d28bb8d2.gif,4b50438f59154f41aba918b2d28bb8d2,2d24b2d4ef8958efb5982ff7d5a16d01c186eab976e4ad30d615c459649886bc,265da73c4c756e9521a39010c76484afb1570e61e1fec9ba48abd7e82cbf8c21,SOURCE_CHECK.csv 조회 시각/RUID/API 증빙 재사용; 원본 사본 및 모델 해시 재확인,NO
area_10,m_bubble_fish,CACHED_SOURCE_CONFIRMED,D:\maplestory_levup\docs\art\output_audit\runs\20260912_162508_msw_origin_art_review\source_copies\c968133e75534a1b933d28da29c4e584.gif,c968133e75534a1b933d28da29c4e584,f525821bf535a3eba9dba348438fb12c514317d8bd3213c98d674a795aee0f97,8240208766323138e5e94be15a2a6d835ac903daf0c88da25b54b6f045835e46,SOURCE_CHECK.csv 조회 시각/RUID/API 증빙 재사용; 원본 사본 및 모델 해시 재확인,NO
area_10,m_mask_fish,CACHED_SOURCE_CONFIRMED,D:\maplestory_levup\docs\art\output_audit\runs\20260912_162508_msw_origin_art_review\source_copies\fb9037f43fcd442a971ee007b9f7cc26.gif,fb9037f43fcd442a971ee007b9f7cc26,d1a96857d5bd415afa84e0a28f86abe9039e7ff64476088cd9dda4ec891fee95,6b33ac9272a88894fa811bd8071feeee7579e30a40839abd38f47d1d01b0b837,SOURCE_CHECK.csv 조회 시각/RUID/API 증빙 재사용; 원본 사본 및 모델 해시 재확인,NO
area_10,m_squid,CACHED_SOURCE_CONFIRMED,D:\maplestory_levup\docs\art\output_audit\runs\20260912_162508_msw_origin_art_review\source_copies\013b3e6ba18249269e4a1b85c536a0d9.gif,013b3e6ba18249269e4a1b85c536a0d9,e1d1d1b20bdfdb855b28c5b5f4152af458176902e4cd41c154d2766bd79bcdd7,da1791b042889bc36c09526c67545450b5778e7dd7876c73f037452a8e885368,SOURCE_CHECK.csv 조회 시각/RUID/API 증빙 재사용; 원본 사본 및 모델 해시 재확인,NO
area_10,m_shark,CACHED_SOURCE_CONFIRMED,D:\maplestory_levup\docs\art\output_audit\runs\20260912_162508_msw_origin_art_review\source_copies\b95f05df46124b3485d0a15bb79b10fb.gif,b95f05df46124b3485d0a15bb79b10fb,58cf6089c48b949216e03be2435bd8185dcd4672407b671b469efa83cc7fabd6,631bc6382ac84c8998d9fe6022a5810c1e7f17a8b7690b033253f367bfb89f69,SOURCE_CHECK.csv 조회 시각/RUID/API 증빙 재사용; 원본 사본 및 모델 해시 재확인,NO
area_10,m_pianus,CACHED_SOURCE_CONFIRMED,D:\maplestory_levup\docs\art\output_audit\runs\20260912_162508_msw_origin_art_review\source_copies\207c5d6dcee243ad9a141397244ba9a9.gif,207c5d6dcee243ad9a141397244ba9a9,f0d6fac1b329d43decc21b73e71ef96072c79a2300f52205ce855bcaeb0c473d,df6cd80e605046b68a164f38fea7271839e582c7776b0e7a99f95e6cff9a5778,SOURCE_CHECK.csv 조회 시각/RUID/API 증빙 재사용; 원본 사본 및 모델 해시 재확인,NO
area_11,m_ratz,CACHED_SOURCE_CONFIRMED,D:\maplestory_levup\docs\art\output_audit\runs\20260912_162508_msw_origin_art_review\source_copies\383e34f2a8584a96a01b80a8fadbb813.gif,383e34f2a8584a96a01b80a8fadbb813,ed4b1ac0c11fe82e06838049fbb4580e71c047ad2af748af40a2f799eaef7a49,5a411227b48728f7e2c7f4f0d5b6828300433fdfbb8029c6307cf5b9d25a377b,SOURCE_CHECK.csv 조회 시각/RUID/API 증빙 재사용; 원본 사본 및 모델 해시 재확인,NO
area_11,m_drumming_bunny,CACHED_SOURCE_CONFIRMED,D:\maplestory_levup\docs\art\output_audit\runs\20260912_162508_msw_origin_art_review\source_copies\20283346c1db42b593fdddb218ea769a.gif,20283346c1db42b593fdddb218ea769a,bb537e6c017856f641ea1f7d618221fa687ba6712a4e6eee081bd56b82b41774,e152ab74011a943308c968740bf4cd87a9d443aa2b66cfb7148356f7894d8680,SOURCE_CHECK.csv 조회 시각/RUID/API 증빙 재사용; 원본 사본 및 모델 해시 재확인,NO
area_11,m_bloctopus,CACHED_SOURCE_CONFIRMED,D:\maplestory_levup\docs\art\output_audit\runs\20260912_162508_msw_origin_art_review\source_copies\826410e1bd4e4a12a612ab642c19c705.gif,826410e1bd4e4a12a612ab642c19c705,dcf5df2776b1749e5fbf15342760d70c4e50cd18343face82fa157daca8b412f,3ed98490b8dd7d15d870dd5f6b76fedeffe6e7a6cbb29539b5b486b28060a2c7,SOURCE_CHECK.csv 조회 시각/RUID/API 증빙 재사용; 원본 사본 및 모델 해시 재확인,NO
area_11,m_king_bloctopus,CACHED_SOURCE_CONFIRMED,D:\maplestory_levup\docs\art\output_audit\runs\20260912_162508_msw_origin_art_review\source_copies\cb5eb9faaf68477292af0b710e383c9d.gif,cb5eb9faaf68477292af0b710e383c9d,f4a7a55542d5a5d867a8f8f2626c4cc6fc7c3acc5b0e4e50c88585096f1623b2,a8042acb6f80650be5ec2eea1d4e4afcc915806da6754abce6655dfbfeabdec7,SOURCE_CHECK.csv 조회 시각/RUID/API 증빙 재사용; 원본 사본 및 모델 해시 재확인,NO
area_11,m_rombot,CACHED_SOURCE_CONFIRMED,D:\maplestory_levup\docs\art\output_audit\runs\20260912_162508_msw_origin_art_review\source_copies\b41def4288404055b3b8850daa99cfbf.gif,b41def4288404055b3b8850daa99cfbf,c7d09bf377c6e1e4359c02ea0e13e2ecfe1f7bed3ea32391598b0b66337ee4cb,7a7b5c422accbdede87ead1d6ab92c5ded3fbeac65bd52ae83d5ba9e3cea5d94,SOURCE_CHECK.csv 조회 시각/RUID/API 증빙 재사용; 원본 사본 및 모델 해시 재확인,NO
area_12,m_brown_teddy,CACHED_SOURCE_CONFIRMED,D:\maplestory_levup\docs\art\output_audit\runs\20260912_162508_msw_origin_art_review\source_copies\46fd51a318b64738a36beeb3db02a970.gif,46fd51a318b64738a36beeb3db02a970,b6d786ad356a6d9fcdb824720920c65fb8090649657fc2622dd8102f3dec0156,d05ea1a14a838cc0f36e1c6eb509d370350730036572e8d82823d286a551250b,SOURCE_CHECK.csv 조회 시각/RUID/API 증빙 재사용; 원본 사본 및 모델 해시 재확인,NO
area_12,m_toy_trojan,CACHED_SOURCE_CONFIRMED,D:\maplestory_levup\docs\art\output_audit\runs\20260912_162508_msw_origin_art_review\source_copies\f9a2d6e8feaf4c90a3e00d022932fdaa.gif,f9a2d6e8feaf4c90a3e00d022932fdaa,0ba4e9e3ac8f98cc7834353e7512ddf4b307899b1fdb477c513ec04956f181db,4b4e26f5a889327ae68b470e66fd845f6e509a0b66931fc2f64d6f2d85e7f400,SOURCE_CHECK.csv 조회 시각/RUID/API 증빙 재사용; 원본 사본 및 모델 해시 재확인,NO
area_12,m_master_robo,CACHED_SOURCE_CONFIRMED,D:\maplestory_levup\docs\art\output_audit\runs\20260912_162508_msw_origin_art_review\source_copies\f5d65e28cb0e4990bf5727015f22e0f1.gif,f5d65e28cb0e4990bf5727015f22e0f1,6105aff1d199300e5e108e2ec6a730d1f6958d499ef4a5a7ff896391b77e768b,be638332f0dbbffffe5b847cd89696331b2f6c51bd234492f749214cdc4daf3e,SOURCE_CHECK.csv 조회 시각/RUID/API 증빙 재사용; 원본 사본 및 모델 해시 재확인,NO
area_12,m_chronos,CACHED_SOURCE_CONFIRMED,D:\maplestory_levup\docs\art\output_audit\runs\20260912_162508_msw_origin_art_review\source_copies\1356c7ad27254459aaf789b51a75875c.gif,1356c7ad27254459aaf789b51a75875c,8b15d9b39f79b347fcb83f4ee708a67198c9e5da53e3863eabc6fd59983dbaa1,099dd9617b424e128da9f8b9bff2ce77c445f6568b06bc05ba87f5a644471caa,SOURCE_CHECK.csv 조회 시각/RUID/API 증빙 재사용; 원본 사본 및 모델 해시 재확인,NO
area_12,m_timer,CACHED_SOURCE_CONFIRMED,D:\maplestory_levup\docs\art\output_audit\runs\20260912_162508_msw_origin_art_review\source_copies\cbdd230e5cd34b7b9eeb1cd206d19f34.gif,cbdd230e5cd34b7b9eeb1cd206d19f34,269718d5a6664f74951b944a2f1ebf349f58643d0561046c7eba4f610577df8f,0177ab52df97a912e072f1a41bf184be4961f8028aedc0ecbd2bdce75b1d35ef,SOURCE_CHECK.csv 조회 시각/RUID/API 증빙 재사용; 원본 사본 및 모델 해시 재확인,NO
area_13,m_white_sand_rabbit,CACHED_SOURCE_CONFIRMED,D:\maplestory_levup\docs\art\output_audit\runs\20260912_162508_msw_origin_art_review\source_copies\981c64ae30bd4f98aef886e9314d8e64.gif,981c64ae30bd4f98aef886e9314d8e64,438e23c2880a6d7366c261abe3bcde8f1e7efeaad4a8e9a177b40d68099c02d4,6ce001d22923438d9cd9c9a9c97593083e1902a9e354c56edf8084b923413a74,SOURCE_CHECK.csv 조회 시각/RUID/API 증빙 재사용; 원본 사본 및 모델 해시 재확인,NO
area_13,m_scarf_plead,CACHED_SOURCE_CONFIRMED,D:\maplestory_levup\docs\art\output_audit\runs\20260912_162508_msw_origin_art_review\source_copies\30e7faf77c6c41d583f341c234220597.gif,30e7faf77c6c41d583f341c234220597,53c78171a706f68e2851b265404a2b9adc18bfdcc8153a6296289bb2a0e1f614,4621149bd91bc0b2d0767cb2d8314d127424269629b59e828bc8f65c66955c55,SOURCE_CHECK.csv 조회 시각/RUID/API 증빙 재사용; 원본 사본 및 모델 해시 재확인,NO
area_13,m_meercat,CACHED_SOURCE_CONFIRMED,D:\maplestory_levup\docs\art\output_audit\runs\20260912_162508_msw_origin_art_review\source_copies\fc3c2944ce44425c8d7f302a8610b886.gif,fc3c2944ce44425c8d7f302a8610b886,1199223e42b788d5a79f197f982e57830ee127c8240e8a1db919031e373ec51c,58a81f5b23b506193124175913b2eea38c271c5556a82328b7afa273f22cd73a,SOURCE_CHECK.csv 조회 시각/RUID/API 증빙 재사용; 원본 사본 및 모델 해시 재확인,NO
area_13,m_sand_dwarf,CACHED_SOURCE_CONFIRMED,D:\maplestory_levup\docs\art\output_audit\runs\20260912_162508_msw_origin_art_review\source_copies\64f166fa4e5445bc982071dea297d988.gif,64f166fa4e5445bc982071dea297d988,1de46d66fc06b8d0623435f1209131a9233f2d8a6f4aa5df0680b176730ab91e,00b254203e3022fb1fc05a9271d2c377aca1f057725ecccc6acccecc541b8ecd,SOURCE_CHECK.csv 조회 시각/RUID/API 증빙 재사용; 원본 사본 및 모델 해시 재확인,NO
area_13,m_deo,CACHED_SOURCE_CONFIRMED,D:\maplestory_levup\docs\art\output_audit\runs\20260912_162508_msw_origin_art_review\source_copies\6cf930e280f44694a0a0feedbfd855ed.gif,6cf930e280f44694a0a0feedbfd855ed,a05cde73cc14282d92c59c72047d9bc7491e50ad6f9ef00451c0b2c01ebde97f,c969862fdcd2d7e042591b4f28e92091b1be14cd597e4d64155dbc41e9d48c7e,SOURCE_CHECK.csv 조회 시각/RUID/API 증빙 재사용; 원본 사본 및 모델 해시 재확인,NO
area_14,m_cube_slime,CACHED_SOURCE_CONFIRMED,D:\maplestory_levup\docs\art\output_audit\runs\20260912_162508_msw_origin_art_review\source_copies\e93e27480f1043ef8e51fa3b0906a4d9.gif,e93e27480f1043ef8e51fa3b0906a4d9,93f5e690a8af3838bf6780932e1076ec2bd211e2cd10ba62d2559ac18079cb31,3c183b3e446eda77c51940d1ffa9e82deb8a66d9b0dd92574970f38d46ce886b,SOURCE_CHECK.csv 조회 시각/RUID/API 증빙 재사용; 원본 사본 및 모델 해시 재확인,NO
area_14,m_mithril_mutae,CACHED_SOURCE_CONFIRMED,D:\maplestory_levup\docs\art\output_audit\runs\20260912_162508_msw_origin_art_review\source_copies\b06abb18fb52476d8bc7bdd5e46abe19.gif,b06abb18fb52476d8bc7bdd5e46abe19,d535a7336236c094603571cc58bd5ae53322266dc869add373be9b7143ac7abf,49e79d820e33e1ccf15c272ae2af42543fc480a468c96c899c5efeb31cf30f25,SOURCE_CHECK.csv 조회 시각/RUID/API 증빙 재사용; 원본 사본 및 모델 해시 재확인,NO
area_14,m_homun,CACHED_SOURCE_CONFIRMED,D:\maplestory_levup\docs\art\output_audit\runs\20260912_162508_msw_origin_art_review\source_copies\8f0fb531779d41738664009091d7b017.gif,8f0fb531779d41738664009091d7b017,bd3e31a252bc19c34922bd4f35e8a8b9e521347711f086582ed0b95dd3758a02,1a29e115549ec5b2be365a7b4241ed0321d94da115494f428d5ba2644859e445,SOURCE_CHECK.csv 조회 시각/RUID/API 증빙 재사용; 원본 사본 및 모델 해시 재확인,NO
area_14,m_roid,CACHED_SOURCE_CONFIRMED,D:\maplestory_levup\docs\art\output_audit\runs\20260912_162508_msw_origin_art_review\source_copies\364bc76e0cc3429ea8ca758319ec7678.gif,364bc76e0cc3429ea8ca758319ec7678,6ef87a1f9fe4638ddfa86afa7ff5449ef10ccd6dff93d2baf724c40c15d3f46e,eda871848837285cc0b2c79b1f324713e64b63b894c0d8096302edd12260383e,SOURCE_CHECK.csv 조회 시각/RUID/API 증빙 재사용; 원본 사본 및 모델 해시 재확인,NO
area_14,m_chimera,CACHED_SOURCE_CONFIRMED,D:\maplestory_levup\docs\art\output_audit\runs\20260912_162508_msw_origin_art_review\source_copies\3f5236d28b1f409797fe7c4b48743b8a.gif,3f5236d28b1f409797fe7c4b48743b8a,57df7b4dc69372d1b7e6ea21ef415abfc935a5f7df48015f2d85e576b1958f1c,e34afcbefdcb1a92a2ce08a27d92775cc5cac3cda8d902c1a4a08d6de5edec41,SOURCE_CHECK.csv 조회 시각/RUID/API 증빙 재사용; 원본 사본 및 모델 해시 재확인,NO
area_15,m_straw_dummy,CACHED_SOURCE_CONFIRMED,D:\maplestory_levup\docs\art\output_audit\runs\20260912_162508_msw_origin_art_review\source_copies\4b1d55e35ae9462b944297691025429a.gif,4b1d55e35ae9462b944297691025429a,e073720d2e3afc698a000afc3bda7e634bed9fa8054f59d19904b0db2cbe70c5,455dd9bd62e788ae8c37fa724dd7f53a3ba9abefe1cb3cbe2e30918704425ae0,SOURCE_CHECK.csv 조회 시각/RUID/API 증빙 재사용; 원본 사본 및 모델 해시 재확인,NO
area_15,m_wooden_dummy,CACHED_SOURCE_CONFIRMED,D:\maplestory_levup\docs\art\output_audit\runs\20260912_162508_msw_origin_art_review\source_copies\91ff481190624f0fa850c86c8d3bdbde.gif,91ff481190624f0fa850c86c8d3bdbde,56a0a4c56bb5ee587d4b8265d321f144272c929bb04a8e640529b285aa483145,e52e3dcd6f341ac6b41dd6ef38910053472f3dc22b7f4af030e7e971009feb84,SOURCE_CHECK.csv 조회 시각/RUID/API 증빙 재사용; 원본 사본 및 모델 해시 재확인,NO
area_15,m_peach_monkey,CACHED_SOURCE_CONFIRMED,D:\maplestory_levup\docs\art\output_audit\runs\20260912_162508_msw_origin_art_review\source_copies\15e255981ed54cf092a136b1526aa055.gif,15e255981ed54cf092a136b1526aa055,8576a2804271f9395ac55ecfcd460963afeb9c44db418bf8fa057c8d52d4e2de,4a2a4d31d6a06f1d0f001bba4b91acc02304e842687878d72d7cf552d947ac64,SOURCE_CHECK.csv 조회 시각/RUID/API 증빙 재사용; 원본 사본 및 모델 해시 재확인,NO
area_15,m_blue_flower_serpent,CACHED_SOURCE_CONFIRMED,D:\maplestory_levup\docs\art\output_audit\runs\20260912_162508_msw_origin_art_review\source_copies\75dc3d98cc1243298dca02fd708bcb34.gif,75dc3d98cc1243298dca02fd708bcb34,58f5397a1e052546ab2bf4481f61fee221fd83888090d12c57f441b86c49d7f5,0793996b2b75fa22218c0f2594b69169222cef65325b8425bab3544c9c8f14b8,SOURCE_CHECK.csv 조회 시각/RUID/API 증빙 재사용; 원본 사본 및 모델 해시 재확인,NO
area_15,m_tae_roon,CACHED_SOURCE_CONFIRMED,D:\maplestory_levup\docs\art\output_audit\runs\20260912_162508_msw_origin_art_review\source_copies\0e1e782401624d7693959777c0b16ebe.gif,0e1e782401624d7693959777c0b16ebe,b2a368a57600c54f263a9de59efa62cde8783040682fb0728a8417a1b36b5417,1b61e4be9af9a360ec3a8b96c0aaeb629d76c4654949c9067b466263de512e30,SOURCE_CHECK.csv 조회 시각/RUID/API 증빙 재사용; 원본 사본 및 모델 해시 재확인,NO
area_16,m_harp,CACHED_SOURCE_CONFIRMED,D:\maplestory_levup\docs\art\output_audit\runs\20260912_162508_msw_origin_art_review\source_copies\96bd8dd2077844d1a0e5ce6b956d94ef.gif,96bd8dd2077844d1a0e5ce6b956d94ef,34192164ddb62a709550deb553715fba1b28b9e0af10a733d869ca3d5ec801b5,2e5f7fce0a74f5e485d44146b16f45d4e4f38a47898ad8105839cb358d43e614,SOURCE_CHECK.csv 조회 시각/RUID/API 증빙 재사용; 원본 사본 및 모델 해시 재확인,NO
area_16,m_blood_harp,CACHED_SOURCE_CONFIRMED,D:\maplestory_levup\docs\art\output_audit\runs\20260912_162508_msw_origin_art_review\source_copies\8c2ec5bf58894061a19479ed7545637b.gif,8c2ec5bf58894061a19479ed7545637b,19d24bc730a31ecc6e207128c38e9780e6a1b479e57569bc818796401474347a,9f6d5dfc57bd644714650db17374f15b8ed7c326f6df7179c3683aea46c2cd80,SOURCE_CHECK.csv 조회 시각/RUID/API 증빙 재사용; 원본 사본 및 모델 해시 재확인,NO
area_16,m_blue_wyvern,CACHED_SOURCE_CONFIRMED,D:\maplestory_levup\docs\art\output_audit\runs\20260912_162508_msw_origin_art_review\source_copies\07bc82953fca4677bc00f74680ec337b.gif,07bc82953fca4677bc00f74680ec337b,18a9f7173c5dbabc9ebf2e0a1a23f7062f2f8d85ba9f86c1eef821e1c319d88a,e1374dc176a09318e21984d4e20a3ef58beb95f18c1dd71f6bbd7fa5e0a43cc7,SOURCE_CHECK.csv 조회 시각/RUID/API 증빙 재사용; 원본 사본 및 모델 해시 재확인,NO
area_16,m_dark_wyvern,CACHED_SOURCE_CONFIRMED,D:\maplestory_levup\docs\art\output_audit\runs\20260912_162508_msw_origin_art_review\source_copies\2d932a6e7989426a9856fb5fc2d0e59f.gif,2d932a6e7989426a9856fb5fc2d0e59f,7c3f77106330e1b9243bad3457fa8777d5cae178db96fa9093953f615acfccf9,850c48018ff59536a151beb7468fb01d1b0cb30d4352e48f8898c46dfdf9b186,SOURCE_CHECK.csv 조회 시각/RUID/API 증빙 재사용; 원본 사본 및 모델 해시 재확인,NO
area_16,m_manon,CACHED_SOURCE_CONFIRMED,D:\maplestory_levup\docs\art\output_audit\runs\20260912_162508_msw_origin_art_review\source_copies\b8cdd7920392456f99272649c7cb7c2d.gif,b8cdd7920392456f99272649c7cb7c2d,1e9ab303e2e0dd326fef455a0f27613ceb81354503c0c8b283accae2dc5933c9,1713596df416618925c241cc2968f384a0a3c766c56af7ada08d1d0217272dd8,SOURCE_CHECK.csv 조회 시각/RUID/API 증빙 재사용; 원본 사본 및 모델 해시 재확인,NO
area_17,m_memory_monk,CACHED_SOURCE_CONFIRMED,D:\maplestory_levup\docs\art\output_audit\runs\20260912_162508_msw_origin_art_review\source_copies\36ff7a667243465caef855b4fb7b9f84.gif,36ff7a667243465caef855b4fb7b9f84,26a7a0ba5837c275d421a044fdba88344493cf3499e54f6dcf613d0e98db9b6f,f6169a2cd2608d8a1ded11c0e956c934406e4891780551e182df5bd576096435,SOURCE_CHECK.csv 조회 시각/RUID/API 증빙 재사용; 원본 사본 및 모델 해시 재확인,NO
area_17,m_memory_monk_trainee,CACHED_SOURCE_CONFIRMED,D:\maplestory_levup\docs\art\output_audit\runs\20260912_162508_msw_origin_art_review\source_copies\699e78db5d3a48578388d33dc333258a.gif,699e78db5d3a48578388d33dc333258a,ebf84c86c8f52bdb039cf122b172e2e2cc1a264197f3b30548f99acbfd1e14d3,9771a6fa30ca4fb2767d73d287f59bd8e83704ea92216d5c1b3e53da717593c1,SOURCE_CHECK.csv 조회 시각/RUID/API 증빙 재사용; 원본 사본 및 모델 해시 재확인,NO
area_17,m_memory_guardian,CACHED_SOURCE_CONFIRMED,D:\maplestory_levup\docs\art\output_audit\runs\20260912_162508_msw_origin_art_review\source_copies\0b258556de2e401e97014ae48fe96b7a.gif,0b258556de2e401e97014ae48fe96b7a,702bb6b6cca0c756856e849cb288196fe4f3d5082123d4ae11187478b62e8146,f4ebd1bf68d67de7c60a65fce7ee02ad85b05d1d3aec91f332edd163c01fb7d7,SOURCE_CHECK.csv 조회 시각/RUID/API 증빙 재사용; 원본 사본 및 모델 해시 재확인,NO
area_17,m_chief_memory_guardian,CACHED_SOURCE_CONFIRMED,D:\maplestory_levup\docs\art\output_audit\runs\20260912_162508_msw_origin_art_review\source_copies\de30bc44af34409eb14d46100dc4e48e.gif,de30bc44af34409eb14d46100dc4e48e,37bb7913b47371d0cfeb343c1c3a5389ff67c565df9b21a597f2051cea97bc38,2ca0e69800e1e09cde34c08a6d7ed270adab1defe24de8cd3e0571590946284c,SOURCE_CHECK.csv 조회 시각/RUID/API 증빙 재사용; 원본 사본 및 모델 해시 재확인,NO
area_17,m_dodo,CACHED_SOURCE_CONFIRMED,D:\maplestory_levup\docs\art\output_audit\runs\20260912_162508_msw_origin_art_review\source_copies\2d63f90f9d464f7192713ad9209e9e63.gif,2d63f90f9d464f7192713ad9209e9e63,e77362515cd359c78429007169d4d831b0625768a461d1948593c2008d1d23e3,5168bce3ac5ac43a046341ea4aa3d7d75a771769a9bd00f46ae104bdc2df97a9,SOURCE_CHECK.csv 조회 시각/RUID/API 증빙 재사용; 원본 사본 및 모델 해시 재확인,NO
area_18,m_mateon,CACHED_SOURCE_CONFIRMED,D:\maplestory_levup\docs\art\output_audit\runs\20260912_162508_msw_origin_art_review\source_copies\53043af9433844258a090f3b231ce39f.gif,53043af9433844258a090f3b231ce39f,80d3671b7646f398015e4f17c8794defda4d4bd7a1d9ce242a0c09bc6b5c64ae,48f7f342f4ef9166d4c44a904b6e7b27197a55792cd225a735ac3c18e0da37b0,SOURCE_CHECK.csv 조회 시각/RUID/API 증빙 재사용; 원본 사본 및 모델 해시 재확인,NO
area_18,m_plateon,CACHED_SOURCE_CONFIRMED,D:\maplestory_levup\docs\art\output_audit\runs\20260912_162508_msw_origin_art_review\source_copies\e03cf5ce06784947b45ce95afb70927c.gif,e03cf5ce06784947b45ce95afb70927c,939eca6f24e8277da86119e3b223df61c975eaa7dd6066ad4b314dbd44692f61,bd6fd3fd7cfb6f199b61bec198dfc1c8b49e4e5e9be86a9ce3f809bb56806655,SOURCE_CHECK.csv 조회 시각/RUID/API 증빙 재사용; 원본 사본 및 모델 해시 재확인,NO
area_18,m_mecateon,CACHED_SOURCE_CONFIRMED,D:\maplestory_levup\docs\art\output_audit\runs\20260912_162508_msw_origin_art_review\source_copies\1509ce195a5c49a0aea5f9b189ce7edb.gif,1509ce195a5c49a0aea5f9b189ce7edb,b8539a892275eafda8b14e3d47a4d6293799b140475006967f99f0fd0ec6ba61,7f3326967d44a5be7ff378f8e9d939d2efff123de2c65e63d90b56a60dd7176d,SOURCE_CHECK.csv 조회 시각/RUID/API 증빙 재사용; 원본 사본 및 모델 해시 재확인,NO
area_18,m_chief_gray,CACHED_SOURCE_CONFIRMED,D:\maplestory_levup\docs\art\output_audit\runs\20260912_162508_msw_origin_art_review\source_copies\48027185a78d470da83199b478bed48b.gif,48027185a78d470da83199b478bed48b,83c0482984c13a6da15e0febd6aa17cc0f52d4082a9ede4c6d7588304f5d6202,deb79440a34842ff63685758706e65d3ae23f5d806d986289a3ff53b9892a5b1,SOURCE_CHECK.csv 조회 시각/RUID/API 증빙 재사용; 원본 사본 및 모델 해시 재확인,NO
area_18,m_zeno,CACHED_SOURCE_CONFIRMED,D:\maplestory_levup\docs\art\output_audit\runs\20260912_162508_msw_origin_art_review\source_copies\689bc520bc2544abb62ec505ca91aab4.gif,689bc520bc2544abb62ec505ca91aab4,95e4441f8c161569e5458ab8e6ef808f2837203560730585f365d279d752609d,b8095a99d7fa4d44b29e4c5b3f15d326ab91b27e4da6df889c99a40f30632688,SOURCE_CHECK.csv 조회 시각/RUID/API 증빙 재사용; 원본 사본 및 모델 해시 재확인,NO
area_19,m_official_knight_c,CACHED_SOURCE_CONFIRMED,D:\maplestory_levup\docs\art\output_audit\runs\20260912_162508_msw_origin_art_review\source_copies\da57403b50694b12bf0e19aa3a64112d.gif,da57403b50694b12bf0e19aa3a64112d,73359e8d773a38e1fc3f37eea0f191b21bc2100efada7ed0f0828fc1d550c9eb,012d577001c25dc9f59854a35b6f872989c51fda62859fb847f9a9a9d3c0d258,SOURCE_CHECK.csv 조회 시각/RUID/API 증빙 재사용; 원본 사본 및 모델 해시 재확인,NO
area_19,m_official_knight_d,CACHED_SOURCE_CONFIRMED,D:\maplestory_levup\docs\art\output_audit\runs\20260912_162508_msw_origin_art_review\source_copies\1b11119e13474135882191d052342552.gif,1b11119e13474135882191d052342552,6b51d11cc682a6e096f8e495c688505d7f33208b616de3f2d4c2c00dbfba5b30,ab0c2d1d8caa05ac68e6abf163a7ba74d30b770a98333e6dc8e331ef047cccf3,SOURCE_CHECK.csv 조회 시각/RUID/API 증빙 재사용; 원본 사본 및 모델 해시 재확인,NO
area_19,m_advanced_knight_a,CACHED_SOURCE_CONFIRMED,D:\maplestory_levup\docs\art\output_audit\runs\20260912_162508_msw_origin_art_review\source_copies\b2ab0d2ec4d346079c5738c79c8b909b.gif,b2ab0d2ec4d346079c5738c79c8b909b,4f25e8edec3212301500477ac415153d34c037ee6fdca2cfc6a1311543f1da04,515ba726f0c8d207055d3ebd391bb12c6f1ce5f2aed4bdc73c58f86b5327b74c,SOURCE_CHECK.csv 조회 시각/RUID/API 증빙 재사용; 원본 사본 및 모델 해시 재확인,NO
area_19,m_advanced_knight_b,CACHED_SOURCE_CONFIRMED,D:\maplestory_levup\docs\art\output_audit\runs\20260912_162508_msw_origin_art_review\source_copies\3a107a08957f442d8b3e191258198056.gif,3a107a08957f442d8b3e191258198056,38799a7fbea2d29a921aad4edc100f13621f1a77b32355aa684690b99f42f7a9,3d6a1feec59f3757715f9c4595689ad24b3451a3c3784d68b9247e62fbab60b4,SOURCE_CHECK.csv 조회 시각/RUID/API 증빙 재사용; 원본 사본 및 모델 해시 재확인,NO
area_19,m_cygnus,CACHED_SOURCE_CONFIRMED,D:\maplestory_levup\docs\art\output_audit\runs\20260912_162508_msw_origin_art_review\source_copies\397136593bdb4e37b17d0d9e40ce0006.gif,397136593bdb4e37b17d0d9e40ce0006,63cb6794a1f9e7965762ba0cb1d3605a021080223d0293a0151881e5ac960acb,e553605c9b523d0574dda1563b2312c0167a80adcef83dbad2fc06b376b1a15e,SOURCE_CHECK.csv 조회 시각/RUID/API 증빙 재사용; 원본 사본 및 모델 해시 재확인,NO
area_20,m_mutant_dark_stump,CACHED_SOURCE_CONFIRMED,D:\maplestory_levup\docs\art\output_audit\runs\20260912_162508_msw_origin_art_review\source_copies\9b09382f4ba6483eb11a931f49a68f9b.gif,9b09382f4ba6483eb11a931f49a68f9b,135c9ebaa869b5e692245ff39e8059f81c2fb90be8db07f148bdd3b327305db3,c81c465213e464cbad3ab241ca0c55c4813831a1919fc242b24370b846c9021f,SOURCE_CHECK.csv 조회 시각/RUID/API 증빙 재사용; 원본 사본 및 모델 해시 재확인,NO
area_20,m_mutant_iron_hog,CACHED_SOURCE_CONFIRMED,D:\maplestory_levup\docs\art\output_audit\runs\20260912_162508_msw_origin_art_review\source_copies\cd613d0025674a6f8b1cc7211054eb41.gif,cd613d0025674a6f8b1cc7211054eb41,2d8bfbfe400f2d37b1a1a4af369153056dd34a0bfeeb51c8d894c4b85500f131,99267d29f403eba30b579459d73427743c7e3889cb44b4f9f8bfefd1ec4fd0c4,SOURCE_CHECK.csv 조회 시각/RUID/API 증빙 재사용; 원본 사본 및 모델 해시 재확인,NO
area_20,m_mutant_stone_mask,CACHED_SOURCE_CONFIRMED,D:\maplestory_levup\docs\art\output_audit\runs\20260912_162508_msw_origin_art_review\source_copies\f020a220a2ad40a28d4920b790b32f3c.gif,f020a220a2ad40a28d4920b790b32f3c,bbd255f979a10807b0e3f9c75fd62cace2f513e097a272d4502534ef584997a4,db044f2dc929e5e83a2a02448eab20406a5b3c469f5fa3fa3ca3669874f402ec,SOURCE_CHECK.csv 조회 시각/RUID/API 증빙 재사용; 원본 사본 및 모델 해시 재확인,NO
area_20,m_ancient_dark_golem,CACHED_SOURCE_CONFIRMED,D:\maplestory_levup\docs\art\output_audit\runs\20260912_162508_msw_origin_art_review\source_copies\f60c7188fcd544ef869845a34ff92b30.gif,f60c7188fcd544ef869845a34ff92b30,a0522797ec2bbd2df6e3da2c62939b77651ac9a6db2ae3429c837921673f7eaf,952116a9157c9a75e413ef9903b482a2ad1641ed834ea5958dc397cab6fcfa54,SOURCE_CHECK.csv 조회 시각/RUID/API 증빙 재사용; 원본 사본 및 모델 해시 재확인,NO
area_20,m_mutant_stumpy,CACHED_SOURCE_CONFIRMED,D:\maplestory_levup\docs\art\output_audit\runs\20260912_162508_msw_origin_art_review\source_copies\fe3077e91e5442579b6cfaa6b4c59469.gif,fe3077e91e5442579b6cfaa6b4c59469,26b721f8d6ea83b8076165ec4cede2377d5f917817908fee0a4458822561c0b8,9718b4e3b49d2fef153047fa34e83659dafca393c0f9e23956bb9f697188c55f,SOURCE_CHECK.csv 조회 시각/RUID/API 증빙 재사용; 원본 사본 및 모델 해시 재확인,NO
