index,name,RUID,original_priority,chronology,view_scope,usable_kind,use_limitation,zip_member,sha256
1,미니 블루 드래곤,01663ed8b2a94562956e8029a79c03b5,UNKNOWN,리소스 API에 출시 시기 메타데이터 없음,INVENTORY_ONLY,CONTACT_SHEET_SCREENED_ONLY,183개 인벤토리 축소 보드에서 내용 선별만 수행. 정밀 마감/알파/동작 판단 근거로 사용하지 않음.,AREA_00_IMAGES_INPUT/global_skill_style_library/skills/0001_미니_블루_드래곤/preview.png,612f2ddc68a0a306389bcddeea52ae7d300c226cebec7b8b6aa0838beb43b4b5
2,animationclip-655540,01dbde634dd944e685b45727289bd9b8,UNKNOWN,리소스 API에 출시 시기 메타데이터 없음,INVENTORY_ONLY,CONTACT_SHEET_SCREENED_ONLY,183개 인벤토리 축소 보드에서 내용 선별만 수행. 정밀 마감/알파/동작 판단 근거로 사용하지 않음.,AREA_00_IMAGES_INPUT/global_skill_style_library/skills/0002_animationclip-655540/preview.png,b16984ef17ed9e34a82bafc1fbfe994fc9a3dcc478cd13eb168f60de59f18429
3,animationclip-655555,01f39ee5971246ed8306bc471d44a1fd,LEGACY_REFERENCE,프로젝트 T16-3a의 모험가 계보 자료; 자산 자체 개정일 미확인,INVENTORY_ONLY,CONTACT_SHEET_SCREENED_ONLY,183개 인벤토리 축소 보드에서 내용 선별만 수행. 정밀 마감/알파/동작 판단 근거로 사용하지 않음.,AREA_00_IMAGES_INPUT/global_skill_style_library/skills/0003_animationclip-655555/preview.png,008ba0ba3f0ba7d838e52d75f7486f896089ab7de30bc4fc9f5a58f29dcf1e46
4,animationclip-655557,0207c85c05dd4c4eac12f9ee735d0545,UNKNOWN,리소스 API에 출시 시기 메타데이터 없음,INVENTORY_ONLY,CONTACT_SHEET_SCREENED_ONLY,183개 인벤토리 축소 보드에서 내용 선별만 수행. 정밀 마감/알파/동작 판단 근거로 사용하지 않음.,AREA_00_IMAGES_INPUT/global_skill_style_library/skills/0004_animationclip-655557/preview.png,26cce608f4e2d9718a7c265e9fda7a35cb4a13824e0c92da396b7fb88a15a1fe
5,돌아온 머쉬맘,05113e9dc86448cb8581731824106d75,UNKNOWN,리소스 API에 출시 시기 메타데이터 없음,INVENTORY_ONLY,CONTACT_SHEET_SCREENED_ONLY,183개 인벤토리 축소 보드에서 내용 선별만 수행. 정밀 마감/알파/동작 판단 근거로 사용하지 않음.,AREA_00_IMAGES_INPUT/global_skill_style_library/skills/0005_돌아온_머쉬맘/preview.png,44fd566158d69d917d394156de78f6a055b9952bbc832725dedacd02fa542be9
6,animationclip-1041550,057c2da13da2492c95cb92db424803db,UNKNOWN,리소스 API에 출시 시기 메타데이터 없음,INVENTORY_ONLY,CONTACT_SHEET_SCREENED_ONLY,183개 인벤토리 축소 보드에서 내용 선별만 수행. 정밀 마감/알파/동작 판단 근거로 사용하지 않음.,AREA_00_IMAGES_INPUT/global_skill_style_library/skills/0006_animationclip-1041550/preview.png,7184b723b679bf375f1a6644adeefdbec49dbcd6ec47547f1e15c44d14781a6c
7,롬바드,06bbe7d534094761b54b147f3a79ca38,UNKNOWN,리소스 API에 출시 시기 메타데이터 없음,INVENTORY_ONLY,BODY_SCREENED,본체 이미지가 중심. 몬스터 정체성 보조 외 VFX 마감 근거로 사용하지 않음.,AREA_00_IMAGES_INPUT/global_skill_style_library/skills/0007_롬바드/preview.png,3f7da541b34976fa7fe8ea1243f4a5dcd66db99739ea24e3c93aa7ab40a7ee8a
8,설산의 마녀,0719861214fa45578488a1083f49df5a,UNKNOWN,리소스 API에 출시 시기 메타데이터 없음,INVENTORY_ONLY,CONTACT_SHEET_SCREENED_ONLY,183개 인벤토리 축소 보드에서 내용 선별만 수행. 정밀 마감/알파/동작 판단 근거로 사용하지 않음.,AREA_00_IMAGES_INPUT/global_skill_style_library/skills/0008_설산의_마녀/preview.png,71db6a2eebf8523205c9fb858d25633bf047b9575f00adce43e4e7f756e747fa
9,스퀴드,0906c3a7455940ce9e9db0b0f0278741,UNKNOWN,리소스 API에 출시 시기 메타데이터 없음,INVENTORY_ONLY,CONTACT_SHEET_SCREENED_ONLY,183개 인벤토리 축소 보드에서 내용 선별만 수행. 정밀 마감/알파/동작 판단 근거로 사용하지 않음.,AREA_00_IMAGES_INPUT/global_skill_style_library/skills/0009_스퀴드/preview.png,05a09b201c679613558ae824022f771f94dfb11deb12bfb58a32a08f99f305c4
10,단단한 뿔,0928f98bbd114efc935696c1200c9d39,LEGACY_REFERENCE,프로젝트 T20/T32/T37 직접 제작 아이콘 기록,INVENTORY_ONLY,CONTACT_SHEET_SCREENED_ONLY,183개 인벤토리 축소 보드에서 내용 선별만 수행. 정밀 마감/알파/동작 판단 근거로 사용하지 않음.,AREA_00_IMAGES_INPUT/global_skill_style_library/skills/0010_단단한_뿔/preview.png,25b73a380e4ead5ec8626f9864e9a10c1a2b49f80d754817eec0be4a52e73309
11,sprite-8907568,0af9fd3ccfb540799043da5e580aebbd,UNKNOWN,리소스 API에 출시 시기 메타데이터 없음,INVENTORY_ONLY,CONTACT_SHEET_SCREENED_ONLY,183개 인벤토리 축소 보드에서 내용 선별만 수행. 정밀 마감/알파/동작 판단 근거로 사용하지 않음.,AREA_00_IMAGES_INPUT/global_skill_style_library/skills/0011_sprite-8907568/preview.png,7ebb60a95dfd3fe362c386b522454ab1ce24dd58eda7b4e9d5966a90d9ad8f2e
12,머쉬맘의 포자 충격,0b09a6a325c54caca2282859ae624b22,LEGACY_REFERENCE,프로젝트 T20/T32/T37 직접 제작 아이콘 기록,INVENTORY_ONLY,CONTACT_SHEET_SCREENED_ONLY,183개 인벤토리 축소 보드에서 내용 선별만 수행. 정밀 마감/알파/동작 판단 근거로 사용하지 않음.,AREA_00_IMAGES_INPUT/global_skill_style_library/skills/0012_머쉬맘의_포자_충격/preview.png,3ddf4f591bd4619c05c04b3d9e31426b9a6b1c844f6bd104e57a6a3678522423
13,어둠의 뿌리,0fbbe12552664c5f87944ff56a630178,LEGACY_REFERENCE,프로젝트 T20/T32/T37 직접 제작 아이콘 기록,INVENTORY_ONLY,CONTACT_SHEET_SCREENED_ONLY,183개 인벤토리 축소 보드에서 내용 선별만 수행. 정밀 마감/알파/동작 판단 근거로 사용하지 않음.,AREA_00_IMAGES_INPUT/global_skill_style_library/skills/0013_어둠의_뿌리/preview.png,5e1723e40c3e63316715f150064c9fc8690966c1e20934c59b6af43fb0bf3ef8
14,능력의 다크 와이번,1215ca4153664cb18a207cddcc5ab22c,UNKNOWN,리소스 API에 출시 시기 메타데이터 없음,INVENTORY_ONLY,CONTACT_SHEET_SCREENED_ONLY,183개 인벤토리 축소 보드에서 내용 선별만 수행. 정밀 마감/알파/동작 판단 근거로 사용하지 않음.,AREA_00_IMAGES_INPUT/global_skill_style_library/skills/0014_능력의_다크_와이번/preview.png,5510dc640bff008b9524dec2d57f82c2d946bc4b314864ab5b1bec568b95c934
15,키메라,127defcb953144368b79da1417f8b4b4,UNKNOWN,리소스 API에 출시 시기 메타데이터 없음,INVENTORY_ONLY,CONTACT_SHEET_SCREENED_ONLY,183개 인벤토리 축소 보드에서 내용 선별만 수행. 정밀 마감/알파/동작 판단 근거로 사용하지 않음.,AREA_00_IMAGES_INPUT/global_skill_style_library/skills/0015_키메라/preview.png,9ff035fcbf10e7e71822205648b605cec29db893e3b3eb5500ec58f544084b2d
16,마뇽,128fe611ea9347aab589c5b5d4d8fc5b,UNKNOWN,리소스 API에 출시 시기 메타데이터 없음,INVENTORY_ONLY,CONTACT_SHEET_SCREENED_ONLY,183개 인벤토리 축소 보드에서 내용 선별만 수행. 정밀 마감/알파/동작 판단 근거로 사용하지 않음.,AREA_00_IMAGES_INPUT/global_skill_style_library/skills/0016_마뇽/preview.png,9130e1fedd3a8815f85057f98bea0d2be60d9a09852da553913333a43dbca4d3
17,animationclip-656600,12b8ddbe34324edf81ba40fc36f4ad56,UNKNOWN,리소스 API에 출시 시기 메타데이터 없음,INVENTORY_ONLY,CONTACT_SHEET_SCREENED_ONLY,183개 인벤토리 축소 보드에서 내용 선별만 수행. 정밀 마감/알파/동작 판단 근거로 사용하지 않음.,AREA_00_IMAGES_INPUT/global_skill_style_library/skills/0017_animationclip-656600/preview.png,22509395b37c01fdb0eebdabd06baa02a59f7a6006c7dbe824b4dcf4dd9dd32d
18,구미호,1660382723ff40c296845e8ded7bbc86,UNKNOWN,리소스 API에 출시 시기 메타데이터 없음,INVENTORY_ONLY,CONTACT_SHEET_SCREENED_ONLY,183개 인벤토리 축소 보드에서 내용 선별만 수행. 정밀 마감/알파/동작 판단 근거로 사용하지 않음.,AREA_00_IMAGES_INPUT/global_skill_style_library/skills/0018_구미호/preview.png,b32b10610ec5d8b7e703c9c693c97d753ef1ecd40e2cb96d83c112ebbbd40c74
19,[★] 정식기사C,1a648542a3b447f594b5c331cf44503f,UNKNOWN,리소스 API에 출시 시기 메타데이터 없음,INVENTORY_ONLY,CONTACT_SHEET_SCREENED_ONLY,183개 인벤토리 축소 보드에서 내용 선별만 수행. 정밀 마감/알파/동작 판단 근거로 사용하지 않음.,AREA_00_IMAGES_INPUT/global_skill_style_library/skills/0019_[★]_정식기사C/preview.png,ab79f189fef4203cbe903426f90b63d570498b3ab24e2be12a142ba0c9fcd3d3
20,수련용 나무인형,1ad77c5bc77f4ee3a7b212d6394f0b13,UNKNOWN,리소스 API에 출시 시기 메타데이터 없음,INVENTORY_ONLY,BODY_SCREENED,본체 이미지가 중심. 몬스터 정체성 보조 외 VFX 마감 근거로 사용하지 않음.,AREA_00_IMAGES_INPUT/global_skill_style_library/skills/0020_수련용_나무인형/preview.png,00ebe1dde376bda8b1285ec55b881264f91f7addcad6b843124f23e55aea8487
21,시그너스,1c8327eff1fa4321bef0fe5410a6ddef,UNKNOWN,리소스 API에 출시 시기 메타데이터 없음,INVENTORY_ONLY,CONTACT_SHEET_SCREENED_ONLY,183개 인벤토리 축소 보드에서 내용 선별만 수행. 정밀 마감/알파/동작 판단 근거로 사용하지 않음.,AREA_00_IMAGES_INPUT/global_skill_style_library/skills/0021_시그너스/preview.png,b4c6572d3b301af6e94f8bf6536fa9b601241f41984aa5d172d4340a4dbfa339
22,sprite-8909804,1dc02c9673284efb94da9c86e7414eeb,LEGACY_REFERENCE,프로젝트 T16-3a의 모험가 계보 자료; 자산 자체 개정일 미확인,INVENTORY_ONLY,CONTACT_SHEET_SCREENED_ONLY,183개 인벤토리 축소 보드에서 내용 선별만 수행. 정밀 마감/알파/동작 판단 근거로 사용하지 않음.,AREA_00_IMAGES_INPUT/global_skill_style_library/skills/0022_sprite-8909804/preview.png,478f1d8df0c5c7bdc420a2118e84ed9576c05699609f167a673c3c9f12f28ec1
23,밀로,1ea2d50c388645df9502190ef8092d94,UNKNOWN,리소스 API에 출시 시기 메타데이터 없음,INVENTORY_ONLY,CONTACT_SHEET_SCREENED_ONLY,183개 인벤토리 축소 보드에서 내용 선별만 수행. 정밀 마감/알파/동작 판단 근거로 사용하지 않음.,AREA_00_IMAGES_INPUT/global_skill_style_library/skills/0023_밀로/preview.png,a52f7de6330cd865633ce954c8f8f591a0ce3c318de972988c45cba14aed42dc
24,블러드 하프,1f2bdb3b15a145ea8f3db3fbfb61296b,UNKNOWN,리소스 API에 출시 시기 메타데이터 없음,INVENTORY_ONLY,CONTACT_SHEET_SCREENED_ONLY,183개 인벤토리 축소 보드에서 내용 선별만 수행. 정밀 마감/알파/동작 판단 근거로 사용하지 않음.,AREA_00_IMAGES_INPUT/global_skill_style_library/skills/0024_블러드_하프/preview.png,a3397540f931a11f73c1e005a7734fc042b30bc48c773ef5833a26dec22ebd34
25,메카티안,1fe5c891382642d3aa35a89414f43fce,UNKNOWN,리소스 API에 출시 시기 메타데이터 없음,INVENTORY_ONLY,CONTACT_SHEET_SCREENED_ONLY,183개 인벤토리 축소 보드에서 내용 선별만 수행. 정밀 마감/알파/동작 판단 근거로 사용하지 않음.,AREA_00_IMAGES_INPUT/global_skill_style_library/skills/0025_메카티안/preview.png,1743e9d269cbd7a9ff9bb02892721ac4b457aa99903bccf15985bfc32623fa52
26,흰 모래토끼,201c4ae9d7c24438b56fb4d731ed9245,UNKNOWN,리소스 API에 출시 시기 메타데이터 없음,INVENTORY_ONLY,CONTACT_SHEET_SCREENED_ONLY,183개 인벤토리 축소 보드에서 내용 선별만 수행. 정밀 마감/알파/동작 판단 근거로 사용하지 않음.,AREA_00_IMAGES_INPUT/global_skill_style_library/skills/0026_흰_모래토끼/preview.png,7e9923e83447613804d3e32f0e7627786ba6a254a48fce1054c1c65451461143
27,샤크,209c4567073b424e8d445cea7efb80e3,UNKNOWN,리소스 API에 출시 시기 메타데이터 없음,INVENTORY_ONLY,CONTACT_SHEET_SCREENED_ONLY,183개 인벤토리 축소 보드에서 내용 선별만 수행. 정밀 마감/알파/동작 판단 근거로 사용하지 않음.,AREA_00_IMAGES_INPUT/global_skill_style_library/skills/0027_샤크/preview.png,54ca33cfad8f95e68f3e37059a8cdf75e4dd86b68164f87ce4e102ccb57a70a8
28,animationclip-657546,22444db0645d47f48f300f36b3d90e4b,UNKNOWN,리소스 API에 출시 시기 메타데이터 없음,INVENTORY_ONLY,CONTACT_SHEET_SCREENED_ONLY,183개 인벤토리 축소 보드에서 내용 선별만 수행. 정밀 마감/알파/동작 판단 근거로 사용하지 않음.,AREA_00_IMAGES_INPUT/global_skill_style_library/skills/0028_animationclip-657546/preview.png,5b9ce6888c45434a62558b1dfe9e7ef5448332987da4f8c5888695b87dcbb469
29,마티안,22db356cc60940089b7f5d592c7d5813,UNKNOWN,리소스 API에 출시 시기 메타데이터 없음,INVENTORY_ONLY,CONTACT_SHEET_SCREENED_ONLY,183개 인벤토리 축소 보드에서 내용 선별만 수행. 정밀 마감/알파/동작 판단 근거로 사용하지 않음.,AREA_00_IMAGES_INPUT/global_skill_style_library/skills/0029_마티안/preview.png,e4721950182ba071d96638b6d55add1e7437590908818a344a136e3cd1944660
30,sprite-8910424,22f848d3e25941d88f3bccaebe6f7f64,LEGACY_REFERENCE,프로젝트 T16-3a의 모험가 계보 자료; 자산 자체 개정일 미확인,INVENTORY_ONLY,CONTACT_SHEET_SCREENED_ONLY,183개 인벤토리 축소 보드에서 내용 선별만 수행. 정밀 마감/알파/동작 판단 근거로 사용하지 않음.,AREA_00_IMAGES_INPUT/global_skill_style_library/skills/0030_sprite-8910424/preview.png,3b4088ce617ed8f8687c103ba772f9e04f73caedf48d1050eefd3b15612704a2
31,sprite-8910555,2403c0085abe432b8120278f1c82442c,UNKNOWN,리소스 API에 출시 시기 메타데이터 없음,INVENTORY_ONLY,CONTACT_SHEET_SCREENED_ONLY,183개 인벤토리 축소 보드에서 내용 선별만 수행. 정밀 마감/알파/동작 판단 근거로 사용하지 않음.,AREA_00_IMAGES_INPUT/global_skill_style_library/skills/0031_sprite-8910555/preview.png,ca8565957bc52f2666019a2364d610cccceb22188b60362e7bcc8964a88ed177
32,animationclip-657650,24a41e7c8ab9445589d9b637528b7a1c,LEGACY_REFERENCE,프로젝트 T16-3a의 모험가 계보 자료; 자산 자체 개정일 미확인,INVENTORY_ONLY,CONTACT_SHEET_SCREENED_ONLY,183개 인벤토리 축소 보드에서 내용 선별만 수행. 정밀 마감/알파/동작 판단 근거로 사용하지 않음.,AREA_00_IMAGES_INPUT/global_skill_style_library/skills/0032_animationclip-657650/preview.png,2e8f77bfd157a487308bd9396ad447b09e82b9ec08df3183ab08360df4bd6c77
33,sprite-8910806,25f430af296748f39f48de4a6a6faea7,UNKNOWN,리소스 API에 출시 시기 메타데이터 없음,INVENTORY_ONLY,CONTACT_SHEET_SCREENED_ONLY,183개 인벤토리 축소 보드에서 내용 선별만 수행. 정밀 마감/알파/동작 판단 근거로 사용하지 않음.,AREA_00_IMAGES_INPUT/global_skill_style_library/skills/0033_sprite-8910806/preview.png,fd348680d899ab4257002e4f5e99a4eb525a218e457f9d76e1626aac23919c01
34,animationclip-657764,2643498ff2bb4b4a8a55c480f00373a4,UNKNOWN,리소스 API에 출시 시기 메타데이터 없음,INVENTORY_ONLY,CONTACT_SHEET_SCREENED_ONLY,183개 인벤토리 축소 보드에서 내용 선별만 수행. 정밀 마감/알파/동작 판단 근거로 사용하지 않음.,AREA_00_IMAGES_INPUT/global_skill_style_library/skills/0034_animationclip-657764/preview.png,44fd566158d69d917d394156de78f6a055b9952bbc832725dedacd02fa542be9
35,animationclip-657878,27e15f18340044509dc75492c362c865,RECENT_SECONDARY,6차/HEXA 의미 검색 후보; 정확한 스킬명·출시일 미확인,NATIVE_1_TO_1,VFX_STATIC,보라 안개·얇은 지면 타원. 흐린 재질의 예; 선명한 외곽선이나 동작 타이밍 증거 아님.,AREA_00_IMAGES_INPUT/global_skill_style_library/skills/0035_animationclip-657878/preview.png,0daff2ee0463b5c40ff6e68f41ffda9461f977d48cb1b5dcc4e8489cd9e6f2a5
36,animationclip-658065,2ba72c9b0bdd4e2fb33269262e9a7dea,LEGACY_REFERENCE,프로젝트 T16-3a의 모험가 계보 자료; 자산 자체 개정일 미확인,INVENTORY_ONLY,CONTACT_SHEET_SCREENED_ONLY,183개 인벤토리 축소 보드에서 내용 선별만 수행. 정밀 마감/알파/동작 판단 근거로 사용하지 않음.,AREA_00_IMAGES_INPUT/global_skill_style_library/skills/0036_animationclip-658065/preview.png,c6cdbe8e1bb261a7bdeb7384f2ee6d724e15529aa427e2cf601638c0e79055f8
37,animationclip-1038614,2c12c1e835a04c2a9ec1c5724846a7b6,UNKNOWN,리소스 API에 출시 시기 메타데이터 없음,INVENTORY_ONLY,CONTACT_SHEET_SCREENED_ONLY,183개 인벤토리 축소 보드에서 내용 선별만 수행. 정밀 마감/알파/동작 판단 근거로 사용하지 않음.,AREA_00_IMAGES_INPUT/global_skill_style_library/skills/0037_animationclip-1038614/preview.png,d6ed97b76cb813e0aa62bf8e1ac00286b66a95717049899249a962209f7eda6d
38,animationclip-658167,2d3a1370a91d4da99ecfb42d7cced7c5,RECENT_SECONDARY,6차/HEXA 의미 검색 후보; 정확한 스킬명·출시일 미확인,INVENTORY_ONLY,CONTACT_SHEET_SCREENED_ONLY,183개 인벤토리 축소 보드에서 내용 선별만 수행. 정밀 마감/알파/동작 판단 근거로 사용하지 않음.,AREA_00_IMAGES_INPUT/global_skill_style_library/skills/0038_animationclip-658167/preview.png,3f5d4c3f663fe3534309edf34716afc8c3d8298d4d28a0fbecae69c737c623cd
39,animationclip-658323,2ed6be9152eb4bf0b22f4ca6e6fff9fe,LEGACY_REFERENCE,프로젝트 T16-3a의 모험가 계보 자료; 자산 자체 개정일 미확인,INVENTORY_ONLY,CONTACT_SHEET_SCREENED_ONLY,183개 인벤토리 축소 보드에서 내용 선별만 수행. 정밀 마감/알파/동작 판단 근거로 사용하지 않음.,AREA_00_IMAGES_INPUT/global_skill_style_library/skills/0039_animationclip-658323/preview.png,2e52a5a2d23ac48f8bb4641556b730b09002bf4400bc10b22fd2785776ad4bfd
40,animationclip-1040037,2f4311e974a44f218bedd1011a561310,UNKNOWN,리소스 API에 출시 시기 메타데이터 없음,INVENTORY_ONLY,CONTACT_SHEET_SCREENED_ONLY,183개 인벤토리 축소 보드에서 내용 선별만 수행. 정밀 마감/알파/동작 판단 근거로 사용하지 않음.,AREA_00_IMAGES_INPUT/global_skill_style_library/skills/0040_animationclip-1040037/preview.png,3124eb039d62b2be13979b36f68e23c413cc4e125412093d10a795bf77c1ec8b
41,피아누스,306a9aafa3fb43498f1b783b85512305,UNKNOWN,리소스 API에 출시 시기 메타데이터 없음,INVENTORY_ONLY,CONTACT_SHEET_SCREENED_ONLY,183개 인벤토리 축소 보드에서 내용 선별만 수행. 정밀 마감/알파/동작 판단 근거로 사용하지 않음.,AREA_00_IMAGES_INPUT/global_skill_style_library/skills/0041_피아누스/preview.png,59d0cc555d98fb391fc4ac5f2d02773b1d00cf0a068a1b44a11909791d8aa24a
42,animationclip-658386,30afd80ab7a34a3d978efd8e83a6eb31,RECENT_SECONDARY,6차/HEXA 의미 검색 후보; 정확한 스킬명·출시일 미확인,INVENTORY_ONLY,CONTACT_SHEET_SCREENED_ONLY,183개 인벤토리 축소 보드에서 내용 선별만 수행. 정밀 마감/알파/동작 판단 근거로 사용하지 않음.,AREA_00_IMAGES_INPUT/global_skill_style_library/skills/0042_animationclip-658386/preview.png,3ad71a0fab44cdc1bb8a392ac7769ed69878a850a804be77caf7d9bcc42aa010
43,태륜,353079a9d111455ab55d75577f9d7967,UNKNOWN,리소스 API에 출시 시기 메타데이터 없음,INVENTORY_ONLY,CONTACT_SHEET_SCREENED_ONLY,183개 인벤토리 축소 보드에서 내용 선별만 수행. 정밀 마감/알파/동작 판단 근거로 사용하지 않음.,AREA_00_IMAGES_INPUT/global_skill_style_library/skills/0043_태륜/preview.png,9c969e96f3b7379262e0172500c8f5a3e977540c5587157d5696cd669150919a
44,에인션트 다크골렘,3803b5c17bf04b56bef115b3afbf388b,UNKNOWN,리소스 API에 출시 시기 메타데이터 없음,INVENTORY_ONLY,CONTACT_SHEET_SCREENED_ONLY,183개 인벤토리 축소 보드에서 내용 선별만 수행. 정밀 마감/알파/동작 판단 근거로 사용하지 않음.,AREA_00_IMAGES_INPUT/global_skill_style_library/skills/0044_에인션트_다크골렘/preview.png,e06e7cd714d672bd334a8ca28c3020febf5863b909384b1488f6d205b09baed1
45,피아누스,3822f5bc47af488585cef2f0929ec811,UNKNOWN,리소스 API에 출시 시기 메타데이터 없음,INVENTORY_ONLY,CONTACT_SHEET_SCREENED_ONLY,183개 인벤토리 축소 보드에서 내용 선별만 수행. 정밀 마감/알파/동작 판단 근거로 사용하지 않음.,AREA_00_IMAGES_INPUT/global_skill_style_library/skills/0045_피아누스/preview.png,e26931cbd444f9cc778a07310c4d430d5eed335d68bd855854c670c865fb4288
46,고목의 생기탄,383249b0f9254764aa758b1bcc9bfee9,LEGACY_REFERENCE,프로젝트 T20/T32/T37 직접 제작 아이콘 기록,INVENTORY_ONLY,CONTACT_SHEET_SCREENED_ONLY,183개 인벤토리 축소 보드에서 내용 선별만 수행. 정밀 마감/알파/동작 판단 근거로 사용하지 않음.,AREA_00_IMAGES_INPUT/global_skill_style_library/skills/0046_고목의_생기탄/preview.png,504a71a914868e120414ceffd910418597b5785fdfe38cf7fe68de243e3e07e1
47,타우로마시스,3cbd85dcfe3c41c4989adec59385c257,UNKNOWN,리소스 API에 출시 시기 메타데이터 없음,INVENTORY_ONLY,CONTACT_SHEET_SCREENED_ONLY,183개 인벤토리 축소 보드에서 내용 선별만 수행. 정밀 마감/알파/동작 판단 근거로 사용하지 않음.,AREA_00_IMAGES_INPUT/global_skill_style_library/skills/0047_타우로마시스/preview.png,492007a1643d1a9a2d27d72af7dd34afe111c718e578a456fde5c0dec2899ec1
48,타이머,3ef6b2dcc75f4d4990e6e7f106bda49e,UNKNOWN,리소스 API에 출시 시기 메타데이터 없음,INVENTORY_ONLY,BODY_SCREENED,본체 이미지가 중심. 몬스터 정체성 보조 외 VFX 마감 근거로 사용하지 않음.,AREA_00_IMAGES_INPUT/global_skill_style_library/skills/0048_타이머/preview.png,99e41237e57b9321f44a89df53b72926659c477b7823f2c1c65651581eb4405d
49,네오 휴로이드,3ff44a80daba4bb4a903778e036f551d,UNKNOWN,리소스 API에 출시 시기 메타데이터 없음,INVENTORY_ONLY,CONTACT_SHEET_SCREENED_ONLY,183개 인벤토리 축소 보드에서 내용 선별만 수행. 정밀 마감/알파/동작 판단 근거로 사용하지 않음.,AREA_00_IMAGES_INPUT/global_skill_style_library/skills/0049_네오_휴로이드/preview.png,6afafa2db17e9b7bed3d636c33b94f6a4711234c77c5cd19d137d269b4de5455
50,시스템 몬스터E10,412bce166c844b07ba1b4aa3ddcd53fa,UNKNOWN,리소스 API에 출시 시기 메타데이터 없음,INVENTORY_ONLY,CONTACT_SHEET_SCREENED_ONLY,183개 인벤토리 축소 보드에서 내용 선별만 수행. 정밀 마감/알파/동작 판단 근거로 사용하지 않음.,AREA_00_IMAGES_INPUT/global_skill_style_library/skills/0050_시스템_몬스터E10/preview.png,f2ed560d92a272e613b4f04e5b2a57f1402c6dcce56d192e843eafbb259d01c4
51,추억의 수호대장,4147dea424e9475ca1a61773421a3397,UNKNOWN,리소스 API에 출시 시기 메타데이터 없음,INVENTORY_ONLY,CONTACT_SHEET_SCREENED_ONLY,183개 인벤토리 축소 보드에서 내용 선별만 수행. 정밀 마감/알파/동작 판단 근거로 사용하지 않음.,AREA_00_IMAGES_INPUT/global_skill_style_library/skills/0051_추억의_수호대장/preview.png,e7a794edbcfa65d0be133d49438881ae0ae82264713f644f541da0371ce105d7
52,sprite-8914285,429228115d56462ab0f65e7294a51609,LEGACY_REFERENCE,프로젝트 T16-3a의 모험가 계보 자료; 자산 자체 개정일 미확인,INVENTORY_ONLY,CONTACT_SHEET_SCREENED_ONLY,183개 인벤토리 축소 보드에서 내용 선별만 수행. 정밀 마감/알파/동작 판단 근거로 사용하지 않음.,AREA_00_IMAGES_INPUT/global_skill_style_library/skills/0052_sprite-8914285/preview.png,8117dbc2cf4091ae0974311a52ae3fab3cb7d3c7c2504104099a22b363c3dd3b
53,???,4292e76ef5034a42976afa7988d0a85c,UNKNOWN,리소스 API에 출시 시기 메타데이터 없음,INVENTORY_ONLY,BODY_SCREENED,본체 이미지가 중심. 몬스터 정체성 보조 외 VFX 마감 근거로 사용하지 않음.,AREA_00_IMAGES_INPUT/global_skill_style_library/skills/0053____/preview.png,a4a3039efe997e4856da1fb5d523c419b0526223af32587e00f9b210dc4ea397
54,[★] 정식기사C,439308ddd0bf4405a8463340c67a464b,UNKNOWN,리소스 API에 출시 시기 메타데이터 없음,INVENTORY_ONLY,CONTACT_SHEET_SCREENED_ONLY,183개 인벤토리 축소 보드에서 내용 선별만 수행. 정밀 마감/알파/동작 판단 근거로 사용하지 않음.,AREA_00_IMAGES_INPUT/global_skill_style_library/skills/0054_[★]_정식기사C/preview.png,939fd01a642e343aaf6aecb182638f73d734c3969421b3a02539b962cf2babe3
55,animationclip-659710,46198aa7dd8245b59ea37305c57df9f0,LEGACY_REFERENCE,프로젝트 T16-3a의 모험가 계보 자료; 자산 자체 개정일 미확인,INVENTORY_ONLY,CONTACT_SHEET_SCREENED_ONLY,183개 인벤토리 축소 보드에서 내용 선별만 수행. 정밀 마감/알파/동작 판단 근거로 사용하지 않음.,AREA_00_IMAGES_INPUT/global_skill_style_library/skills/0055_animationclip-659710/preview.png,3df05d5b2f8b2e57e02e1caaa65fe33c9053cd7112fd01693413f9d0af7094c3
56,sprite-12846807,483690e55c974444aef84df3a6331d93,LEGACY_REFERENCE,프로젝트 T16-3a의 모험가 계보 자료; 자산 자체 개정일 미확인,INVENTORY_ONLY,CONTACT_SHEET_SCREENED_ONLY,183개 인벤토리 축소 보드에서 내용 선별만 수행. 정밀 마감/알파/동작 판단 근거로 사용하지 않음.,AREA_00_IMAGES_INPUT/global_skill_style_library/skills/0056_sprite-12846807/preview.png,da36081020aeb49c2116a6e8106285f7588e35d00c8ee581b4a995ad3bf316b7
57,파우스트,49b21aaa1d574ba787149841a31bf1a5,UNKNOWN,리소스 API에 출시 시기 메타데이터 없음,INVENTORY_ONLY,CONTACT_SHEET_SCREENED_ONLY,183개 인벤토리 축소 보드에서 내용 선별만 수행. 정밀 마감/알파/동작 판단 근거로 사용하지 않음.,AREA_00_IMAGES_INPUT/global_skill_style_library/skills/0057_파우스트/preview.png,76f481c495d629dc27a4bea0b826ef206666921dd8598b615ba5f612eddae3e2
58,루나픽시,4f6509d9539f4d76a9bb4e8f17e12cc7,UNKNOWN,리소스 API에 출시 시기 메타데이터 없음,INVENTORY_ONLY,CONTACT_SHEET_SCREENED_ONLY,183개 인벤토리 축소 보드에서 내용 선별만 수행. 정밀 마감/알파/동작 판단 근거로 사용하지 않음.,AREA_00_IMAGES_INPUT/global_skill_style_library/skills/0058_루나픽시/preview.png,dd0441b60d6bbc3e943632cfc3b2a874f825fd448f94023925f2f5a93c5533b4
59,메카티안,50eff4b9b8064efa8db5246e7a912c4d,UNKNOWN,리소스 API에 출시 시기 메타데이터 없음,INVENTORY_ONLY,CONTACT_SHEET_SCREENED_ONLY,183개 인벤토리 축소 보드에서 내용 선별만 수행. 정밀 마감/알파/동작 판단 근거로 사용하지 않음.,AREA_00_IMAGES_INPUT/global_skill_style_library/skills/0059_메카티안/preview.png,a168ffb75355af49a5b78753cf6220ac723fbeec4248e8a1cae12320cdef1987
60,몸통 박치기,518cc119c1c04b8797090175d9f015f2,LEGACY_REFERENCE,프로젝트 T20/T32/T37 직접 제작 아이콘 기록,INVENTORY_ONLY,CONTACT_SHEET_SCREENED_ONLY,183개 인벤토리 축소 보드에서 내용 선별만 수행. 정밀 마감/알파/동작 판단 근거로 사용하지 않음.,AREA_00_IMAGES_INPUT/global_skill_style_library/skills/0060_몸통_박치기/preview.png,e1d719905fce5b4111f9217a62983763b4b9deba1e715c210df85c4e693019bc
61,블러드 하프,518e72a0592d48b3b3e451be46a4f39e,UNKNOWN,리소스 API에 출시 시기 메타데이터 없음,INVENTORY_ONLY,CONTACT_SHEET_SCREENED_ONLY,183개 인벤토리 축소 보드에서 내용 선별만 수행. 정밀 마감/알파/동작 판단 근거로 사용하지 않음.,AREA_00_IMAGES_INPUT/global_skill_style_library/skills/0061_블러드_하프/preview.png,3b7935a013c048b45b00c01e59a501c13e5b4463a53f9c3fcd5de785a9dab111
62,sprite-8916132,52162587bc534b9385af8c77513d93d4,LEGACY_REFERENCE,프로젝트 T16-3a의 모험가 계보 자료; 자산 자체 개정일 미확인,INVENTORY_ONLY,CONTACT_SHEET_SCREENED_ONLY,183개 인벤토리 축소 보드에서 내용 선별만 수행. 정밀 마감/알파/동작 판단 근거로 사용하지 않음.,AREA_00_IMAGES_INPUT/global_skill_style_library/skills/0062_sprite-8916132/preview.png,d816677541f4b0a208989c488f8d983817952a12b4ed498d6d435134c4e4c526
63,animationclip-1038337,5308ef85369c4f31843d6e8cde4b1012,LEGACY_REFERENCE,프로젝트 T16-3a의 모험가 계보 자료; 자산 자체 개정일 미확인,INVENTORY_ONLY,CONTACT_SHEET_SCREENED_ONLY,183개 인벤토리 축소 보드에서 내용 선별만 수행. 정밀 마감/알파/동작 판단 근거로 사용하지 않음.,AREA_00_IMAGES_INPUT/global_skill_style_library/skills/0063_animationclip-1038337/preview.png,4aded54ee2c951dd078446f1f10e6c402ccc6fe45400a598682027075d3ff18c
64,태륜,5328a3875a32437784c949579f259a00,UNKNOWN,리소스 API에 출시 시기 메타데이터 없음,INVENTORY_ONLY,CONTACT_SHEET_SCREENED_ONLY,183개 인벤토리 축소 보드에서 내용 선별만 수행. 정밀 마감/알파/동작 판단 근거로 사용하지 않음.,AREA_00_IMAGES_INPUT/global_skill_style_library/skills/0064_태륜/preview.png,77a0d208c81e4eed0296062973997a183bebf60d195e5b771aa50252c784efec
65,animationclip-660545,544b4092b87a41948b74e6645d530b88,UNKNOWN,리소스 API에 출시 시기 메타데이터 없음,INVENTORY_ONLY,CONTACT_SHEET_SCREENED_ONLY,183개 인벤토리 축소 보드에서 내용 선별만 수행. 정밀 마감/알파/동작 판단 근거로 사용하지 않음.,AREA_00_IMAGES_INPUT/global_skill_style_library/skills/0065_animationclip-660545/preview.png,894d35dbee36518b870cee4a3e5ce19d56de4ca3ac3494a101efd2e8217e6f26
66,animationclip-1040165,5518aba1defc4a53b7593109b09959b4,RECENT_SECONDARY,6차/HEXA 의미 검색 후보; 정확한 스킬명·출시일 미확인,INVENTORY_ONLY,CONTACT_SHEET_SCREENED_ONLY,183개 인벤토리 축소 보드에서 내용 선별만 수행. 정밀 마감/알파/동작 판단 근거로 사용하지 않음.,AREA_00_IMAGES_INPUT/global_skill_style_library/skills/0066_animationclip-1040165/preview.png,f173195646eda4e50bdc1440e585888b87ced3ccf888be9eedca4910b91175eb
67,animationclip-660634,55fd196846694198bd65c59356de0830,RECENT_SECONDARY,6차/HEXA 의미 검색 후보; 정확한 스킬명·출시일 미확인,NATIVE_1_TO_1,VFX_STATIC,보라 세로 에너지의 날카로운 선과 어두운 중심. 정지 프레임 마감만 사용.,AREA_00_IMAGES_INPUT/global_skill_style_library/skills/0067_animationclip-660634/preview.png,e1708eeddd7d001653a3e0afe830448d9931f398858c7e53c0b792e19c4e887f
68,정체모를 주니어 발록,5638984319fd476ca3d89e2aaca7f32a,UNKNOWN,리소스 API에 출시 시기 메타데이터 없음,INVENTORY_ONLY,CONTACT_SHEET_SCREENED_ONLY,183개 인벤토리 축소 보드에서 내용 선별만 수행. 정밀 마감/알파/동작 판단 근거로 사용하지 않음.,AREA_00_IMAGES_INPUT/global_skill_style_library/skills/0068_정체모를_주니어_발록/preview.png,87656910ea270a2ac642f626455597e043010e61ded46fdfab3c1a19fc415ab4
69,animationclip-660656,566b0886b4cf4f3997a29ecd3a1954b5,UNKNOWN,리소스 API에 출시 시기 메타데이터 없음,INVENTORY_ONLY,CONTACT_SHEET_SCREENED_ONLY,183개 인벤토리 축소 보드에서 내용 선별만 수행. 정밀 마감/알파/동작 판단 근거로 사용하지 않음.,AREA_00_IMAGES_INPUT/global_skill_style_library/skills/0069_animationclip-660656/preview.png,44fd566158d69d917d394156de78f6a055b9952bbc832725dedacd02fa542be9
70,물방울 마력,572a7a12dcb449bcb0582fc2ccf5be07,LEGACY_REFERENCE,프로젝트 T20/T32/T37 직접 제작 아이콘 기록,INVENTORY_ONLY,CONTACT_SHEET_SCREENED_ONLY,183개 인벤토리 축소 보드에서 내용 선별만 수행. 정밀 마감/알파/동작 판단 근거로 사용하지 않음.,AREA_00_IMAGES_INPUT/global_skill_style_library/skills/0070_물방울_마력/preview.png,c9a90368419a9a530c060eaa656f0fcbb7c0132464b7486cffd442a1198960e4
71,animationclip-660879,5a19a94eb91e49428d698172dcc6b060,UNKNOWN,리소스 API에 출시 시기 메타데이터 없음,INVENTORY_ONLY,CONTACT_SHEET_SCREENED_ONLY,183개 인벤토리 축소 보드에서 내용 선별만 수행. 정밀 마감/알파/동작 판단 근거로 사용하지 않음.,AREA_00_IMAGES_INPUT/global_skill_style_library/skills/0071_animationclip-660879/preview.png,0a24065d33ebe248a8489a3a34c9a1fecfa88e3067a40cb65f3029c1a2c8bc7c
72,마뇽,5ac6554c0ea94009bbd9389df0542339,UNKNOWN,리소스 API에 출시 시기 메타데이터 없음,INVENTORY_ONLY,CONTACT_SHEET_SCREENED_ONLY,183개 인벤토리 축소 보드에서 내용 선별만 수행. 정밀 마감/알파/동작 판단 근거로 사용하지 않음.,AREA_00_IMAGES_INPUT/global_skill_style_library/skills/0072_마뇽/preview.png,5a3d348e60bca44c851e90e62de8aa59b478b581b3c3e8f9c48fe731ee29146d
73,animationclip-1039437,5bc3cb66370a45ae9ba7349672a7cf2b,UNKNOWN,리소스 API에 출시 시기 메타데이터 없음,INVENTORY_ONLY,CONTACT_SHEET_SCREENED_ONLY,183개 인벤토리 축소 보드에서 내용 선별만 수행. 정밀 마감/알파/동작 판단 근거로 사용하지 않음.,AREA_00_IMAGES_INPUT/global_skill_style_library/skills/0073_animationclip-1039437/preview.png,b93c6c23a5b17bb2c4ccb5f3c17e6b3a6443513a6e12745dd4fab0d79617da6a
74,animationclip-1038154,5c3501dc981941c5b04c2f690351bce8,LEGACY_REFERENCE,프로젝트 T16-3a의 모험가 계보 자료; 자산 자체 개정일 미확인,INVENTORY_ONLY,CONTACT_SHEET_SCREENED_ONLY,183개 인벤토리 축소 보드에서 내용 선별만 수행. 정밀 마감/알파/동작 판단 근거로 사용하지 않음.,AREA_00_IMAGES_INPUT/global_skill_style_library/skills/0074_animationclip-1038154/preview.png,6b4f735f8e8483fff4b6e12b4f55c0cb103000ea708a54a28c4547c9d7dcdf5a
75,animationclip-661184,5f2d779cdb8b4cdb9620b2c235e51f25,LEGACY_REFERENCE,프로젝트 T16-3a의 모험가 계보 자료; 자산 자체 개정일 미확인,INVENTORY_ONLY,CONTACT_SHEET_SCREENED_ONLY,183개 인벤토리 축소 보드에서 내용 선별만 수행. 정밀 마감/알파/동작 판단 근거로 사용하지 않음.,AREA_00_IMAGES_INPUT/global_skill_style_library/skills/0075_animationclip-661184/preview.png,85d255478f64d53dde31fc73fb136b113c75b9e93a4a74835495103956f232fb
76,요정의 마법가루,5f5ebe88b8f2426195c793b3440012e4,LEGACY_REFERENCE,프로젝트 T20/T32/T37 직접 제작 아이콘 기록,INVENTORY_ONLY,CONTACT_SHEET_SCREENED_ONLY,183개 인벤토리 축소 보드에서 내용 선별만 수행. 정밀 마감/알파/동작 판단 근거로 사용하지 않음.,AREA_00_IMAGES_INPUT/global_skill_style_library/skills/0076_요정의_마법가루/preview.png,20e09dfc3ceda96d93b5aa64b57302f28078de0862149abfb390eb1fefacc6a0
77,animationclip-661347,623d68d21e784ac9949fd7941ab53f67,RECENT_SECONDARY,6차/HEXA 의미 검색 후보; 정확한 스킬명·출시일 미확인,INVENTORY_ONLY,BLANK_OR_NEAR_BLANK_SCREENED,제공 썸네일에서 유효한 형상 식별이 어려움. 품질/소멸 기준으로 사용하지 않음.,AREA_00_IMAGES_INPUT/global_skill_style_library/skills/0077_animationclip-661347/preview.png,857dcdd67abf0d629d5e790f59e2ba796e0c71a67884aef90201f27b89c5bb05
78,animationclip-661393,6294c62288bd46beb2ff548bd8671ee0,LEGACY_REFERENCE,프로젝트 T16-3a의 모험가 계보 자료; 자산 자체 개정일 미확인,INVENTORY_ONLY,CONTACT_SHEET_SCREENED_ONLY,183개 인벤토리 축소 보드에서 내용 선별만 수행. 정밀 마감/알파/동작 판단 근거로 사용하지 않음.,AREA_00_IMAGES_INPUT/global_skill_style_library/skills/0078_animationclip-661393/preview.png,2c6c6b6a52d1ad32bccb2312505b2d80b28aff0d0826b6b1b92e6ceebec73bc9
79,뼈 무덤,637abac61bd14f788b157d6aaf1fa08f,LEGACY_REFERENCE,프로젝트 T20/T32/T37 직접 제작 아이콘 기록,INVENTORY_ONLY,CONTACT_SHEET_SCREENED_ONLY,183개 인벤토리 축소 보드에서 내용 선별만 수행. 정밀 마감/알파/동작 판단 근거로 사용하지 않음.,AREA_00_IMAGES_INPUT/global_skill_style_library/skills/0079_뼈_무덤/preview.png,eab51ddd84dd7a1789d49913d0516e18ebfa782625fdd21b283aa96f7424ad93
80,sprite-8918337,644fc39bcc684c209264eb9d9a4cd6f8,LEGACY_REFERENCE,프로젝트 T16-3a의 모험가 계보 자료; 자산 자체 개정일 미확인,INVENTORY_ONLY,CONTACT_SHEET_SCREENED_ONLY,183개 인벤토리 축소 보드에서 내용 선별만 수행. 정밀 마감/알파/동작 판단 근거로 사용하지 않음.,AREA_00_IMAGES_INPUT/global_skill_style_library/skills/0080_sprite-8918337/preview.png,ab65ae635874d79adc6bb7150ec2cb4ed6cad7bd54c35b429a9adac98e15cad5
81,animationclip-1042815,6486822ba9284f41b5c8c3a240d3a52b,RECENT_SECONDARY,6차/HEXA 의미 검색 후보; 정확한 스킬명·출시일 미확인,INVENTORY_ONLY,CONTACT_SHEET_SCREENED_ONLY,183개 인벤토리 축소 보드에서 내용 선별만 수행. 정밀 마감/알파/동작 판단 근거로 사용하지 않음.,AREA_00_IMAGES_INPUT/global_skill_style_library/skills/0081_animationclip-1042815/preview.png,f366f5b32550bb102124dffa1a64bb9837afabd2cfe71b7ab14ffee91c57e0a8
82,animationclip-661507,64f775829e234918bd65e9d22214bb06,LEGACY_REFERENCE,프로젝트 T16-3a의 모험가 계보 자료; 자산 자체 개정일 미확인,INVENTORY_ONLY,CONTACT_SHEET_SCREENED_ONLY,183개 인벤토리 축소 보드에서 내용 선별만 수행. 정밀 마감/알파/동작 판단 근거로 사용하지 않음.,AREA_00_IMAGES_INPUT/global_skill_style_library/skills/0082_animationclip-661507/preview.png,975f270b9ee1340cca93aa9b192f70f7704f3933ced0a5da353d0ca379859ce2
83,animationclip-1042090,6611bd12f23d4f3e8c45689533ff6e1d,RECENT_SECONDARY,6차/HEXA 의미 검색 후보; 정확한 스킬명·출시일 미확인,INVENTORY_ONLY,CONTACT_SHEET_SCREENED_ONLY,183개 인벤토리 축소 보드에서 내용 선별만 수행. 정밀 마감/알파/동작 판단 근거로 사용하지 않음.,AREA_00_IMAGES_INPUT/global_skill_style_library/skills/0083_animationclip-1042090/preview.png,b98e875c7fa5060fe7589a8c4ff35f45a0c5af49d68180b51686933e5d430371
84,animationclip-661888,67a9ec7922374ed79f28d6bb3096aff4,RECENT_SECONDARY,6차/HEXA 의미 검색 후보; 정확한 스킬명·출시일 미확인,NATIVE_1_TO_1,MIXED_VFX_OBJECT,주황 타격광/검은 연기/기계가 혼합. 섬광과 연기 분리만 사용; 기계·기능 복제 금지.,AREA_00_IMAGES_INPUT/global_skill_style_library/skills/0084_animationclip-661888/preview.png,ddac48a7284e1a39e397dc07201053aeed724695eff3d5c71ad4eedb28fe9bac
85,포자 살포,6923ce8064e4445d8e63176645943fb1,LEGACY_REFERENCE,프로젝트 T20/T32/T37 직접 제작 아이콘 기록,INVENTORY_ONLY,CONTACT_SHEET_SCREENED_ONLY,183개 인벤토리 축소 보드에서 내용 선별만 수행. 정밀 마감/알파/동작 판단 근거로 사용하지 않음.,AREA_00_IMAGES_INPUT/global_skill_style_library/skills/0085_포자_살포/preview.png,216745fce4bc7af46bb733c3bb347c9ab2534d8f65c09dc2d9849ce45ae156ae
86,animationclip-1038620,69656381a8e04edcbb8a2c8599567ab3,UNKNOWN,리소스 API에 출시 시기 메타데이터 없음,INVENTORY_ONLY,CONTACT_SHEET_SCREENED_ONLY,183개 인벤토리 축소 보드에서 내용 선별만 수행. 정밀 마감/알파/동작 판단 근거로 사용하지 않음.,AREA_00_IMAGES_INPUT/global_skill_style_library/skills/0086_animationclip-1038620/preview.png,737bda07ade012f16005f969ab4c1eb8fe713cd0656d951a44ce01b581ca4d23
87,에인션트 다크골렘,6ad623bf86ad46f0ad423c10e383a28e,UNKNOWN,리소스 API에 출시 시기 메타데이터 없음,INVENTORY_ONLY,CONTACT_SHEET_SCREENED_ONLY,183개 인벤토리 축소 보드에서 내용 선별만 수행. 정밀 마감/알파/동작 판단 근거로 사용하지 않음.,AREA_00_IMAGES_INPUT/global_skill_style_library/skills/0087_에인션트_다크골렘/preview.png,44fd566158d69d917d394156de78f6a055b9952bbc832725dedacd02fa542be9
88,루나픽시,6d96350411834e2b90a2fe18ff542159,UNKNOWN,리소스 API에 출시 시기 메타데이터 없음,INVENTORY_ONLY,CONTACT_SHEET_SCREENED_ONLY,183개 인벤토리 축소 보드에서 내용 선별만 수행. 정밀 마감/알파/동작 판단 근거로 사용하지 않음.,AREA_00_IMAGES_INPUT/global_skill_style_library/skills/0088_루나픽시/preview.png,53436cc9523174bd764d41e88b693f41cc9a41a0bd47507cb7880f1b5ebbadd5
89,스타픽시,6ffbabe486c24e5ea6cda2c54022033b,UNKNOWN,리소스 API에 출시 시기 메타데이터 없음,INVENTORY_ONLY,CONTACT_SHEET_SCREENED_ONLY,183개 인벤토리 축소 보드에서 내용 선별만 수행. 정밀 마감/알파/동작 판단 근거로 사용하지 않음.,AREA_00_IMAGES_INPUT/global_skill_style_library/skills/0089_스타픽시/preview.png,c2c232ef1c4838e6954506cbcbb98503261b5fd413706689b5b7d7414e94478e
90,마티안,70f170cb7f644da28dc93915a8e70dd9,UNKNOWN,리소스 API에 출시 시기 메타데이터 없음,INVENTORY_ONLY,CONTACT_SHEET_SCREENED_ONLY,183개 인벤토리 축소 보드에서 내용 선별만 수행. 정밀 마감/알파/동작 판단 근거로 사용하지 않음.,AREA_00_IMAGES_INPUT/global_skill_style_library/skills/0090_마티안/preview.png,763faf6c2e9149475327bee8e0ee3bd048f66c7d2a09e894c4c15ab01e703585
91,sprite-12921354,71a82cb186bb41799e6dbb3a421cb474,UNKNOWN,리소스 API에 출시 시기 메타데이터 없음,INVENTORY_ONLY,CONTACT_SHEET_SCREENED_ONLY,183개 인벤토리 축소 보드에서 내용 선별만 수행. 정밀 마감/알파/동작 판단 근거로 사용하지 않음.,AREA_00_IMAGES_INPUT/global_skill_style_library/skills/0091_sprite-12921354/preview.png,cf25382e8daa2c7f560da4073d1bb52240b1bc366061df42e15edf04091579b5
92,끈적한 몸통,72d1dd0939714240bddc0b6865eb93ce,LEGACY_REFERENCE,프로젝트 T20/T32/T37 직접 제작 아이콘 기록,NATIVE_1_TO_1,PROJECT_ICON,프로젝트 직접 제작 기록의 옛 점액 ICON. 픽셀 실루엣 비교만; 공식 최신 VFX 기준 아님.,AREA_00_IMAGES_INPUT/global_skill_style_library/skills/0092_끈적한_몸통/preview.png,b5d2e6c7b518f6bf2b992d2adae7957afe91718a8f91a7c32f7d412ee44b69dc
93,도도,72e16f10f6ec4cf0a1fe3146e73f0856,UNKNOWN,리소스 API에 출시 시기 메타데이터 없음,INVENTORY_ONLY,CONTACT_SHEET_SCREENED_ONLY,183개 인벤토리 축소 보드에서 내용 선별만 수행. 정밀 마감/알파/동작 판단 근거로 사용하지 않음.,AREA_00_IMAGES_INPUT/global_skill_style_library/skills/0093_도도/preview.png,30e8927a5d4170abdd298b5d4bfa820f8d1e4925f084d4d2362f665cea68bbc7
94,푸른 껍질,73c1bdafcb7e42bc8db0041883226449,LEGACY_REFERENCE,프로젝트 T20/T32/T37 직접 제작 아이콘 기록,NATIVE_1_TO_1,PROJECT_ICON,프로젝트 직접 제작 기록의 옛 껍질 ICON. 픽셀 실루엣 비교만; 공식 최신 VFX 기준 아님.,AREA_00_IMAGES_INPUT/global_skill_style_library/skills/0094_푸른_껍질/preview.png,96508f1a0d0ba5479121c4782e35e0fab99e0d9a5a4aee12ccfc59132d0a6d2b
95,이슬 미끄럼길,74cd5784067849bf865c80b2f2ebf795,UNKNOWN,리소스 API에 출시 시기 메타데이터 없음,NATIVE_1_TO_1,PROJECT_VFX_STATIC,같은 이슬 스킬의 기존 프로젝트 참고. 둥근 광택/리본 표현의 당초 참고로 사용. 독립적인 최신 공식 품질 또는 AREA00 전체 성공의 근거로 사용하지 않음.,AREA_00_IMAGES_INPUT/global_skill_style_library/skills/0095_이슬_미끄럼길/preview.png,dd8869b283149fad931b66e90b1d3cc6b21198827f96d8cbdd95da33ad8925d7
96,수련용 나무인형,7598c7485ce9483b8b1178386b7d8f73,UNKNOWN,리소스 API에 출시 시기 메타데이터 없음,INVENTORY_ONLY,BODY_SCREENED,본체 이미지가 중심. 몬스터 정체성 보조 외 VFX 마감 근거로 사용하지 않음.,AREA_00_IMAGES_INPUT/global_skill_style_library/skills/0096_수련용_나무인형/preview.png,708c088fdf74eb7fcde1651cd2af4c51e1652f6f27052ccd88f081a47dce8515
97,스타픽시,78e3188f0fc14797a8383658e626e3ea,UNKNOWN,리소스 API에 출시 시기 메타데이터 없음,INVENTORY_ONLY,CONTACT_SHEET_SCREENED_ONLY,183개 인벤토리 축소 보드에서 내용 선별만 수행. 정밀 마감/알파/동작 판단 근거로 사용하지 않음.,AREA_00_IMAGES_INPUT/global_skill_style_library/skills/0097_스타픽시/preview.png,c221673ceb2e2b723fcde3d2abc20f1836eb1b10192d6c3b7e375ed7bd2554bb
98,animationclip-1040852,79c9b3b094dd49eda90e80d178f0ff28,UNKNOWN,리소스 API에 출시 시기 메타데이터 없음,INVENTORY_ONLY,CONTACT_SHEET_SCREENED_ONLY,183개 인벤토리 축소 보드에서 내용 선별만 수행. 정밀 마감/알파/동작 판단 근거로 사용하지 않음.,AREA_00_IMAGES_INPUT/global_skill_style_library/skills/0098_animationclip-1040852/preview.png,879b806612fe0efeb5929f202ce480d2f54dfbc2338b6a2142a2badce0397bcc
99,설귀도 화이트팽,7a41e40ee7d846908e29ec10b94630b0,UNKNOWN,리소스 API에 출시 시기 메타데이터 없음,INVENTORY_ONLY,CONTACT_SHEET_SCREENED_ONLY,183개 인벤토리 축소 보드에서 내용 선별만 수행. 정밀 마감/알파/동작 판단 근거로 사용하지 않음.,AREA_00_IMAGES_INPUT/global_skill_style_library/skills/0099_설귀도_화이트팽/preview.png,c91e6e533b56bfb06e26cc784e252c0d62062c8d8f48e728245acfbd17f97c95
100,animationclip-1040678,7d1673d31f0d48ba96061c8a840c64af,RECENT_SECONDARY,6차/HEXA 의미 검색 후보; 정확한 스킬명·출시일 미확인,NATIVE_1_TO_1,VFX_STATIC,"수정 같은 판과 밝은 수평 중심, 가는 외곽 무늬. 층 구분 비교만; 모양·재질 강제 금지.",AREA_00_IMAGES_INPUT/global_skill_style_library/skills/0100_animationclip-1040678/preview.png,67747e272f6c23b19515ac18604730191c90907f7e9957c196b966b64463e16b
101,animationclip-1040706,7e11c40b5fcf4d688c40b539b71350a3,RECENT_SECONDARY,6차/HEXA 의미 검색 후보; 정확한 스킬명·출시일 미확인,NATIVE_1_TO_1,VFX_STATIC,보라 수정 판과 흰 중심. 층 구분 비교만; 모양·재질 강제 금지.,AREA_00_IMAGES_INPUT/global_skill_style_library/skills/0101_animationclip-1040706/preview.png,52e310c82d2bc090a32a5ee22db9c5b97ae5a744ade3d4d1a9322e21e8fa0c05
102,단단한 밑동,8061aa7a332b4e7ba783b3cd582ebb4b,LEGACY_REFERENCE,프로젝트 T20/T32/T37 직접 제작 아이콘 기록,INVENTORY_ONLY,CONTACT_SHEET_SCREENED_ONLY,183개 인벤토리 축소 보드에서 내용 선별만 수행. 정밀 마감/알파/동작 판단 근거로 사용하지 않음.,AREA_00_IMAGES_INPUT/global_skill_style_library/skills/0102_단단한_밑동/preview.png,d923b2166a3ce1a906a3a73aa380dde6493b49d13857fcdae588d11a844a1bc7
103,킹크랑,8394705c13394b78a8b9a38e1313cb22,UNKNOWN,리소스 API에 출시 시기 메타데이터 없음,INVENTORY_ONLY,CONTACT_SHEET_SCREENED_ONLY,183개 인벤토리 축소 보드에서 내용 선별만 수행. 정밀 마감/알파/동작 판단 근거로 사용하지 않음.,AREA_00_IMAGES_INPUT/global_skill_style_library/skills/0103_킹크랑/preview.png,3d59e4f0fb0dd906cda23dd0a7ff4e7a780e11cd45dd45a5af16f67ec493eea0
104,animationclip-1043227,86734a2715504c10b1e50ae810609e25,UNKNOWN,리소스 API에 출시 시기 메타데이터 없음,INVENTORY_ONLY,CONTACT_SHEET_SCREENED_ONLY,183개 인벤토리 축소 보드에서 내용 선별만 수행. 정밀 마감/알파/동작 판단 근거로 사용하지 않음.,AREA_00_IMAGES_INPUT/global_skill_style_library/skills/0104_animationclip-1043227/preview.png,fd39a57d60f809cce3d87467d5c4462ca7cd60fbaa8f2c1240b56543d3625ab8
105,animationclip-663441,86c80043cbfa4a17ae2df502318f96e8,RECENT_SECONDARY,6차/HEXA 의미 검색 후보; 정확한 스킬명·출시일 미확인,INVENTORY_ONLY,CONTACT_SHEET_SCREENED_ONLY,183개 인벤토리 축소 보드에서 내용 선별만 수행. 정밀 마감/알파/동작 판단 근거로 사용하지 않음.,AREA_00_IMAGES_INPUT/global_skill_style_library/skills/0105_animationclip-663441/preview.png,27b9187360e4ecd07f7d927bad91986c4ef0e1f87003e72c213dd7bdaf114d84
106,시그너스,875053c636494f6d807b803dd95bc3eb,UNKNOWN,리소스 API에 출시 시기 메타데이터 없음,INVENTORY_ONLY,CONTACT_SHEET_SCREENED_ONLY,183개 인벤토리 축소 보드에서 내용 선별만 수행. 정밀 마감/알파/동작 판단 근거로 사용하지 않음.,AREA_00_IMAGES_INPUT/global_skill_style_library/skills/0106_시그너스/preview.png,4142a3d025998da1ab86c532f9565df52d55a10abde8282868e88be68d2fc67a
107,마노,890da64fbb374f018a722d9ed040098d,UNKNOWN,리소스 API에 출시 시기 메타데이터 없음,INVENTORY_ONLY,BODY_SCREENED,본체 이미지가 중심. 몬스터 정체성 보조 외 VFX 마감 근거로 사용하지 않음.,AREA_00_IMAGES_INPUT/global_skill_style_library/skills/0107_마노/preview.png,4d341f5fcea09fdf1b3c76fa6945b9e68a15e887f238dbd470fbd84ea62151ae
108,상급기사B,89e2fa1739754ade99ddca6ca3653182,UNKNOWN,리소스 API에 출시 시기 메타데이터 없음,INVENTORY_ONLY,CONTACT_SHEET_SCREENED_ONLY,183개 인벤토리 축소 보드에서 내용 선별만 수행. 정밀 마감/알파/동작 판단 근거로 사용하지 않음.,AREA_00_IMAGES_INPUT/global_skill_style_library/skills/0108_상급기사B/preview.png,f2c5f0edf54595941b3fb73bc0399fbc505d3b2e0d2ead8235b3e0f20eed993f
109,상급기사B,8a8c83af487246b89a8f4e4ff92edd66,UNKNOWN,리소스 API에 출시 시기 메타데이터 없음,INVENTORY_ONLY,CONTACT_SHEET_SCREENED_ONLY,183개 인벤토리 축소 보드에서 내용 선별만 수행. 정밀 마감/알파/동작 판단 근거로 사용하지 않음.,AREA_00_IMAGES_INPUT/global_skill_style_library/skills/0109_상급기사B/preview.png,e3135cca2c51bfb82558364111c8d50b1aa0af9802e44e5e86801795f662f13a
110,animationclip-663687,8b26a0cdb63d455e82d1ca0fddf5e139,LEGACY_REFERENCE,프로젝트 T16-3a의 모험가 계보 자료; 자산 자체 개정일 미확인,INVENTORY_ONLY,CONTACT_SHEET_SCREENED_ONLY,183개 인벤토리 축소 보드에서 내용 선별만 수행. 정밀 마감/알파/동작 판단 근거로 사용하지 않음.,AREA_00_IMAGES_INPUT/global_skill_style_library/skills/0110_animationclip-663687/preview.png,44fd566158d69d917d394156de78f6a055b9952bbc832725dedacd02fa542be9
111,태륜,8e38989c6f3d4f87876d37e431ee11c1,UNKNOWN,리소스 API에 출시 시기 메타데이터 없음,INVENTORY_ONLY,CONTACT_SHEET_SCREENED_ONLY,183개 인벤토리 축소 보드에서 내용 선별만 수행. 정밀 마감/알파/동작 판단 근거로 사용하지 않음.,AREA_00_IMAGES_INPUT/global_skill_style_library/skills/0111_태륜/preview.png,7c174bc47cbd7e3e2d8a090acc3b6ae108a194c2e0709e35ecd9616b9b19b04e
112,animationclip-663973,9051254fb84a4a898f3d99a213a896ec,UNKNOWN,리소스 API에 출시 시기 메타데이터 없음,INVENTORY_ONLY,CONTACT_SHEET_SCREENED_ONLY,183개 인벤토리 축소 보드에서 내용 선별만 수행. 정밀 마감/알파/동작 판단 근거로 사용하지 않음.,AREA_00_IMAGES_INPUT/global_skill_style_library/skills/0112_animationclip-663973/preview.png,15b66a266b3ac63650aaad5ff5b17b8869c871e8e6a64cdf6bb3488c2d74de35
113,제노,908710847a0249c98cf8e935dfb1ddd8,UNKNOWN,리소스 API에 출시 시기 메타데이터 없음,INVENTORY_ONLY,CONTACT_SHEET_SCREENED_ONLY,183개 인벤토리 축소 보드에서 내용 선별만 수행. 정밀 마감/알파/동작 판단 근거로 사용하지 않음.,AREA_00_IMAGES_INPUT/global_skill_style_library/skills/0113_제노/preview.png,fdb7a59bc2bcc19d0d6614cddc173f40921c17b8011620b54be64d71f0ff1c5c
114,롬바드,91c5d5dd661e4e079271b4446f7eb262,UNKNOWN,리소스 API에 출시 시기 메타데이터 없음,INVENTORY_ONLY,CONTACT_SHEET_SCREENED_ONLY,183개 인벤토리 축소 보드에서 내용 선별만 수행. 정밀 마감/알파/동작 판단 근거로 사용하지 않음.,AREA_00_IMAGES_INPUT/global_skill_style_library/skills/0114_롬바드/preview.png,958610173a628b2883d0219a7cfa744851467444da15bd91918199c170b5f542
115,animationclip-664261,9520049ad5844acb847351928c162169,RECENT_SECONDARY,6차/HEXA 의미 검색 후보; 정확한 스킬명·출시일 미확인,INVENTORY_ONLY,CONTACT_SHEET_SCREENED_ONLY,183개 인벤토리 축소 보드에서 내용 선별만 수행. 정밀 마감/알파/동작 판단 근거로 사용하지 않음.,AREA_00_IMAGES_INPUT/global_skill_style_library/skills/0115_animationclip-664261/preview.png,f22868b3589c241b099186d1419b9b1fc183ffd207b8d3ecb55e0a8c23e8e577
116,데우,98cd61bf1b2c4ff496455ad956cd95d5,UNKNOWN,리소스 API에 출시 시기 메타데이터 없음,INVENTORY_ONLY,CONTACT_SHEET_SCREENED_ONLY,183개 인벤토리 축소 보드에서 내용 선별만 수행. 정밀 마감/알파/동작 판단 근거로 사용하지 않음.,AREA_00_IMAGES_INPUT/global_skill_style_library/skills/0116_데우/preview.png,099f8479c73692548a4f487dbdebc869c232a073d5fb23e499bb71dbc51044e4
117,animationclip-664520,997628810df4448f9e534bc426d6794a,UNKNOWN,리소스 API에 출시 시기 메타데이터 없음,INVENTORY_ONLY,CONTACT_SHEET_SCREENED_ONLY,183개 인벤토리 축소 보드에서 내용 선별만 수행. 정밀 마감/알파/동작 판단 근거로 사용하지 않음.,AREA_00_IMAGES_INPUT/global_skill_style_library/skills/0117_animationclip-664520/preview.png,86e2b927b52abd5f357ec85a8a44dd70e40b9a80547bb2c3fef4544fd1c3186b
118,데우,9af96df994cf4794882fec71c027da2b,UNKNOWN,리소스 API에 출시 시기 메타데이터 없음,INVENTORY_ONLY,BODY_SCREENED,본체 이미지가 중심. 몬스터 정체성 보조 외 VFX 마감 근거로 사용하지 않음.,AREA_00_IMAGES_INPUT/global_skill_style_library/skills/0118_데우/preview.png,29a477ff9b7645708e6e4d567a4678cab544cde35fe69adc12901f1b2a2af25e
119,animationclip-1039919,9c927f6388e74628b1050dfc8490246c,UNKNOWN,리소스 API에 출시 시기 메타데이터 없음,INVENTORY_ONLY,CONTACT_SHEET_SCREENED_ONLY,183개 인벤토리 축소 보드에서 내용 선별만 수행. 정밀 마감/알파/동작 판단 근거로 사용하지 않음.,AREA_00_IMAGES_INPUT/global_skill_style_library/skills/0119_animationclip-1039919/preview.png,fe9fcaf5b7b4e6e027b6c3064dd95894f0803c6da01448b60fef019bce9246ae
120,원공,9ca14ee512b1489cbb54b2b9833388cd,UNKNOWN,리소스 API에 출시 시기 메타데이터 없음,INVENTORY_ONLY,CONTACT_SHEET_SCREENED_ONLY,183개 인벤토리 축소 보드에서 내용 선별만 수행. 정밀 마감/알파/동작 판단 근거로 사용하지 않음.,AREA_00_IMAGES_INPUT/global_skill_style_library/skills/0120_원공/preview.png,375f01fdb702323cb37e864e4f0607459f0038b29a7f8f27135267435fe1a50c
121,변형된 아이언호그,9d71fbaf9b154c51bbdb481eaa2fc52f,UNKNOWN,리소스 API에 출시 시기 메타데이터 없음,INVENTORY_ONLY,CONTACT_SHEET_SCREENED_ONLY,183개 인벤토리 축소 보드에서 내용 선별만 수행. 정밀 마감/알파/동작 판단 근거로 사용하지 않음.,AREA_00_IMAGES_INPUT/global_skill_style_library/skills/0121_변형된_아이언호그/preview.png,3b3fa6410bd4adc4152e6e7dd1b9d5885d76fdbc3ed6725a4e482795777051fb
122,animationclip-664798,9defa2b61ad94ae3bc50d707979770e6,UNKNOWN,리소스 API에 출시 시기 메타데이터 없음,INVENTORY_ONLY,CONTACT_SHEET_SCREENED_ONLY,183개 인벤토리 축소 보드에서 내용 선별만 수행. 정밀 마감/알파/동작 판단 근거로 사용하지 않음.,AREA_00_IMAGES_INPUT/global_skill_style_library/skills/0122_animationclip-664798/preview.png,6f7a784fc1ca7ddb100dd74635c6e9c79bedf7007b44c88a4a040d2ded80cfed
123,설귀도 화이트팽,9fae493a549a4396a2f1378c39f7386f,UNKNOWN,리소스 API에 출시 시기 메타데이터 없음,INVENTORY_ONLY,CONTACT_SHEET_SCREENED_ONLY,183개 인벤토리 축소 보드에서 내용 선별만 수행. 정밀 마감/알파/동작 판단 근거로 사용하지 않음.,AREA_00_IMAGES_INPUT/global_skill_style_library/skills/0123_설귀도_화이트팽/preview.png,c91e6e533b56bfb06e26cc784e252c0d62062c8d8f48e728245acfbd17f97c95
124,sprite-8925662,a04302b1969248d2a7de250f3cb654b5,UNKNOWN,리소스 API에 출시 시기 메타데이터 없음,INVENTORY_ONLY,CONTACT_SHEET_SCREENED_ONLY,183개 인벤토리 축소 보드에서 내용 선별만 수행. 정밀 마감/알파/동작 판단 근거로 사용하지 않음.,AREA_00_IMAGES_INPUT/global_skill_style_library/skills/0124_sprite-8925662/preview.png,c3c539507144873d939954c73c76d65351c99567ead3589386cbe40866f5c9b6
125,변형된 아이언호그,a29334463fbf4a7bbc8e4cb7325229b7,UNKNOWN,리소스 API에 출시 시기 메타데이터 없음,INVENTORY_ONLY,CONTACT_SHEET_SCREENED_ONLY,183개 인벤토리 축소 보드에서 내용 선별만 수행. 정밀 마감/알파/동작 판단 근거로 사용하지 않음.,AREA_00_IMAGES_INPUT/global_skill_style_library/skills/0125_변형된_아이언호그/preview.png,3935ef2a90643c65e0a5e0b13933a9d95eac7600e772716a90bbb90ca2e80755
126,킹 블록퍼스,a2da67e687994755a8943c2bcf871902,UNKNOWN,리소스 API에 출시 시기 메타데이터 없음,INVENTORY_ONLY,CONTACT_SHEET_SCREENED_ONLY,183개 인벤토리 축소 보드에서 내용 선별만 수행. 정밀 마감/알파/동작 판단 근거로 사용하지 않음.,AREA_00_IMAGES_INPUT/global_skill_style_library/skills/0126_킹_블록퍼스/preview.png,59b6f21ab70dbfc1d54dfa34352c178656cfd5e5fa83572ca3d8c37f4d050db0
127,animationclip-1042336,a610b14bbc55477cbc78777a5a2e7ed1,UNKNOWN,리소스 API에 출시 시기 메타데이터 없음,INVENTORY_ONLY,CONTACT_SHEET_SCREENED_ONLY,183개 인벤토리 축소 보드에서 내용 선별만 수행. 정밀 마감/알파/동작 판단 근거로 사용하지 않음.,AREA_00_IMAGES_INPUT/global_skill_style_library/skills/0127_animationclip-1042336/preview.png,0a8b713c459589a1a48179a5bdeb5e1b5b649c8de1eee7b66445479f24ccac58
128,animationclip-665317,a6696166fce347e7b6394508f83dd687,RECENT_SECONDARY,6차/HEXA 의미 검색 후보; 정확한 스킬명·출시일 미확인,INVENTORY_ONLY,BLANK_OR_NEAR_BLANK_SCREENED,제공 썸네일에서 유효한 형상 식별이 어려움. 품질/소멸 기준으로 사용하지 않음.,AREA_00_IMAGES_INPUT/global_skill_style_library/skills/0128_animationclip-665317/preview.png,1364096aa802fd7eaeb5b78b0bdce67a454680b837c66068774e7933ee8709e7
129,샤크,a6ab8a49e4174a29bd45a835ed6d3460,UNKNOWN,리소스 API에 출시 시기 메타데이터 없음,INVENTORY_ONLY,CONTACT_SHEET_SCREENED_ONLY,183개 인벤토리 축소 보드에서 내용 선별만 수행. 정밀 마감/알파/동작 판단 근거로 사용하지 않음.,AREA_00_IMAGES_INPUT/global_skill_style_library/skills/0129_샤크/preview.png,a3d4733a75ae947a63dc64a464e4a2b6c6c4d72e9b8c63490a54153468666fcf
130,animationclip-665381,a77ea54c400e4b56a44ed05091a0ae53,UNKNOWN,리소스 API에 출시 시기 메타데이터 없음,INVENTORY_ONLY,CONTACT_SHEET_SCREENED_ONLY,183개 인벤토리 축소 보드에서 내용 선별만 수행. 정밀 마감/알파/동작 판단 근거로 사용하지 않음.,AREA_00_IMAGES_INPUT/global_skill_style_library/skills/0130_animationclip-665381/preview.png,305f6c338b65b12c556e09669f166d039d810f98041cc925b80fc485cc0d8697
131,[★] 망각의 수호대장,aa3d9ed3c4a3435298afcb494ac7fcac,UNKNOWN,리소스 API에 출시 시기 메타데이터 없음,INVENTORY_ONLY,CONTACT_SHEET_SCREENED_ONLY,183개 인벤토리 축소 보드에서 내용 선별만 수행. 정밀 마감/알파/동작 판단 근거로 사용하지 않음.,AREA_00_IMAGES_INPUT/global_skill_style_library/skills/0131_[★]_망각의_수호대장/preview.png,19a112ac58de149eb9ec20ba534b448c2abebbb82c08cdd1412135a2d5b00cc2
132,키메라,ab113d9a5ca5402d85ecc2ab7a4f51a1,UNKNOWN,리소스 API에 출시 시기 메타데이터 없음,INVENTORY_ONLY,CONTACT_SHEET_SCREENED_ONLY,183개 인벤토리 축소 보드에서 내용 선별만 수행. 정밀 마감/알파/동작 판단 근거로 사용하지 않음.,AREA_00_IMAGES_INPUT/global_skill_style_library/skills/0132_키메라/preview.png,7cc0dd598d6228352f31b48cd3c83fc119cc15c77956c13745e003b765b8269d
133,animationclip-1043000,af4e6abe766e4970a0e90aca58c6cc1c,LEGACY_REFERENCE,프로젝트 T16-3a의 모험가 계보 자료; 자산 자체 개정일 미확인,INVENTORY_ONLY,CONTACT_SHEET_SCREENED_ONLY,183개 인벤토리 축소 보드에서 내용 선별만 수행. 정밀 마감/알파/동작 판단 근거로 사용하지 않음.,AREA_00_IMAGES_INPUT/global_skill_style_library/skills/0133_animationclip-1043000/preview.png,ddee3e602ae99150bab8dce3f4c45833737a4a2680aa951654cbe1c66b97f52b
134,도끼 휘두르기,b03001aaa4cf4dfe82d34a48c58cb342,LEGACY_REFERENCE,프로젝트 T20/T32/T37 직접 제작 아이콘 기록,INVENTORY_ONLY,CONTACT_SHEET_SCREENED_ONLY,183개 인벤토리 축소 보드에서 내용 선별만 수행. 정밀 마감/알파/동작 판단 근거로 사용하지 않음.,AREA_00_IMAGES_INPUT/global_skill_style_library/skills/0134_도끼_휘두르기/preview.png,ca09d33b96f4b97b0d493b21242d9c964f6143cf2c3887fd705e19ec0c5dca12
135,엘리쟈,b14b3dbca0504af28e8d085c12b22000,UNKNOWN,리소스 API에 출시 시기 메타데이터 없음,INVENTORY_ONLY,CONTACT_SHEET_SCREENED_ONLY,183개 인벤토리 축소 보드에서 내용 선별만 수행. 정밀 마감/알파/동작 판단 근거로 사용하지 않음.,AREA_00_IMAGES_INPUT/global_skill_style_library/skills/0135_엘리쟈/preview.png,0b9b2377dcd97111195cc03bb677fd70d8b624b4f84bf0af91293de4bdb3ff39
136,원공,b22bb4955588482cbe450b97cff20c19,UNKNOWN,리소스 API에 출시 시기 메타데이터 없음,INVENTORY_ONLY,CONTACT_SHEET_SCREENED_ONLY,183개 인벤토리 축소 보드에서 내용 선별만 수행. 정밀 마감/알파/동작 판단 근거로 사용하지 않음.,AREA_00_IMAGES_INPUT/global_skill_style_library/skills/0136_원공/preview.png,0283202fff86d7bdd7918434efbe3ad4856e0fab7baf643d7f45fda0e0b11b38
137,sprite-8928057,b4fc4ca0e970498781b49ddfdffe9ff1,LEGACY_REFERENCE,프로젝트 T16-3a의 모험가 계보 자료; 자산 자체 개정일 미확인,INVENTORY_ONLY,CONTACT_SHEET_SCREENED_ONLY,183개 인벤토리 축소 보드에서 내용 선별만 수행. 정밀 마감/알파/동작 판단 근거로 사용하지 않음.,AREA_00_IMAGES_INPUT/global_skill_style_library/skills/0137_sprite-8928057/preview.png,2700f0e5263ed7aad781c85ce8307581a811b36830ef83472827e93f7518dda0
138,스타픽시,b61e7e2a50b2405794f88fdddf44b73a,UNKNOWN,리소스 API에 출시 시기 메타데이터 없음,INVENTORY_ONLY,CONTACT_SHEET_SCREENED_ONLY,183개 인벤토리 축소 보드에서 내용 선별만 수행. 정밀 마감/알파/동작 판단 근거로 사용하지 않음.,AREA_00_IMAGES_INPUT/global_skill_style_library/skills/0138_스타픽시/preview.png,79ea87d3ff27632b96958b437858854179e714ad862182348f4ed247f887a768
139,저돌 맹진,b656b6744e204375a345782b5119aea2,LEGACY_REFERENCE,프로젝트 T20/T32/T37 직접 제작 아이콘 기록,INVENTORY_ONLY,CONTACT_SHEET_SCREENED_ONLY,183개 인벤토리 축소 보드에서 내용 선별만 수행. 정밀 마감/알파/동작 판단 근거로 사용하지 않음.,AREA_00_IMAGES_INPUT/global_skill_style_library/skills/0139_저돌_맹진/preview.png,fbc5f320230f1416edbcd0246ccb06ab9f74869d6e68c3b6526d7f7248491d65
140,마뇽,b6b5849af24a416ab1680a1dced9697f,UNKNOWN,리소스 API에 출시 시기 메타데이터 없음,INVENTORY_ONLY,CONTACT_SHEET_SCREENED_ONLY,183개 인벤토리 축소 보드에서 내용 선별만 수행. 정밀 마감/알파/동작 판단 근거로 사용하지 않음.,AREA_00_IMAGES_INPUT/global_skill_style_library/skills/0140_마뇽/preview.png,452f3ae6b2fa0bf8b372cdfc0edc7d3a3893944b2d2103d27e473487018d2d9b
141,설귀도 화이트팽,b9d0ab716c054c58a18c0c38b07695a5,UNKNOWN,리소스 API에 출시 시기 메타데이터 없음,INVENTORY_ONLY,BODY_SCREENED,본체 이미지가 중심. 몬스터 정체성 보조 외 VFX 마감 근거로 사용하지 않음.,AREA_00_IMAGES_INPUT/global_skill_style_library/skills/0141_설귀도_화이트팽/preview.png,2069194e3e06ead2dc765c4927e57c0d98e0702458486a1b00da0a4644c58f46
142,animationclip-666784,beabe4fd1d6d442dafe41d0d086e622e,RECENT_SECONDARY,6차/HEXA 의미 검색 후보; 정확한 스킬명·출시일 미확인,INVENTORY_ONLY,BLANK_OR_NEAR_BLANK_SCREENED,제공 썸네일에서 유효한 형상 식별이 어려움. 품질/소멸 기준으로 사용하지 않음.,AREA_00_IMAGES_INPUT/global_skill_style_library/skills/0142_animationclip-666784/preview.png,44fd566158d69d917d394156de78f6a055b9952bbc832725dedacd02fa542be9
143,저주의 인형,c07ed26000af460a8438a3486e16f3ec,LEGACY_REFERENCE,프로젝트 T20/T32/T37 직접 제작 아이콘 기록,INVENTORY_ONLY,CONTACT_SHEET_SCREENED_ONLY,183개 인벤토리 축소 보드에서 내용 선별만 수행. 정밀 마감/알파/동작 판단 근거로 사용하지 않음.,AREA_00_IMAGES_INPUT/global_skill_style_library/skills/0143_저주의_인형/preview.png,2484ea2c804ad45a5f06d5c9542aace6b2b3237db373aaba54a8148227f71f78
144,추억의 신관,c25e7243baaf4b21bb70ee10dcd33890,UNKNOWN,리소스 API에 출시 시기 메타데이터 없음,INVENTORY_ONLY,CONTACT_SHEET_SCREENED_ONLY,183개 인벤토리 축소 보드에서 내용 선별만 수행. 정밀 마감/알파/동작 판단 근거로 사용하지 않음.,AREA_00_IMAGES_INPUT/global_skill_style_library/skills/0144_추억의_신관/preview.png,d439701c811b7dd7d9d26c74f7a541988ee189f9a1450036ed18cbd924da6f33
145,sprite-8929715,c2b8ef247cb243268aae39b3d51f89e7,UNKNOWN,리소스 API에 출시 시기 메타데이터 없음,INVENTORY_ONLY,CONTACT_SHEET_SCREENED_ONLY,183개 인벤토리 축소 보드에서 내용 선별만 수행. 정밀 마감/알파/동작 판단 근거로 사용하지 않음.,AREA_00_IMAGES_INPUT/global_skill_style_library/skills/0145_sprite-8929715/preview.png,f5506d5c908009b27e627353438e5ea7bd745e3817576b4a9ae4d35b0f72b6aa
146,animationclip-667168,c4f8dce4ee2745cda0f211514605261b,UNKNOWN,리소스 API에 출시 시기 메타데이터 없음,INVENTORY_ONLY,CONTACT_SHEET_SCREENED_ONLY,183개 인벤토리 축소 보드에서 내용 선별만 수행. 정밀 마감/알파/동작 판단 근거로 사용하지 않음.,AREA_00_IMAGES_INPUT/global_skill_style_library/skills/0146_animationclip-667168/preview.png,b5a7fcfa8c577724c8b0db531873d5717b5d308cf8bcc3d6e0a739c0e35c99ea
147,킹크랑,c57b15ccc8dd408b98c627617144d3cd,UNKNOWN,리소스 API에 출시 시기 메타데이터 없음,INVENTORY_ONLY,CONTACT_SHEET_SCREENED_ONLY,183개 인벤토리 축소 보드에서 내용 선별만 수행. 정밀 마감/알파/동작 판단 근거로 사용하지 않음.,AREA_00_IMAGES_INPUT/global_skill_style_library/skills/0147_킹크랑/preview.png,3d59e4f0fb0dd906cda23dd0a7ff4e7a780e11cd45dd45a5af16f67ec493eea0
148,설산의 마녀,c5a807748e9443348e5b14162948f26b,UNKNOWN,리소스 API에 출시 시기 메타데이터 없음,INVENTORY_ONLY,CONTACT_SHEET_SCREENED_ONLY,183개 인벤토리 축소 보드에서 내용 선별만 수행. 정밀 마감/알파/동작 판단 근거로 사용하지 않음.,AREA_00_IMAGES_INPUT/global_skill_style_library/skills/0148_설산의_마녀/preview.png,11fd83856769a567f08a6fec09e7f71e2c56b1b3218cc455a812286027e56cfd
149,sprite-12921677,c65619c9037a4018a344e1625fe2a753,UNKNOWN,리소스 API에 출시 시기 메타데이터 없음,INVENTORY_ONLY,CONTACT_SHEET_SCREENED_ONLY,183개 인벤토리 축소 보드에서 내용 선별만 수행. 정밀 마감/알파/동작 판단 근거로 사용하지 않음.,AREA_00_IMAGES_INPUT/global_skill_style_library/skills/0149_sprite-12921677/preview.png,f06cee337e08189020664e6f069545bca14f37a498b675335ee08387d0057c39
150,제노,c68a17e01f83412882ac127cda104ee3,UNKNOWN,리소스 API에 출시 시기 메타데이터 없음,INVENTORY_ONLY,BODY_SCREENED,본체 이미지가 중심. 몬스터 정체성 보조 외 VFX 마감 근거로 사용하지 않음.,AREA_00_IMAGES_INPUT/global_skill_style_library/skills/0150_제노/preview.png,9f4174284065ae72708fd578fec038227f79cf76ae49665c69f34176082f247d
151,스텀피,c6b3f052e977479ea5ad5329ce0981ca,UNKNOWN,리소스 API에 출시 시기 메타데이터 없음,INVENTORY_ONLY,CONTACT_SHEET_SCREENED_ONLY,183개 인벤토리 축소 보드에서 내용 선별만 수행. 정밀 마감/알파/동작 판단 근거로 사용하지 않음.,AREA_00_IMAGES_INPUT/global_skill_style_library/skills/0151_스텀피/preview.png,ab4d25f9c6431b12db8a74fafa90b8a1102925b121da21d138dbc226ca269448
152,animationclip-1038917,c912850a22804b7ab7fee10252397397,RECENT_SECONDARY,6차/HEXA 의미 검색 후보; 정확한 스킬명·출시일 미확인,INVENTORY_ONLY,CONTACT_SHEET_SCREENED_ONLY,183개 인벤토리 축소 보드에서 내용 선별만 수행. 정밀 마감/알파/동작 판단 근거로 사용하지 않음.,AREA_00_IMAGES_INPUT/global_skill_style_library/skills/0152_animationclip-1038917/preview.png,6fd8e00fb9bb95eec176e94d1413ad8f2631cf5e1d6a7f3c70b7c42fefe60407
153,암석 피부,cba9471e009f46ee9c786f31d29c3848,LEGACY_REFERENCE,프로젝트 T20/T32/T37 직접 제작 아이콘 기록,INVENTORY_ONLY,CONTACT_SHEET_SCREENED_ONLY,183개 인벤토리 축소 보드에서 내용 선별만 수행. 정밀 마감/알파/동작 판단 근거로 사용하지 않음.,AREA_00_IMAGES_INPUT/global_skill_style_library/skills/0153_암석_피부/preview.png,9ad04324205c20befde1b9d91a5083cec3679a318e154f4605abfb1815e90767
154,도도,cf2fe8e1a8954e7099bd2243cfb908d7,UNKNOWN,리소스 API에 출시 시기 메타데이터 없음,INVENTORY_ONLY,CONTACT_SHEET_SCREENED_ONLY,183개 인벤토리 축소 보드에서 내용 선별만 수행. 정밀 마감/알파/동작 판단 근거로 사용하지 않음.,AREA_00_IMAGES_INPUT/global_skill_style_library/skills/0154_도도/preview.png,44fd566158d69d917d394156de78f6a055b9952bbc832725dedacd02fa542be9
155,animationclip-668335,d8cbacc0ed7545d4afa1a948fafca99b,RECENT_SECONDARY,6차/HEXA 의미 검색 후보; 정확한 스킬명·출시일 미확인,INVENTORY_ONLY,CONTACT_SHEET_SCREENED_ONLY,183개 인벤토리 축소 보드에서 내용 선별만 수행. 정밀 마감/알파/동작 판단 근거로 사용하지 않음.,AREA_00_IMAGES_INPUT/global_skill_style_library/skills/0155_animationclip-668335/preview.png,0ad75262c4a487fb89e14e3cec06a8224deec434e3204bb21e166eae37fd9734
156,animationclip-668383,d96be74e6b014ce884413a98c139a136,RECENT_SECONDARY,6차/HEXA 의미 검색 후보; 정확한 스킬명·출시일 미확인,INVENTORY_ONLY,CONTACT_SHEET_SCREENED_ONLY,183개 인벤토리 축소 보드에서 내용 선별만 수행. 정밀 마감/알파/동작 판단 근거로 사용하지 않음.,AREA_00_IMAGES_INPUT/global_skill_style_library/skills/0156_animationclip-668383/preview.png,1a9e7a702649a247680e9218cb170f6bee5e3920922ab9b30fc5a94fb8188381
157,강철 발굽,da712fe9654b4ea2940cee669043bceb,LEGACY_REFERENCE,프로젝트 T20/T32/T37 직접 제작 아이콘 기록,INVENTORY_ONLY,CONTACT_SHEET_SCREENED_ONLY,183개 인벤토리 축소 보드에서 내용 선별만 수행. 정밀 마감/알파/동작 판단 근거로 사용하지 않음.,AREA_00_IMAGES_INPUT/global_skill_style_library/skills/0157_강철_발굽/preview.png,ca21d4d297464b6386179353f1475ccf001bfcdd0ec2b6f0d9ab929d80abb250
158,animationclip-668461,db2b67de20f5418cb7b5050ce0641df1,UNKNOWN,리소스 API에 출시 시기 메타데이터 없음,INVENTORY_ONLY,CONTACT_SHEET_SCREENED_ONLY,183개 인벤토리 축소 보드에서 내용 선별만 수행. 정밀 마감/알파/동작 판단 근거로 사용하지 않음.,AREA_00_IMAGES_INPUT/global_skill_style_library/skills/0158_animationclip-668461/preview.png,93b9f025e0eccfae362f124374423408fb04263f6058b0ad7c27711b160a2ee0
159,animationclip-668557,dccb430baeae4e0293035a3394b5e288,LEGACY_REFERENCE,프로젝트 T16-3a의 모험가 계보 자료; 자산 자체 개정일 미확인,INVENTORY_ONLY,CONTACT_SHEET_SCREENED_ONLY,183개 인벤토리 축소 보드에서 내용 선별만 수행. 정밀 마감/알파/동작 판단 근거로 사용하지 않음.,AREA_00_IMAGES_INPUT/global_skill_style_library/skills/0159_animationclip-668557/preview.png,bfbdc72a17f7f580df1e815413e372652cd3996d3046d009221c762844520832
160,sprite-8932807,dcfc97ad90e146d08a46225082ae590b,UNKNOWN,리소스 API에 출시 시기 메타데이터 없음,INVENTORY_ONLY,CONTACT_SHEET_SCREENED_ONLY,183개 인벤토리 축소 보드에서 내용 선별만 수행. 정밀 마감/알파/동작 판단 근거로 사용하지 않음.,AREA_00_IMAGES_INPUT/global_skill_style_library/skills/0160_sprite-8932807/preview.png,4cf89ad9444d2c07088c90bcf5fbf554557e3abe82d4fdde79acdc41b2e8b4cf
161,설귀도 화이트팽,dd098279908940fa938d3c5cb3dda732,UNKNOWN,리소스 API에 출시 시기 메타데이터 없음,INVENTORY_ONLY,BODY_SCREENED,본체 이미지가 중심. 몬스터 정체성 보조 외 VFX 마감 근거로 사용하지 않음.,AREA_00_IMAGES_INPUT/global_skill_style_library/skills/0161_설귀도_화이트팽/preview.png,2069194e3e06ead2dc765c4927e57c0d98e0702458486a1b00da0a4644c58f46
162,sprite-12899995,de5f2ecbd5ae4a7c9fe5c25f1ed9728a,UNKNOWN,리소스 API에 출시 시기 메타데이터 없음,INVENTORY_ONLY,CONTACT_SHEET_SCREENED_ONLY,183개 인벤토리 축소 보드에서 내용 선별만 수행. 정밀 마감/알파/동작 판단 근거로 사용하지 않음.,AREA_00_IMAGES_INPUT/global_skill_style_library/skills/0162_sprite-12899995/preview.png,2eb71fb8319e09e6d17e4f55251fdc4ce34e1f4a23b61682c3fdaea8f61bd933
163,변형된 스텀피,dfb0126bee6f48fb9bdb289bddef870b,UNKNOWN,리소스 API에 출시 시기 메타데이터 없음,INVENTORY_ONLY,CONTACT_SHEET_SCREENED_ONLY,183개 인벤토리 축소 보드에서 내용 선별만 수행. 정밀 마감/알파/동작 판단 근거로 사용하지 않음.,AREA_00_IMAGES_INPUT/global_skill_style_library/skills/0163_변형된_스텀피/preview.png,95319cc5bba396cc687f098e1009accf854ca6d50a43e04ead924436ca658689
164,animationclip-1040017,e2a05bd4787543618ffcbbe719288ee8,LEGACY_REFERENCE,프로젝트 T16-3a의 모험가 계보 자료; 자산 자체 개정일 미확인,INVENTORY_ONLY,CONTACT_SHEET_SCREENED_ONLY,183개 인벤토리 축소 보드에서 내용 선별만 수행. 정밀 마감/알파/동작 판단 근거로 사용하지 않음.,AREA_00_IMAGES_INPUT/global_skill_style_library/skills/0164_animationclip-1040017/preview.png,eb32edb551f695a72b54034394b7d250b3706f833cb888b010616339d9dac928
165,네오 휴로이드,e51545cbf94349f59f4431e2e76d2cdc,UNKNOWN,리소스 API에 출시 시기 메타데이터 없음,INVENTORY_ONLY,CONTACT_SHEET_SCREENED_ONLY,183개 인벤토리 축소 보드에서 내용 선별만 수행. 정밀 마감/알파/동작 판단 근거로 사용하지 않음.,AREA_00_IMAGES_INPUT/global_skill_style_library/skills/0165_네오_휴로이드/preview.png,83bd5bcb2e3eb1a573f6d6954ce4f50dcf5aa64047dfbaa5432b14659b0a6639
166,킹 블록퍼스,e53471f0f7114343907be7beb520751f,UNKNOWN,리소스 API에 출시 시기 메타데이터 없음,INVENTORY_ONLY,CONTACT_SHEET_SCREENED_ONLY,183개 인벤토리 축소 보드에서 내용 선별만 수행. 정밀 마감/알파/동작 판단 근거로 사용하지 않음.,AREA_00_IMAGES_INPUT/global_skill_style_library/skills/0166_킹_블록퍼스/preview.png,d7e36d4d33bb259a2fa043aa473268430adfcc24f838d99182b7c3e5a4fec719
167,타이머,e5558e07445143b6999f20246768a3fe,UNKNOWN,리소스 API에 출시 시기 메타데이터 없음,INVENTORY_ONLY,CONTACT_SHEET_SCREENED_ONLY,183개 인벤토리 축소 보드에서 내용 선별만 수행. 정밀 마감/알파/동작 판단 근거로 사용하지 않음.,AREA_00_IMAGES_INPUT/global_skill_style_library/skills/0167_타이머/preview.png,c27ea883c3ce57097a5746fb5fed9d53ee819efd41e42dec0c56fc9160021b8f
168,sprite-12850151,e5591a8f17a84f7d966499a0048cf15a,UNKNOWN,리소스 API에 출시 시기 메타데이터 없음,INVENTORY_ONLY,CONTACT_SHEET_SCREENED_ONLY,183개 인벤토리 축소 보드에서 내용 선별만 수행. 정밀 마감/알파/동작 판단 근거로 사용하지 않음.,AREA_00_IMAGES_INPUT/global_skill_style_library/skills/0168_sprite-12850151/preview.png,d0d995611b74da2153c393b985f268895e8da242a0c2b8496e29050d3cfc5646
169,변형된 스텀피,e79a4d871f6a4cbdbf75a7126982013e,UNKNOWN,리소스 API에 출시 시기 메타데이터 없음,INVENTORY_ONLY,CONTACT_SHEET_SCREENED_ONLY,183개 인벤토리 축소 보드에서 내용 선별만 수행. 정밀 마감/알파/동작 판단 근거로 사용하지 않음.,AREA_00_IMAGES_INPUT/global_skill_style_library/skills/0169_변형된_스텀피/preview.png,db5cc07502b0b16d068c2367f90a3c0ae6558465b7c7d1af7a2454019828e878
170,루나픽시,e7ee1a40564c43afbced2da544471266,UNKNOWN,리소스 API에 출시 시기 메타데이터 없음,INVENTORY_ONLY,CONTACT_SHEET_SCREENED_ONLY,183개 인벤토리 축소 보드에서 내용 선별만 수행. 정밀 마감/알파/동작 판단 근거로 사용하지 않음.,AREA_00_IMAGES_INPUT/global_skill_style_library/skills/0170_루나픽시/preview.png,c1a39f989205a62e46f7bbe08dffd2b4ad900591c16286ec2cd5d16b450a9913
171,마티안,e9d2e8cba2aa4245ae29cfb516746a04,UNKNOWN,리소스 API에 출시 시기 메타데이터 없음,INVENTORY_ONLY,CONTACT_SHEET_SCREENED_ONLY,183개 인벤토리 축소 보드에서 내용 선별만 수행. 정밀 마감/알파/동작 판단 근거로 사용하지 않음.,AREA_00_IMAGES_INPUT/global_skill_style_library/skills/0171_마티안/preview.png,d7e36d4d33bb259a2fa043aa473268430adfcc24f838d99182b7c3e5a4fec719
172,animationclip-669396,eaa71284041b4c8390c32ade11286e16,LEGACY_REFERENCE,프로젝트 T16-3a의 모험가 계보 자료; 자산 자체 개정일 미확인,INVENTORY_ONLY,CONTACT_SHEET_SCREENED_ONLY,183개 인벤토리 축소 보드에서 내용 선별만 수행. 정밀 마감/알파/동작 판단 근거로 사용하지 않음.,AREA_00_IMAGES_INPUT/global_skill_style_library/skills/0172_animationclip-669396/preview.png,56962a2b6a8b6d7db1c5789d4d48e57461bcce78accac94c03775e013898113f
173,키메라,ec7b571a85244965b296d26e6511e06d,UNKNOWN,리소스 API에 출시 시기 메타데이터 없음,INVENTORY_ONLY,BODY_SCREENED,본체 이미지가 중심. 몬스터 정체성 보조 외 VFX 마감 근거로 사용하지 않음.,AREA_00_IMAGES_INPUT/global_skill_style_library/skills/0173_키메라/preview.png,6ce2e0f0006c60da9d9481599b58b66e081f2f264c39d42b0baf5d0d5512c471
174,도도,ee1dc1a6f4e6452b860a43ce291c62a3,UNKNOWN,리소스 API에 출시 시기 메타데이터 없음,INVENTORY_ONLY,CONTACT_SHEET_SCREENED_ONLY,183개 인벤토리 축소 보드에서 내용 선별만 수행. 정밀 마감/알파/동작 판단 근거로 사용하지 않음.,AREA_00_IMAGES_INPUT/global_skill_style_library/skills/0174_도도/preview.png,44fd566158d69d917d394156de78f6a055b9952bbc832725dedacd02fa542be9
175,animationclip-669873,f2193098cb774d9e820a5831e486a6a8,UNKNOWN,리소스 API에 출시 시기 메타데이터 없음,INVENTORY_ONLY,CONTACT_SHEET_SCREENED_ONLY,183개 인벤토리 축소 보드에서 내용 선별만 수행. 정밀 마감/알파/동작 판단 근거로 사용하지 않음.,AREA_00_IMAGES_INPUT/global_skill_style_library/skills/0175_animationclip-669873/preview.png,8d5492532a60ffdedb31a1bc6e1839ef6a1a747ddab368067bd7909c834ae9f2
176,animationclip-1040508,f4b476d028ea4c95b7bb26247954cdcf,RECENT_SECONDARY,6차/HEXA 의미 검색 후보; 정확한 스킬명·출시일 미확인,INVENTORY_ONLY,CONTACT_SHEET_SCREENED_ONLY,183개 인벤토리 축소 보드에서 내용 선별만 수행. 정밀 마감/알파/동작 판단 근거로 사용하지 않음.,AREA_00_IMAGES_INPUT/global_skill_style_library/skills/0176_animationclip-1040508/preview.png,72edeef3f9db303b81ff2e20a26e80edcaa2139df981caab280abe66ddb75728
177,sprite-8935626,f527f0a168f34f31bd8b17e1059f3769,LEGACY_REFERENCE,프로젝트 T16-3a의 모험가 계보 자료; 자산 자체 개정일 미확인,INVENTORY_ONLY,CONTACT_SHEET_SCREENED_ONLY,183개 인벤토리 축소 보드에서 내용 선별만 수행. 정밀 마감/알파/동작 판단 근거로 사용하지 않음.,AREA_00_IMAGES_INPUT/global_skill_style_library/skills/0177_sprite-8935626/preview.png,44d31cf9ec857234e60ebaee2ec462a6b1e27c0719f8a84b275288626e86b900
178,설산의 마녀,f55dd57a708e43238b64715c02bb06cc,UNKNOWN,리소스 API에 출시 시기 메타데이터 없음,NATIVE_1_TO_1,VFX_STATIC,푸른 회오리의 흰 리본과 반투명 겹. 흐름의 정지 표현 참고; 전체 애니메이션 미확보.,AREA_00_IMAGES_INPUT/global_skill_style_library/skills/0178_설산의_마녀/preview.png,a2b856b731abedac0f1cc4a28060e5627240e3eeacb1d5324fc2a2b98d2cab19
179,sprite-8935754,f62b353e3f704eb097e427b7fc97980e,LEGACY_REFERENCE,프로젝트 T16-3a의 모험가 계보 자료; 자산 자체 개정일 미확인,INVENTORY_ONLY,CONTACT_SHEET_SCREENED_ONLY,183개 인벤토리 축소 보드에서 내용 선별만 수행. 정밀 마감/알파/동작 판단 근거로 사용하지 않음.,AREA_00_IMAGES_INPUT/global_skill_style_library/skills/0179_sprite-8935754/preview.png,0541e195aabe9a995a93cfda6d6b28d24ec4206d0cae66fe575c64fcc52fe2f0
180,animationclip-670288,f8a5f012719d401c9281b0a81617aafb,RECENT_SECONDARY,6차/HEXA 의미 검색 후보; 정확한 스킬명·출시일 미확인,NATIVE_1_TO_1,MIXED_VFX_OBJECT,검은 몸체성 대상+청록 검광/수평 잔상. 순수 VFX 기준에서 제외하고 혼합 자료 사례로만 확인.,AREA_00_IMAGES_INPUT/global_skill_style_library/skills/0180_animationclip-670288/preview.png,5742bb987ac1c46693f69945340aa750206066ebe1851cc87d7e691de80dfe9c
181,화염 돌풍,f960bb921fb44bea91c95ea6b95f1d85,LEGACY_REFERENCE,프로젝트 T20/T32/T37 직접 제작 아이콘 기록,INVENTORY_ONLY,CONTACT_SHEET_SCREENED_ONLY,183개 인벤토리 축소 보드에서 내용 선별만 수행. 정밀 마감/알파/동작 판단 근거로 사용하지 않음.,AREA_00_IMAGES_INPUT/global_skill_style_library/skills/0181_화염_돌풍/preview.png,b9416404103191436f7927f870ec2b8dff58226bad0d1028ebd522a6db62d909
182,장난감 목마,fc4857ea48be477c9546c775e0f31d49,UNKNOWN,리소스 API에 출시 시기 메타데이터 없음,INVENTORY_ONLY,BODY_SCREENED,본체 이미지가 중심. 몬스터 정체성 보조 외 VFX 마감 근거로 사용하지 않음.,AREA_00_IMAGES_INPUT/global_skill_style_library/skills/0182_장난감_목마/preview.png,a98b7f3baed07be0206966fda33a6309d97c75fde0dbe2c87b9a911837306a92
183,sprite-8936578,fd051469cf104e0bb1597e6930619354,LEGACY_REFERENCE,프로젝트 T16-3a의 모험가 계보 자료; 자산 자체 개정일 미확인,INVENTORY_ONLY,CONTACT_SHEET_SCREENED_ONLY,183개 인벤토리 축소 보드에서 내용 선별만 수행. 정밀 마감/알파/동작 판단 근거로 사용하지 않음.,AREA_00_IMAGES_INPUT/global_skill_style_library/skills/0183_sprite-8936578/preview.png,81ce9ccafabd1742004d09ac38c31606dd90e9f4d9742b8017b71bcdcbfa49f9
