monster_id,skill_id,frame,file,visible_span_px,canvas_width,visible_span_ratio,requirement,judgment,method,action
m_snail,s_mon_snail_dew_trail,F03,AREA_00_IMAGES_OUTPUT/monsters/001_m_snail_달팽이/VFX/001_m_snail_s_mon_snail_dew_trail_F03.png,332,384,0.8646,GENERATION_SPEC: 외곽 파편은 캔버스 안전영역85%를 넘지 않음,SPEC_MISMATCH_SAFE_MARGIN,A>=128 가시 영역의 가로폭만으로85% 초과. 희박한 glow 제외를 위한 보수적 증거이며 품질 점수/새 알파 조건 아님.,기술적 여백/배치 보정 후보. 본체 절단이 있으면 원화 복구와 별도 연결. 자동 축소/재생성 실행 없음.
m_snail,s_mon_snail_dew_trail,F05,AREA_00_IMAGES_OUTPUT/monsters/001_m_snail_달팽이/VFX/001_m_snail_s_mon_snail_dew_trail_F05.png,336,384,0.875,GENERATION_SPEC: 외곽 파편은 캔버스 안전영역85%를 넘지 않음,SPEC_MISMATCH_SAFE_MARGIN,A>=128 가시 영역의 가로폭만으로85% 초과. 희박한 glow 제외를 위한 보수적 증거이며 품질 점수/새 알파 조건 아님.,기술적 여백/배치 보정 후보. 본체 절단이 있으면 원화 복구와 별도 연결. 자동 축소/재생성 실행 없음.
m_mano,s_mon_mano,F05,AREA_00_IMAGES_OUTPUT/monsters/004_m_mano_마노/VFX/004_m_mano_s_mon_mano_F05.png,485,512,0.9473,GENERATION_SPEC: 외곽 파편은 캔버스 안전영역85%를 넘지 않음,SPEC_MISMATCH_SAFE_MARGIN,A>=128 가시 영역의 가로폭만으로85% 초과. 희박한 glow 제외를 위한 보수적 증거이며 품질 점수/새 알파 조건 아님.,기술적 여백/배치 보정 후보. 본체 절단이 있으면 원화 복구와 별도 연결. 자동 축소/재생성 실행 없음.
m_mano,s_mon_mano,F06,AREA_00_IMAGES_OUTPUT/monsters/004_m_mano_마노/VFX/004_m_mano_s_mon_mano_F06.png,512,512,1.0,GENERATION_SPEC: 외곽 파편은 캔버스 안전영역85%를 넘지 않음,SPEC_MISMATCH_SAFE_MARGIN,A>=128 가시 영역의 가로폭만으로85% 초과. 희박한 glow 제외를 위한 보수적 증거이며 품질 점수/새 알파 조건 아님.,기술적 여백/배치 보정 후보. 본체 절단이 있으면 원화 복구와 별도 연결. 자동 축소/재생성 실행 없음.
m_mano,s_mon_mano,F07,AREA_00_IMAGES_OUTPUT/monsters/004_m_mano_마노/VFX/004_m_mano_s_mon_mano_F07.png,497,512,0.9707,GENERATION_SPEC: 외곽 파편은 캔버스 안전영역85%를 넘지 않음,SPEC_MISMATCH_SAFE_MARGIN,A>=128 가시 영역의 가로폭만으로85% 초과. 희박한 glow 제외를 위한 보수적 증거이며 품질 점수/새 알파 조건 아님.,기술적 여백/배치 보정 후보. 본체 절단이 있으면 원화 복구와 별도 연결. 자동 축소/재생성 실행 없음.
m_mano,s_mon_mano,F08,AREA_00_IMAGES_OUTPUT/monsters/004_m_mano_마노/VFX/004_m_mano_s_mon_mano_F08.png,458,512,0.8945,GENERATION_SPEC: 외곽 파편은 캔버스 안전영역85%를 넘지 않음,SPEC_MISMATCH_SAFE_MARGIN,A>=128 가시 영역의 가로폭만으로85% 초과. 희박한 glow 제외를 위한 보수적 증거이며 품질 점수/새 알파 조건 아님.,기술적 여백/배치 보정 후보. 본체 절단이 있으면 원화 복구와 별도 연결. 자동 축소/재생성 실행 없음.
m_mano,s_mon_mano,F09,AREA_00_IMAGES_OUTPUT/monsters/004_m_mano_마노/VFX/004_m_mano_s_mon_mano_F09.png,441,512,0.8613,GENERATION_SPEC: 외곽 파편은 캔버스 안전영역85%를 넘지 않음,SPEC_MISMATCH_SAFE_MARGIN,A>=128 가시 영역의 가로폭만으로85% 초과. 희박한 glow 제외를 위한 보수적 증거이며 품질 점수/새 알파 조건 아님.,기술적 여백/배치 보정 후보. 본체 절단이 있으면 원화 복구와 별도 연결. 자동 축소/재생성 실행 없음.
m_slime,s_mon_slime,F03,AREA_00_IMAGES_OUTPUT/monsters/005_m_slime_슬라임/VFX/005_m_slime_s_mon_slime_F03.png,232,256,0.9062,GENERATION_SPEC: 외곽 파편은 캔버스 안전영역85%를 넘지 않음,SPEC_MISMATCH_SAFE_MARGIN,A>=128 가시 영역의 가로폭만으로85% 초과. 희박한 glow 제외를 위한 보수적 증거이며 품질 점수/새 알파 조건 아님.,기술적 여백/배치 보정 후보. 본체 절단이 있으면 원화 복구와 별도 연결. 자동 축소/재생성 실행 없음.
m_slime,s_mon_slime,F04,AREA_00_IMAGES_OUTPUT/monsters/005_m_slime_슬라임/VFX/005_m_slime_s_mon_slime_F04.png,220,256,0.8594,GENERATION_SPEC: 외곽 파편은 캔버스 안전영역85%를 넘지 않음,SPEC_MISMATCH_SAFE_MARGIN,A>=128 가시 영역의 가로폭만으로85% 초과. 희박한 glow 제외를 위한 보수적 증거이며 품질 점수/새 알파 조건 아님.,기술적 여백/배치 보정 후보. 본체 절단이 있으면 원화 복구와 별도 연결. 자동 축소/재생성 실행 없음.
