skill,role,frame,original_path,original_sha256,candidate_path,candidate_sha256,method,reason
m_snail,VFX,F00,D:\maplestory_levup\docs\art\area00-images-output\AREA_00_IMAGES_OUTPUT_ORIGINAL.zip!/AREA_00_IMAGES_OUTPUT/monsters/001_m_snail_달팽이/VFX/001_m_snail_s_mon_snail_dew_trail_F00.png,b7e74d47734d5b6bbcdbe3c68d99ed67b360eff4c6c73bcf4b141ba69b4d3525,D:\maplestory_levup\docs\art\area00_refinement\20260912_203404\AREA_00_IMAGES_INPUT_IMAGES_OUTPUT\monsters\001_m_snail_달팽이\VFX\001_m_snail_s_mon_snail_dew_trail_F00.png,756e65c25f43cbb5069236744cd6d14723d6b83dd313c16b3c2ba0957f99fb33,공통 크기 보정,프레임별 크기 흔들림 없이 85% 여백 확보
m_snail,VFX,F01,D:\maplestory_levup\docs\art\area00-images-output\AREA_00_IMAGES_OUTPUT_ORIGINAL.zip!/AREA_00_IMAGES_OUTPUT/monsters/001_m_snail_달팽이/VFX/001_m_snail_s_mon_snail_dew_trail_F01.png,41302b32898fa0136beeba6c6959da7694f35bab7bf6c63a4f6b0f9a45e94b7b,D:\maplestory_levup\docs\art\area00_refinement\20260912_203404\AREA_00_IMAGES_INPUT_IMAGES_OUTPUT\monsters\001_m_snail_달팽이\VFX\001_m_snail_s_mon_snail_dew_trail_F01.png,f1d4cebec9f2a8c7a2e6fdddaada51f40315705e198c919d22183d4dee41394f,공통 크기 보정,프레임별 크기 흔들림 없이 85% 여백 확보
m_snail,VFX,F02,D:\maplestory_levup\docs\art\area00-images-output\AREA_00_IMAGES_OUTPUT_ORIGINAL.zip!/AREA_00_IMAGES_OUTPUT/monsters/001_m_snail_달팽이/VFX/001_m_snail_s_mon_snail_dew_trail_F02.png,3e4aec6879b1765ebe8a38bdc3caf37b17cb412d113d5b3272e125f39ced6df8,D:\maplestory_levup\docs\art\area00_refinement\20260912_203404\AREA_00_IMAGES_INPUT_IMAGES_OUTPUT\monsters\001_m_snail_달팽이\VFX\001_m_snail_s_mon_snail_dew_trail_F02.png,ef7e5058584b23db9566e455c7f140bee6c31be0903dd1f6f6b7b25a3a157390,공통 크기 보정,프레임별 크기 흔들림 없이 85% 여백 확보
m_snail,VFX,F03,D:\maplestory_levup\docs\art\area00-images-output\AREA_00_IMAGES_OUTPUT_ORIGINAL.zip!/AREA_00_IMAGES_OUTPUT/monsters/001_m_snail_달팽이/VFX/001_m_snail_s_mon_snail_dew_trail_F03.png,f9d41b208b4b5211ec7192e517b63e83b9584c97a27140e408efc1381954ba0b,D:\maplestory_levup\docs\art\area00_refinement\20260912_203404\AREA_00_IMAGES_INPUT_IMAGES_OUTPUT\monsters\001_m_snail_달팽이\VFX\001_m_snail_s_mon_snail_dew_trail_F03.png,7ca3e8538804bf2fa539e02cb1a24f762d34049614b268f7a6b45cd093ed613c,공통 크기 보정,프레임별 크기 흔들림 없이 85% 여백 확보
m_snail,VFX,F04,D:\maplestory_levup\docs\art\area00-images-output\AREA_00_IMAGES_OUTPUT_ORIGINAL.zip!/AREA_00_IMAGES_OUTPUT/monsters/001_m_snail_달팽이/VFX/001_m_snail_s_mon_snail_dew_trail_F04.png,f74cc1f1679ee8075bb00b561de00036e26927f29630e28641ab8cb550dcf873,D:\maplestory_levup\docs\art\area00_refinement\20260912_203404\AREA_00_IMAGES_INPUT_IMAGES_OUTPUT\monsters\001_m_snail_달팽이\VFX\001_m_snail_s_mon_snail_dew_trail_F04.png,a46b6437edb4492c67e2c6e03d5be428dd698e2abd70c048a63f4f2a570e78d5,공통 크기 보정,프레임별 크기 흔들림 없이 85% 여백 확보
m_snail,VFX,F05,D:\maplestory_levup\docs\art\area00-images-output\AREA_00_IMAGES_OUTPUT_ORIGINAL.zip!/AREA_00_IMAGES_OUTPUT/monsters/001_m_snail_달팽이/VFX/001_m_snail_s_mon_snail_dew_trail_F05.png,e42797fa98dd5ebd9ece312428850a4d002758e900040402c20a9a3c67b7e006,D:\maplestory_levup\docs\art\area00_refinement\20260912_203404\AREA_00_IMAGES_INPUT_IMAGES_OUTPUT\monsters\001_m_snail_달팽이\VFX\001_m_snail_s_mon_snail_dew_trail_F05.png,e1bca5361f367c3198cfada4bc11095adbce8f37341ca03308492655f26134bf,공통 크기 보정,프레임별 크기 흔들림 없이 85% 여백 확보
m_snail,VFX,F06,D:\maplestory_levup\docs\art\area00-images-output\AREA_00_IMAGES_OUTPUT_ORIGINAL.zip!/AREA_00_IMAGES_OUTPUT/monsters/001_m_snail_달팽이/VFX/001_m_snail_s_mon_snail_dew_trail_F06.png,6fcb2783109b7be3a201ced278d107019a85b1b508ff10f9e8db2b8ef80d5f7f,D:\maplestory_levup\docs\art\area00_refinement\20260912_203404\AREA_00_IMAGES_INPUT_IMAGES_OUTPUT\monsters\001_m_snail_달팽이\VFX\001_m_snail_s_mon_snail_dew_trail_F06.png,67ea6e26e1a9c9a87daa97974bd3bac662d0f05a365bb2fabddd9b07d7e7bda7,공통 크기 보정,프레임별 크기 흔들림 없이 85% 여백 확보
m_snail,VFX,F07,D:\maplestory_levup\docs\art\area00-images-output\AREA_00_IMAGES_OUTPUT_ORIGINAL.zip!/AREA_00_IMAGES_OUTPUT/monsters/001_m_snail_달팽이/VFX/001_m_snail_s_mon_snail_dew_trail_F07.png,a10fa4be7113d815469390317d352bf33593777576ef66f81ebeae5055159c9a,D:\maplestory_levup\docs\art\area00_refinement\20260912_203404\AREA_00_IMAGES_INPUT_IMAGES_OUTPUT\monsters\001_m_snail_달팽이\VFX\001_m_snail_s_mon_snail_dew_trail_F07.png,fc49f018921ebc88c65c594de93328ae4ab51b9288bb26c4a5701f771fe2cf11,공통 크기 보정,프레임별 크기 흔들림 없이 85% 여백 확보
m_snail,ICON,ICON,D:\maplestory_levup\docs\art\area00-images-output\AREA_00_IMAGES_OUTPUT_ORIGINAL.zip!/AREA_00_IMAGES_OUTPUT/monsters/001_m_snail_달팽이/ICON/001_m_snail_s_mon_snail_dew_trail_ICON.png,9e4c5c2bf3f0edd39e3de4855d0eb2c16a049d879a88fe104fb91e5eb76a5446,D:\maplestory_levup\docs\art\area00_refinement\20260912_203404\AREA_00_IMAGES_INPUT_IMAGES_OUTPUT\monsters\001_m_snail_달팽이\ICON\001_m_snail_s_mon_snail_dew_trail_ICON.png,9e4c5c2bf3f0edd39e3de4855d0eb2c16a049d879a88fe104fb91e5eb76a5446,변경 없음,기존 정상 파일 바이트 보존
m_blue_snail,VFX,F00,D:\maplestory_levup\docs\art\area00-images-output\AREA_00_IMAGES_OUTPUT_ORIGINAL.zip!/AREA_00_IMAGES_OUTPUT/monsters/002_m_blue_snail_파란_달팽이/VFX/002_m_blue_snail_s_mon_blue_snail_F00.png,d7b55014803cf9feed39d079ceb5deef7bf7f2780bfbbca351f8b3f6c00d8b7c,D:\maplestory_levup\docs\art\area00_refinement\20260912_203404\AREA_00_IMAGES_INPUT_IMAGES_OUTPUT\monsters\002_m_blue_snail_파란_달팽이\VFX\002_m_blue_snail_s_mon_blue_snail_F00.png,d7b55014803cf9feed39d079ceb5deef7bf7f2780bfbbca351f8b3f6c00d8b7c,변경 없음,기존 정상 파일 바이트 보존
m_blue_snail,VFX,F01,D:\maplestory_levup\docs\art\area00-images-output\AREA_00_IMAGES_OUTPUT_ORIGINAL.zip!/AREA_00_IMAGES_OUTPUT/monsters/002_m_blue_snail_파란_달팽이/VFX/002_m_blue_snail_s_mon_blue_snail_F01.png,cfac5775668a4cbc3538bc0bf5d3128c156420b4b10154719e7b40b2f3e954c8,D:\maplestory_levup\docs\art\area00_refinement\20260912_203404\AREA_00_IMAGES_INPUT_IMAGES_OUTPUT\monsters\002_m_blue_snail_파란_달팽이\VFX\002_m_blue_snail_s_mon_blue_snail_F01.png,cfac5775668a4cbc3538bc0bf5d3128c156420b4b10154719e7b40b2f3e954c8,변경 없음,기존 정상 파일 바이트 보존
m_blue_snail,VFX,F02,D:\maplestory_levup\docs\art\area00-images-output\AREA_00_IMAGES_OUTPUT_ORIGINAL.zip!/AREA_00_IMAGES_OUTPUT/monsters/002_m_blue_snail_파란_달팽이/VFX/002_m_blue_snail_s_mon_blue_snail_F02.png,9c712f7984fa7cee2a34642bb6ea82d48e65ff40136722336230d5c108ed5cde,D:\maplestory_levup\docs\art\area00_refinement\20260912_203404\AREA_00_IMAGES_INPUT_IMAGES_OUTPUT\monsters\002_m_blue_snail_파란_달팽이\VFX\002_m_blue_snail_s_mon_blue_snail_F02.png,9c712f7984fa7cee2a34642bb6ea82d48e65ff40136722336230d5c108ed5cde,변경 없음,기존 정상 파일 바이트 보존
m_blue_snail,VFX,F03,D:\maplestory_levup\docs\art\area00-images-output\AREA_00_IMAGES_OUTPUT_ORIGINAL.zip!/AREA_00_IMAGES_OUTPUT/monsters/002_m_blue_snail_파란_달팽이/VFX/002_m_blue_snail_s_mon_blue_snail_F03.png,9637aba5fa8311195959dfb12a284ce6ae384861e8b7e861b18c2a5fa9a6ff13,D:\maplestory_levup\docs\art\area00_refinement\20260912_203404\AREA_00_IMAGES_INPUT_IMAGES_OUTPUT\monsters\002_m_blue_snail_파란_달팽이\VFX\002_m_blue_snail_s_mon_blue_snail_F03.png,9637aba5fa8311195959dfb12a284ce6ae384861e8b7e861b18c2a5fa9a6ff13,변경 없음,기존 정상 파일 바이트 보존
m_blue_snail,VFX,F04,D:\maplestory_levup\docs\art\area00-images-output\AREA_00_IMAGES_OUTPUT_ORIGINAL.zip!/AREA_00_IMAGES_OUTPUT/monsters/002_m_blue_snail_파란_달팽이/VFX/002_m_blue_snail_s_mon_blue_snail_F04.png,0bce8d96d2dbfc9ed65f5735bf440ff5467d1e6daddf44769af7c501530720b7,D:\maplestory_levup\docs\art\area00_refinement\20260912_203404\AREA_00_IMAGES_INPUT_IMAGES_OUTPUT\monsters\002_m_blue_snail_파란_달팽이\VFX\002_m_blue_snail_s_mon_blue_snail_F04.png,0bce8d96d2dbfc9ed65f5735bf440ff5467d1e6daddf44769af7c501530720b7,변경 없음,기존 정상 파일 바이트 보존
m_blue_snail,VFX,F05,D:\maplestory_levup\docs\art\area00-images-output\AREA_00_IMAGES_OUTPUT_ORIGINAL.zip!/AREA_00_IMAGES_OUTPUT/monsters/002_m_blue_snail_파란_달팽이/VFX/002_m_blue_snail_s_mon_blue_snail_F05.png,7c711af880e09179d6e35cb0592244949ccf816ed2e0e843fb141e36b2f39d23,D:\maplestory_levup\docs\art\area00_refinement\20260912_203404\AREA_00_IMAGES_INPUT_IMAGES_OUTPUT\monsters\002_m_blue_snail_파란_달팽이\VFX\002_m_blue_snail_s_mon_blue_snail_F05.png,7c711af880e09179d6e35cb0592244949ccf816ed2e0e843fb141e36b2f39d23,변경 없음,기존 정상 파일 바이트 보존
m_blue_snail,VFX,F06,D:\maplestory_levup\docs\art\area00-images-output\AREA_00_IMAGES_OUTPUT_ORIGINAL.zip!/AREA_00_IMAGES_OUTPUT/monsters/002_m_blue_snail_파란_달팽이/VFX/002_m_blue_snail_s_mon_blue_snail_F06.png,1a97d84716a4518c8af8262bb8cf503d43d9737ed0db3b262308d6a508bb0653,D:\maplestory_levup\docs\art\area00_refinement\20260912_203404\AREA_00_IMAGES_INPUT_IMAGES_OUTPUT\monsters\002_m_blue_snail_파란_달팽이\VFX\002_m_blue_snail_s_mon_blue_snail_F06.png,1a97d84716a4518c8af8262bb8cf503d43d9737ed0db3b262308d6a508bb0653,변경 없음,기존 정상 파일 바이트 보존
m_blue_snail,VFX,F07,D:\maplestory_levup\docs\art\area00-images-output\AREA_00_IMAGES_OUTPUT_ORIGINAL.zip!/AREA_00_IMAGES_OUTPUT/monsters/002_m_blue_snail_파란_달팽이/VFX/002_m_blue_snail_s_mon_blue_snail_F07.png,d28d8ff99b111634ba2a755761085a260dda2100f83cf2e729812242dc98f7c1,D:\maplestory_levup\docs\art\area00_refinement\20260912_203404\AREA_00_IMAGES_INPUT_IMAGES_OUTPUT\monsters\002_m_blue_snail_파란_달팽이\VFX\002_m_blue_snail_s_mon_blue_snail_F07.png,d28d8ff99b111634ba2a755761085a260dda2100f83cf2e729812242dc98f7c1,변경 없음,기존 정상 파일 바이트 보존
m_blue_snail,ICON,ICON,D:\maplestory_levup\docs\art\area00-images-output\AREA_00_IMAGES_OUTPUT_ORIGINAL.zip!/AREA_00_IMAGES_OUTPUT/monsters/002_m_blue_snail_파란_달팽이/ICON/002_m_blue_snail_s_mon_blue_snail_ICON.png,defd113ea3c59d8b570f73a79533b4253b5e72f789347e13aaa6cdbfefe65d27,D:\maplestory_levup\docs\art\area00_refinement\20260912_203404\AREA_00_IMAGES_INPUT_IMAGES_OUTPUT\monsters\002_m_blue_snail_파란_달팽이\ICON\002_m_blue_snail_s_mon_blue_snail_ICON.png,defd113ea3c59d8b570f73a79533b4253b5e72f789347e13aaa6cdbfefe65d27,변경 없음,기존 정상 파일 바이트 보존
m_red_snail,VFX,F00,D:\maplestory_levup\docs\art\area00-images-output\AREA_00_IMAGES_OUTPUT_ORIGINAL.zip!/AREA_00_IMAGES_OUTPUT/monsters/003_m_red_snail_빨간_달팽이/VFX/003_m_red_snail_s_mon_red_snail_F00.png,27d9b0dfc570f3a155a70bee2322b7729c54450512d3aa5d153d415cc3348678,D:\maplestory_levup\docs\art\area00_refinement\20260912_203404\AREA_00_IMAGES_INPUT_IMAGES_OUTPUT\monsters\003_m_red_snail_빨간_달팽이\VFX\003_m_red_snail_s_mon_red_snail_F00.png,27d9b0dfc570f3a155a70bee2322b7729c54450512d3aa5d153d415cc3348678,변경 없음,기존 정상 파일 바이트 보존
m_red_snail,VFX,F01,D:\maplestory_levup\docs\art\area00-images-output\AREA_00_IMAGES_OUTPUT_ORIGINAL.zip!/AREA_00_IMAGES_OUTPUT/monsters/003_m_red_snail_빨간_달팽이/VFX/003_m_red_snail_s_mon_red_snail_F01.png,fb2b3172532e8aa6200c13412604e057a86501413a7038c9c48531856c94c8df,D:\maplestory_levup\docs\art\area00_refinement\20260912_203404\AREA_00_IMAGES_INPUT_IMAGES_OUTPUT\monsters\003_m_red_snail_빨간_달팽이\VFX\003_m_red_snail_s_mon_red_snail_F01.png,fb2b3172532e8aa6200c13412604e057a86501413a7038c9c48531856c94c8df,변경 없음,기존 정상 파일 바이트 보존
m_red_snail,VFX,F02,D:\maplestory_levup\docs\art\area00-images-output\AREA_00_IMAGES_OUTPUT_ORIGINAL.zip!/AREA_00_IMAGES_OUTPUT/monsters/003_m_red_snail_빨간_달팽이/VFX/003_m_red_snail_s_mon_red_snail_F02.png,4d4c2dfe1ab765db3989b27949660c46f62a5e7cea23b74a6c3fa106882387a3,D:\maplestory_levup\docs\art\area00_refinement\20260912_203404\AREA_00_IMAGES_INPUT_IMAGES_OUTPUT\monsters\003_m_red_snail_빨간_달팽이\VFX\003_m_red_snail_s_mon_red_snail_F02.png,4d4c2dfe1ab765db3989b27949660c46f62a5e7cea23b74a6c3fa106882387a3,변경 없음,기존 정상 파일 바이트 보존
m_red_snail,VFX,F03,D:\maplestory_levup\docs\art\area00-images-output\AREA_00_IMAGES_OUTPUT_ORIGINAL.zip!/AREA_00_IMAGES_OUTPUT/monsters/003_m_red_snail_빨간_달팽이/VFX/003_m_red_snail_s_mon_red_snail_F03.png,49b82856ad01e1a4da5f8ff71245488ce82f308f01e557afb0560cee7df0a287,D:\maplestory_levup\docs\art\area00_refinement\20260912_203404\AREA_00_IMAGES_INPUT_IMAGES_OUTPUT\monsters\003_m_red_snail_빨간_달팽이\VFX\003_m_red_snail_s_mon_red_snail_F03.png,49b82856ad01e1a4da5f8ff71245488ce82f308f01e557afb0560cee7df0a287,변경 없음,기존 정상 파일 바이트 보존
m_red_snail,VFX,F04,D:\maplestory_levup\docs\art\area00-images-output\AREA_00_IMAGES_OUTPUT_ORIGINAL.zip!/AREA_00_IMAGES_OUTPUT/monsters/003_m_red_snail_빨간_달팽이/VFX/003_m_red_snail_s_mon_red_snail_F04.png,80630efa2f358a24d0e59981bbd309e1d8d9278fcc0fb536496cd0dab6e5fbe5,D:\maplestory_levup\docs\art\area00_refinement\20260912_203404\AREA_00_IMAGES_INPUT_IMAGES_OUTPUT\monsters\003_m_red_snail_빨간_달팽이\VFX\003_m_red_snail_s_mon_red_snail_F04.png,80630efa2f358a24d0e59981bbd309e1d8d9278fcc0fb536496cd0dab6e5fbe5,변경 없음,기존 정상 파일 바이트 보존
m_red_snail,VFX,F05,D:\maplestory_levup\docs\art\area00-images-output\AREA_00_IMAGES_OUTPUT_ORIGINAL.zip!/AREA_00_IMAGES_OUTPUT/monsters/003_m_red_snail_빨간_달팽이/VFX/003_m_red_snail_s_mon_red_snail_F05.png,05643afdd7f9a4441b531468226ac429846f071b759c3fd598337e2114b9f21e,D:\maplestory_levup\docs\art\area00_refinement\20260912_203404\AREA_00_IMAGES_INPUT_IMAGES_OUTPUT\monsters\003_m_red_snail_빨간_달팽이\VFX\003_m_red_snail_s_mon_red_snail_F05.png,05643afdd7f9a4441b531468226ac429846f071b759c3fd598337e2114b9f21e,변경 없음,기존 정상 파일 바이트 보존
m_red_snail,VFX,F06,D:\maplestory_levup\docs\art\area00-images-output\AREA_00_IMAGES_OUTPUT_ORIGINAL.zip!/AREA_00_IMAGES_OUTPUT/monsters/003_m_red_snail_빨간_달팽이/VFX/003_m_red_snail_s_mon_red_snail_F06.png,9bcc23d5a1035abadc431c5be975644df9021cc9401768a779c30d90baa7dba4,D:\maplestory_levup\docs\art\area00_refinement\20260912_203404\AREA_00_IMAGES_INPUT_IMAGES_OUTPUT\monsters\003_m_red_snail_빨간_달팽이\VFX\003_m_red_snail_s_mon_red_snail_F06.png,9bcc23d5a1035abadc431c5be975644df9021cc9401768a779c30d90baa7dba4,변경 없음,기존 정상 파일 바이트 보존
m_red_snail,VFX,F07,D:\maplestory_levup\docs\art\area00-images-output\AREA_00_IMAGES_OUTPUT_ORIGINAL.zip!/AREA_00_IMAGES_OUTPUT/monsters/003_m_red_snail_빨간_달팽이/VFX/003_m_red_snail_s_mon_red_snail_F07.png,fe2aa3e8c66c51809d8d535588aba60a7073c0817efcabe3bb7fb9f01655999c,D:\maplestory_levup\docs\art\area00_refinement\20260912_203404\AREA_00_IMAGES_INPUT_IMAGES_OUTPUT\monsters\003_m_red_snail_빨간_달팽이\VFX\003_m_red_snail_s_mon_red_snail_F07.png,fe2aa3e8c66c51809d8d535588aba60a7073c0817efcabe3bb7fb9f01655999c,변경 없음,기존 정상 파일 바이트 보존
m_red_snail,ICON,ICON,D:\maplestory_levup\docs\art\area00-images-output\AREA_00_IMAGES_OUTPUT_ORIGINAL.zip!/AREA_00_IMAGES_OUTPUT/monsters/003_m_red_snail_빨간_달팽이/ICON/003_m_red_snail_s_mon_red_snail_ICON.png,2b8cf4e30211c7e7f8c00633b21c5b01fdf34d2be053503f52c884180e005154,D:\maplestory_levup\docs\art\area00_refinement\20260912_203404\AREA_00_IMAGES_INPUT_IMAGES_OUTPUT\monsters\003_m_red_snail_빨간_달팽이\ICON\003_m_red_snail_s_mon_red_snail_ICON.png,2b8cf4e30211c7e7f8c00633b21c5b01fdf34d2be053503f52c884180e005154,변경 없음,기존 정상 파일 바이트 보존
m_mano,VFX,F00,D:\maplestory_levup\docs\art\area00-images-output\AREA_00_IMAGES_OUTPUT_ORIGINAL.zip!/AREA_00_IMAGES_OUTPUT/monsters/004_m_mano_마노/VFX/004_m_mano_s_mon_mano_F00.png,8f1f41071662fbb08875040e369acdb54d9227630a796c048daa64cf2e2d65b6,D:\maplestory_levup\docs\art\area00_refinement\20260912_203404\AREA_00_IMAGES_INPUT_IMAGES_OUTPUT\monsters\004_m_mano_마노\VFX\004_m_mano_s_mon_mano_F00.png,0a788e63f230eb4bda259663f7a862d83f37745dde592b5da220310e63c9cb08,공통 크기 보정,프레임별 크기 흔들림 없이 85% 여백 확보
m_mano,VFX,F01,D:\maplestory_levup\docs\art\area00-images-output\AREA_00_IMAGES_OUTPUT_ORIGINAL.zip!/AREA_00_IMAGES_OUTPUT/monsters/004_m_mano_마노/VFX/004_m_mano_s_mon_mano_F01.png,abc137353b8f6b0e44b1e2274880759a4385753ff4235be2cef3f7ef54360869,D:\maplestory_levup\docs\art\area00_refinement\20260912_203404\AREA_00_IMAGES_INPUT_IMAGES_OUTPUT\monsters\004_m_mano_마노\VFX\004_m_mano_s_mon_mano_F01.png,23797d096a52b19185ebc290ce8ab56212fd1a45444909a04d52937c5971854d,공통 크기 보정,프레임별 크기 흔들림 없이 85% 여백 확보
m_mano,VFX,F02,D:\maplestory_levup\docs\art\area00-images-output\AREA_00_IMAGES_OUTPUT_ORIGINAL.zip!/AREA_00_IMAGES_OUTPUT/monsters/004_m_mano_마노/VFX/004_m_mano_s_mon_mano_F02.png,35982ce1814ac859f1cec3d397c08d1a4906a2c90809ba114cc4529f3e16acd9,D:\maplestory_levup\docs\art\area00_refinement\20260912_203404\AREA_00_IMAGES_INPUT_IMAGES_OUTPUT\monsters\004_m_mano_마노\VFX\004_m_mano_s_mon_mano_F02.png,7d0b02fcc26cbae9f1ef3c8a89de3721e5d64d2f9a7a3a51df39fe350dff95b7,공통 크기 보정,프레임별 크기 흔들림 없이 85% 여백 확보
m_mano,VFX,F03,D:\maplestory_levup\docs\art\area00-images-output\AREA_00_IMAGES_OUTPUT_ORIGINAL.zip!/AREA_00_IMAGES_OUTPUT/monsters/004_m_mano_마노/VFX/004_m_mano_s_mon_mano_F03.png,1702b89bff1cd33ac97c4c10442599315950c8d6a611b710416745c59b22402a,D:\maplestory_levup\docs\art\area00_refinement\20260912_203404\AREA_00_IMAGES_INPUT_IMAGES_OUTPUT\monsters\004_m_mano_마노\VFX\004_m_mano_s_mon_mano_F03.png,2a966d19c9941bee6c7be82dfc1e0d31557af608562e82f35fe58532dc7575b0,공통 크기 보정,프레임별 크기 흔들림 없이 85% 여백 확보
m_mano,VFX,F04,D:\maplestory_levup\docs\art\area00-images-output\AREA_00_IMAGES_OUTPUT_ORIGINAL.zip!/AREA_00_IMAGES_OUTPUT/monsters/004_m_mano_마노/VFX/004_m_mano_s_mon_mano_F04.png,f5ca5c4a81ded967c9d52990c072088f04f36614d6d5ee09e4c2f25a20a12795,D:\maplestory_levup\docs\art\area00_refinement\20260912_203404\AREA_00_IMAGES_INPUT_IMAGES_OUTPUT\monsters\004_m_mano_마노\VFX\004_m_mano_s_mon_mano_F04.png,8f3bf1900a0237f0ff008b436a506346d715e62e7c431f46e53e59c94c56b915,공통 크기 보정,프레임별 크기 흔들림 없이 85% 여백 확보
m_mano,VFX,F05,D:\maplestory_levup\docs\art\area00-images-output\AREA_00_IMAGES_OUTPUT_ORIGINAL.zip!/AREA_00_IMAGES_OUTPUT/monsters/004_m_mano_마노/VFX/004_m_mano_s_mon_mano_F05.png,d79b60074ba5d1cfb15212ae71fe7e20a46bf7c4ad890d6a9adbe79f7f3e5b6e,D:\maplestory_levup\docs\art\area00_refinement\20260912_203404\AREA_00_IMAGES_INPUT_IMAGES_OUTPUT\monsters\004_m_mano_마노\VFX\004_m_mano_s_mon_mano_F05.png,66956d52de8f25c998ecfad30b6ac4a515b0a9a144bb5cbd232c4fb430a74bc8,원화 편집 + 공통 크기 보정,외곽 경계 참조 기반 원화 편집 후 전체 스킬 공통 배율
m_mano,VFX,F06,D:\maplestory_levup\docs\art\area00-images-output\AREA_00_IMAGES_OUTPUT_ORIGINAL.zip!/AREA_00_IMAGES_OUTPUT/monsters/004_m_mano_마노/VFX/004_m_mano_s_mon_mano_F06.png,b082181995435a82578eb91d043600b29d5b5ac9935e4786fd636d8345e6d57e,D:\maplestory_levup\docs\art\area00_refinement\20260912_203404\AREA_00_IMAGES_INPUT_IMAGES_OUTPUT\monsters\004_m_mano_마노\VFX\004_m_mano_s_mon_mano_F06.png,fa4a81576d3e5a20a532a6f2ae8acabd61ec3a32efd2455f03c9f804eed7628f,원화 편집 + 공통 크기 보정,외곽 경계 참조 기반 원화 편집 후 전체 스킬 공통 배율
m_mano,VFX,F07,D:\maplestory_levup\docs\art\area00-images-output\AREA_00_IMAGES_OUTPUT_ORIGINAL.zip!/AREA_00_IMAGES_OUTPUT/monsters/004_m_mano_마노/VFX/004_m_mano_s_mon_mano_F07.png,ba17ab18618796cfdebe0cee8abed448b98ece37dee7f8fec1c854b99121e90b,D:\maplestory_levup\docs\art\area00_refinement\20260912_203404\AREA_00_IMAGES_INPUT_IMAGES_OUTPUT\monsters\004_m_mano_마노\VFX\004_m_mano_s_mon_mano_F07.png,df5b56a70ea27d9afb9b7d5881ec5401d14e84d061cb03e13516183dcea760f7,원화 편집 + 공통 크기 보정,외곽 경계 참조 기반 원화 편집 후 전체 스킬 공통 배율
m_mano,VFX,F08,D:\maplestory_levup\docs\art\area00-images-output\AREA_00_IMAGES_OUTPUT_ORIGINAL.zip!/AREA_00_IMAGES_OUTPUT/monsters/004_m_mano_마노/VFX/004_m_mano_s_mon_mano_F08.png,097503c7e5fb8b13debcfe2e6dba312428ff0c2761e0c8fdc705be54c7185626,D:\maplestory_levup\docs\art\area00_refinement\20260912_203404\AREA_00_IMAGES_INPUT_IMAGES_OUTPUT\monsters\004_m_mano_마노\VFX\004_m_mano_s_mon_mano_F08.png,892719803c182a17a54639868ec6407d1ef1fbaa6e3f77070f03efba8059b9a3,공통 크기 보정,프레임별 크기 흔들림 없이 85% 여백 확보
m_mano,VFX,F09,D:\maplestory_levup\docs\art\area00-images-output\AREA_00_IMAGES_OUTPUT_ORIGINAL.zip!/AREA_00_IMAGES_OUTPUT/monsters/004_m_mano_마노/VFX/004_m_mano_s_mon_mano_F09.png,175d7162ff00cca8888cf50e9cb2639e095ae3aaaa8bb7fb6b169b09faa2c019,D:\maplestory_levup\docs\art\area00_refinement\20260912_203404\AREA_00_IMAGES_INPUT_IMAGES_OUTPUT\monsters\004_m_mano_마노\VFX\004_m_mano_s_mon_mano_F09.png,5233ab03815ffb45060377e877a500663c259703be70d7c1cb022fbc277c00ed,공통 크기 보정,프레임별 크기 흔들림 없이 85% 여백 확보
m_mano,VFX,F10,D:\maplestory_levup\docs\art\area00-images-output\AREA_00_IMAGES_OUTPUT_ORIGINAL.zip!/AREA_00_IMAGES_OUTPUT/monsters/004_m_mano_마노/VFX/004_m_mano_s_mon_mano_F10.png,a86d25ac7e3756d004737b4cc483e065330dd19b8ba6384504ec5eb167ecffcb,D:\maplestory_levup\docs\art\area00_refinement\20260912_203404\AREA_00_IMAGES_INPUT_IMAGES_OUTPUT\monsters\004_m_mano_마노\VFX\004_m_mano_s_mon_mano_F10.png,ffac6bb542b29d6d2ec846023b7329bbae03f809090f802a76129c5c2c988ca6,공통 크기 보정,프레임별 크기 흔들림 없이 85% 여백 확보
m_mano,VFX,F11,D:\maplestory_levup\docs\art\area00-images-output\AREA_00_IMAGES_OUTPUT_ORIGINAL.zip!/AREA_00_IMAGES_OUTPUT/monsters/004_m_mano_마노/VFX/004_m_mano_s_mon_mano_F11.png,99be0616d1b324fb0f61ac78b494a68d3d8c4d8b1dc0e2fb5857421c3dd38516,D:\maplestory_levup\docs\art\area00_refinement\20260912_203404\AREA_00_IMAGES_INPUT_IMAGES_OUTPUT\monsters\004_m_mano_마노\VFX\004_m_mano_s_mon_mano_F11.png,5a9b40224c1e06cb4c60dc87f6e37269c2753ef192433b506974c010a1399e9a,공통 크기 보정,프레임별 크기 흔들림 없이 85% 여백 확보
m_mano,ICON,ICON,D:\maplestory_levup\docs\art\area00-images-output\AREA_00_IMAGES_OUTPUT_ORIGINAL.zip!/AREA_00_IMAGES_OUTPUT/monsters/004_m_mano_마노/ICON/004_m_mano_s_mon_mano_ICON.png,376a834788509b198e36b78ce67fae4b14e2f543f7bd8832bb88e6a87f76c667,D:\maplestory_levup\docs\art\area00_refinement\20260912_203404\AREA_00_IMAGES_INPUT_IMAGES_OUTPUT\monsters\004_m_mano_마노\ICON\004_m_mano_s_mon_mano_ICON.png,376a834788509b198e36b78ce67fae4b14e2f543f7bd8832bb88e6a87f76c667,변경 없음,기존 정상 파일 바이트 보존
m_slime,VFX,F00,D:\maplestory_levup\docs\art\area00-images-output\AREA_00_IMAGES_OUTPUT_ORIGINAL.zip!/AREA_00_IMAGES_OUTPUT/monsters/005_m_slime_슬라임/VFX/005_m_slime_s_mon_slime_F00.png,8ea04631a8e2c5dda4644971dff0da46374f0516107a6c4078a22ed49eb84932,D:\maplestory_levup\docs\art\area00_refinement\20260912_203404\AREA_00_IMAGES_INPUT_IMAGES_OUTPUT\monsters\005_m_slime_슬라임\VFX\005_m_slime_s_mon_slime_F00.png,ce7f0565d2e59557ed6c0105328add644e623e57b039e88b9e8f45b769a87e38,공통 크기 보정,프레임별 크기 흔들림 없이 85% 여백 확보
m_slime,VFX,F01,D:\maplestory_levup\docs\art\area00-images-output\AREA_00_IMAGES_OUTPUT_ORIGINAL.zip!/AREA_00_IMAGES_OUTPUT/monsters/005_m_slime_슬라임/VFX/005_m_slime_s_mon_slime_F01.png,a77604fc3e50d5c9fdf674f58e6e1c57cb0cf8339b88450916e15c8b1833854c,D:\maplestory_levup\docs\art\area00_refinement\20260912_203404\AREA_00_IMAGES_INPUT_IMAGES_OUTPUT\monsters\005_m_slime_슬라임\VFX\005_m_slime_s_mon_slime_F01.png,9095221fd389d8af889c48976c5a659eedf42aa7d4997be0b00df71705af186d,공통 크기 보정,프레임별 크기 흔들림 없이 85% 여백 확보
m_slime,VFX,F02,D:\maplestory_levup\docs\art\area00-images-output\AREA_00_IMAGES_OUTPUT_ORIGINAL.zip!/AREA_00_IMAGES_OUTPUT/monsters/005_m_slime_슬라임/VFX/005_m_slime_s_mon_slime_F02.png,ede62a4e5c2af755bf5a5bc759b33ab174bc95764b296a2c5bae4bcacd3e8fef,D:\maplestory_levup\docs\art\area00_refinement\20260912_203404\AREA_00_IMAGES_INPUT_IMAGES_OUTPUT\monsters\005_m_slime_슬라임\VFX\005_m_slime_s_mon_slime_F02.png,1bd360ea03cc95214c0ad518d5812217c77f646086020f95eb176213aa65aae0,공통 크기 보정,프레임별 크기 흔들림 없이 85% 여백 확보
m_slime,VFX,F03,D:\maplestory_levup\docs\art\area00-images-output\AREA_00_IMAGES_OUTPUT_ORIGINAL.zip!/AREA_00_IMAGES_OUTPUT/monsters/005_m_slime_슬라임/VFX/005_m_slime_s_mon_slime_F03.png,7cb6d63a2e7a22ff318eb2349445368849f079f6bfbdcc6b4d85faffe8c388a0,D:\maplestory_levup\docs\art\area00_refinement\20260912_203404\AREA_00_IMAGES_INPUT_IMAGES_OUTPUT\monsters\005_m_slime_슬라임\VFX\005_m_slime_s_mon_slime_F03.png,7cefa69ddf143646a9c50eeff9fe6b6992ad0191a28584a2cea25dc152aa3c70,공통 크기 보정,프레임별 크기 흔들림 없이 85% 여백 확보
m_slime,VFX,F04,D:\maplestory_levup\docs\art\area00-images-output\AREA_00_IMAGES_OUTPUT_ORIGINAL.zip!/AREA_00_IMAGES_OUTPUT/monsters/005_m_slime_슬라임/VFX/005_m_slime_s_mon_slime_F04.png,142c9cb3c8fa789b4879c1ada3acf47e3da5fd019874363eb394a9d6582f3b4b,D:\maplestory_levup\docs\art\area00_refinement\20260912_203404\AREA_00_IMAGES_INPUT_IMAGES_OUTPUT\monsters\005_m_slime_슬라임\VFX\005_m_slime_s_mon_slime_F04.png,f74efd3294d0a7c8c358bdf258c595f6793d246c6f49fb6cfbc2998803772108,공통 크기 보정,프레임별 크기 흔들림 없이 85% 여백 확보
m_slime,VFX,F05,D:\maplestory_levup\docs\art\area00-images-output\AREA_00_IMAGES_OUTPUT_ORIGINAL.zip!/AREA_00_IMAGES_OUTPUT/monsters/005_m_slime_슬라임/VFX/005_m_slime_s_mon_slime_F05.png,21fb25a7fd72d26a6b3957326d232c4282d5c2018072a44907d0516d7bee63ca,D:\maplestory_levup\docs\art\area00_refinement\20260912_203404\AREA_00_IMAGES_INPUT_IMAGES_OUTPUT\monsters\005_m_slime_슬라임\VFX\005_m_slime_s_mon_slime_F05.png,8206a6aadbf8ca489fba6a2df15bc4d0d4a0e1e42665f18b1ccb24336f553f43,공통 크기 보정,프레임별 크기 흔들림 없이 85% 여백 확보
m_slime,VFX,F06,D:\maplestory_levup\docs\art\area00-images-output\AREA_00_IMAGES_OUTPUT_ORIGINAL.zip!/AREA_00_IMAGES_OUTPUT/monsters/005_m_slime_슬라임/VFX/005_m_slime_s_mon_slime_F06.png,d39b9691e36c96e2d79d8d1bff5d2168f4938a571b6f56b6a0ec6aa0bd225db3,D:\maplestory_levup\docs\art\area00_refinement\20260912_203404\AREA_00_IMAGES_INPUT_IMAGES_OUTPUT\monsters\005_m_slime_슬라임\VFX\005_m_slime_s_mon_slime_F06.png,0f61ba4f3c9a0a45d1aa2dff62bc4e928bdc959a3e62d0931acd39063e81072e,공통 크기 보정,프레임별 크기 흔들림 없이 85% 여백 확보
m_slime,VFX,F07,D:\maplestory_levup\docs\art\area00-images-output\AREA_00_IMAGES_OUTPUT_ORIGINAL.zip!/AREA_00_IMAGES_OUTPUT/monsters/005_m_slime_슬라임/VFX/005_m_slime_s_mon_slime_F07.png,3ef9a4d717b38c5f0755081303dab9fee17828fd647429da314c8eccb905f348,D:\maplestory_levup\docs\art\area00_refinement\20260912_203404\AREA_00_IMAGES_INPUT_IMAGES_OUTPUT\monsters\005_m_slime_슬라임\VFX\005_m_slime_s_mon_slime_F07.png,c2149370284d5cda544bae2d516eef6669bdcf52e155fe552631724c6c9725da,공통 크기 보정,프레임별 크기 흔들림 없이 85% 여백 확보
m_slime,ICON,ICON,D:\maplestory_levup\docs\art\area00-images-output\AREA_00_IMAGES_OUTPUT_ORIGINAL.zip!/AREA_00_IMAGES_OUTPUT/monsters/005_m_slime_슬라임/ICON/005_m_slime_s_mon_slime_ICON.png,c4deb5eb4a24ea52d0e79ee12d2d9d73156ccc70de448cf5c902f7cfe1470b90,D:\maplestory_levup\docs\art\area00_refinement\20260912_203404\AREA_00_IMAGES_INPUT_IMAGES_OUTPUT\monsters\005_m_slime_슬라임\ICON\005_m_slime_s_mon_slime_ICON.png,c4deb5eb4a24ea52d0e79ee12d2d9d73156ccc70de448cf5c902f7cfe1470b90,변경 없음,기존 정상 파일 바이트 보존
