map_name,map_file,room_id,area_id,mega_area,room_type,classification,in_room_table,map_parse,tile_map_mode,is_instance_map,tile_count,min_x,min_y,max_x,max_y,spawn_x,spawn_y,portal_count,portal_directions,notes
map001,map001.map,r_001,area_00,mega_01,hunt,RUN_ROOM_SOURCE,YES,YES,1,YES,448,-14,-7,13,8,0,0,2,east|west,
map002,map002.map,r_002,area_00,mega_01,hunt,RUN_ROOM_SOURCE,YES,YES,1,YES,448,-14,-7,13,8,0,0,3,west|south|east,
map003,map003.map,r_003,area_00,mega_01,hunt,RUN_ROOM_SOURCE,YES,YES,1,YES,448,-14,-7,13,8,0,0,4,west|north|east|south,
map003_p4b,map003_p4b.map,,,,,UNUSED,NO,YES,1,NO,286,-11,-6,10,6,0,0,4,west|north|east|south,
map003_p4c,map003_p4c.map,,,,,UNUSED,NO,YES,1,NO,350,-12,-6,12,7,0,0,4,west|north|east|south,
map004,map004.map,r_004,area_00,mega_01,hunt,RUN_ROOM_SOURCE,YES,YES,1,YES,448,-14,-7,13,8,0,0,2,east|west,
map005,map005.map,r_005,area_00,mega_01,boss,SPECIAL_ENCOUNTER,YES,YES,1,YES,448,-14,-7,13,8,0,0,1,west,
map006,map006.map,r_006,area_00,mega_01,hunt,RUN_ROOM_SOURCE,YES,YES,1,YES,448,-14,-7,13,8,0,0,2,east|north,
map007,map007.map,r_007,area_00,mega_01,hunt,RUN_ROOM_SOURCE,YES,YES,1,YES,448,-14,-7,13,8,0,0,2,west|north,
map00a,map00a.map,r_00a,area_00,mega_01,hunt,RUN_ROOM_SOURCE,YES,YES,1,YES,448,-14,-7,13,8,0,0,1,south,
map01,map01.map,r_01,area_01,mega_01,hunt,RUN_ROOM_SOURCE,YES,YES,1,YES,448,-14,-7,13,8,0,0,2,east|west,
map02,map02.map,r_02,area_01,mega_01,gate,RUN_ROOM_SOURCE,YES,YES,1,YES,448,-14,-7,13,8,0,0,3,west|north|east,
map03,map03.map,r_03,area_01,mega_01,hunt,RUN_ROOM_SOURCE,YES,YES,1,YES,448,-14,-7,13,8,0,0,1,south,
map04,map04.map,r_04,area_01,mega_01,hunt,RUN_ROOM_SOURCE,YES,YES,1,YES,448,-14,-7,13,8,0,0,2,west|east,
map041,map041.map,r_041,area_04,mega_02,hunt,RUN_ROOM_SOURCE,YES,YES,1,YES,448,-14,-7,13,8,0,0,2,east|west,
map042,map042.map,r_042,area_04,mega_02,hunt,RUN_ROOM_SOURCE,YES,YES,1,YES,448,-14,-7,13,8,0,0,2,east|west,
map043,map043.map,r_043,area_04,mega_02,hunt,RUN_ROOM_SOURCE,YES,YES,1,YES,448,-14,-7,13,8,0,0,4,west|north|east|south,
map044,map044.map,r_044,area_04,mega_02,hunt,RUN_ROOM_SOURCE,YES,YES,1,YES,448,-14,-7,13,8,0,0,3,west|south|east,
map045,map045.map,r_045,area_04,mega_02,boss,SPECIAL_ENCOUNTER,YES,YES,1,YES,448,-14,-7,13,8,0,0,1,west,
map046,map046.map,r_046,area_04,mega_02,hunt,RUN_ROOM_SOURCE,YES,YES,1,YES,448,-14,-7,13,8,0,0,2,east|north,
map047,map047.map,r_047,area_04,mega_02,hunt,RUN_ROOM_SOURCE,YES,YES,1,YES,448,-14,-7,13,8,0,0,2,west|north,
map04a,map04a.map,r_04a,area_04,mega_02,hunt,RUN_ROOM_SOURCE,YES,YES,1,YES,448,-14,-7,13,8,0,0,1,south,
map05,map05.map,r_05,area_01,mega_01,boss,SPECIAL_ENCOUNTER,YES,YES,1,YES,448,-14,-7,13,8,0,0,1,west,
map051,map051.map,r_051,area_05,mega_02,hunt,RUN_ROOM_SOURCE,YES,YES,1,YES,448,-14,-7,13,8,0,0,2,east|west,
map052,map052.map,r_052,area_05,mega_02,hunt,RUN_ROOM_SOURCE,YES,YES,1,YES,448,-14,-7,13,8,0,0,3,west|south|east,
map053,map053.map,r_053,area_05,mega_02,hunt,RUN_ROOM_SOURCE,YES,YES,1,YES,448,-14,-7,13,8,0,0,4,west|north|east|south,
map054,map054.map,r_054,area_05,mega_02,hunt,RUN_ROOM_SOURCE,YES,YES,1,YES,448,-14,-7,13,8,0,0,2,east|west,
map055,map055.map,r_055,area_05,mega_02,boss,SPECIAL_ENCOUNTER,YES,YES,1,YES,448,-14,-7,13,8,0,0,1,west,
map056,map056.map,r_056,area_05,mega_02,hunt,RUN_ROOM_SOURCE,YES,YES,1,YES,448,-14,-7,13,8,0,0,2,east|north,
map057,map057.map,r_057,area_05,mega_02,hunt,RUN_ROOM_SOURCE,YES,YES,1,YES,448,-14,-7,13,8,0,0,2,west|north,
map05a,map05a.map,r_05a,area_05,mega_02,hunt,RUN_ROOM_SOURCE,YES,YES,1,YES,448,-14,-7,13,8,0,0,1,south,
map071,map071.map,r_071,area_07,mega_02,hunt,RUN_ROOM_SOURCE,YES,YES,1,YES,448,-14,-7,13,8,0,0,2,east|west,
map072,map072.map,r_072,area_07,mega_02,hunt,RUN_ROOM_SOURCE,YES,YES,1,YES,448,-14,-7,13,8,0,0,3,west|south|east,
map073,map073.map,r_073,area_07,mega_02,hunt,RUN_ROOM_SOURCE,YES,YES,1,YES,448,-14,-7,13,8,0,0,4,west|north|east|south,
map074,map074.map,r_074,area_07,mega_02,hunt,RUN_ROOM_SOURCE,YES,YES,1,YES,448,-14,-7,13,8,0,0,2,east|west,
map075,map075.map,r_075,area_07,mega_02,boss,SPECIAL_ENCOUNTER,YES,YES,1,YES,448,-14,-7,13,8,0,0,1,west,
map076,map076.map,r_076,area_07,mega_02,hunt,RUN_ROOM_SOURCE,YES,YES,1,YES,448,-14,-7,13,8,0,0,2,east|north,
map077,map077.map,r_077,area_07,mega_02,hunt,RUN_ROOM_SOURCE,YES,YES,1,YES,448,-14,-7,13,8,0,0,2,west|north,
map077_p4c,map077_p4c.map,,,,,UNUSED,NO,YES,1,NO,350,-12,-6,12,7,0,0,2,west|north,
map07a,map07a.map,r_07a,area_07,mega_02,hunt,RUN_ROOM_SOURCE,YES,YES,1,YES,448,-14,-7,13,8,0,0,1,south,
map081,map081.map,r_081,area_08,mega_02,hunt,RUN_ROOM_SOURCE,YES,YES,1,YES,448,-14,-7,13,8,0,0,2,east|west,
map082,map082.map,r_082,area_08,mega_02,hunt,RUN_ROOM_SOURCE,YES,YES,1,YES,448,-14,-7,13,8,0,0,3,west|south|east,
map083,map083.map,r_083,area_08,mega_02,hunt,RUN_ROOM_SOURCE,YES,YES,1,YES,448,-14,-7,13,8,0,0,4,west|north|east|south,
map084,map084.map,r_084,area_08,mega_02,hunt,RUN_ROOM_SOURCE,YES,YES,1,YES,448,-14,-7,13,8,0,0,2,east|west,
map085,map085.map,r_085,area_08,mega_02,boss,SPECIAL_ENCOUNTER,YES,YES,1,YES,448,-14,-7,13,8,0,0,1,west,
map086,map086.map,r_086,area_08,mega_02,hunt,RUN_ROOM_SOURCE,YES,YES,1,YES,448,-14,-7,13,8,0,0,2,east|north,
map087,map087.map,r_087,area_08,mega_02,hunt,RUN_ROOM_SOURCE,YES,YES,1,YES,448,-14,-7,13,8,0,0,2,west|north,
map08a,map08a.map,r_08a,area_08,mega_02,hunt,RUN_ROOM_SOURCE,YES,YES,1,YES,448,-14,-7,13,8,0,0,1,south,
map091,map091.map,r_091,area_09,mega_03,hunt,RUN_ROOM_SOURCE,YES,YES,1,YES,448,-14,-7,13,8,0,0,2,east|west,
map092,map092.map,r_092,area_09,mega_03,hunt,RUN_ROOM_SOURCE,YES,YES,1,YES,448,-14,-7,13,8,0,0,3,west|south|east,
map093,map093.map,r_093,area_09,mega_03,hunt,RUN_ROOM_SOURCE,YES,YES,1,YES,448,-14,-7,13,8,0,0,4,west|north|east|south,
map094,map094.map,r_094,area_09,mega_03,hunt,RUN_ROOM_SOURCE,YES,YES,1,YES,448,-14,-7,13,8,0,0,2,east|west,
map095,map095.map,r_095,area_09,mega_03,boss,SPECIAL_ENCOUNTER,YES,YES,1,YES,448,-14,-7,13,8,0,0,1,west,
map096,map096.map,r_096,area_09,mega_03,hunt,RUN_ROOM_SOURCE,YES,YES,1,YES,448,-14,-7,13,8,0,0,2,east|north,
map097,map097.map,r_097,area_09,mega_03,hunt,RUN_ROOM_SOURCE,YES,YES,1,YES,448,-14,-7,13,8,0,0,2,west|north,
map09a,map09a.map,r_09a,area_09,mega_03,hunt,RUN_ROOM_SOURCE,YES,YES,1,YES,448,-14,-7,13,8,0,0,1,south,
map101,map101.map,r_101,area_10,mega_03,hunt,RUN_ROOM_SOURCE,YES,YES,1,YES,448,-14,-7,13,8,0,0,2,east|west,
map102,map102.map,r_102,area_10,mega_03,hunt,RUN_ROOM_SOURCE,YES,YES,1,YES,448,-14,-7,13,8,0,0,3,west|south|east,
map103,map103.map,r_103,area_10,mega_03,hunt,RUN_ROOM_SOURCE,YES,YES,1,YES,448,-14,-7,13,8,0,0,4,west|north|east|south,
map104,map104.map,r_104,area_10,mega_03,hunt,RUN_ROOM_SOURCE,YES,YES,1,YES,448,-14,-7,13,8,0,0,2,east|west,
map105,map105.map,r_105,area_10,mega_03,boss,SPECIAL_ENCOUNTER,YES,YES,1,YES,448,-14,-7,13,8,0,0,1,west,
map106,map106.map,r_106,area_10,mega_03,hunt,RUN_ROOM_SOURCE,YES,YES,1,YES,448,-14,-7,13,8,0,0,2,east|north,
map107,map107.map,r_107,area_10,mega_03,hunt,RUN_ROOM_SOURCE,YES,YES,1,YES,448,-14,-7,13,8,0,0,2,west|north,
map10a,map10a.map,r_10a,area_10,mega_03,hunt,RUN_ROOM_SOURCE,YES,YES,1,YES,448,-14,-7,13,8,0,0,1,south,
map11,map11.map,r_11,area_02,mega_01,hunt,RUN_ROOM_SOURCE,YES,YES,1,YES,448,-14,-7,13,8,0,0,2,south|east,
map111,map111.map,r_111,area_11,mega_03,hunt,RUN_ROOM_SOURCE,YES,YES,1,YES,448,-14,-7,13,8,0,0,2,east|west,
map112,map112.map,r_112,area_11,mega_03,hunt,RUN_ROOM_SOURCE,YES,YES,1,YES,448,-14,-7,13,8,0,0,3,west|south|east,
map113,map113.map,r_113,area_11,mega_03,hunt,RUN_ROOM_SOURCE,YES,YES,1,YES,448,-14,-7,13,8,0,0,4,west|north|east|south,
map114,map114.map,r_114,area_11,mega_03,hunt,RUN_ROOM_SOURCE,YES,YES,1,YES,448,-14,-7,13,8,0,0,2,east|west,
map115,map115.map,r_115,area_11,mega_03,boss,SPECIAL_ENCOUNTER,YES,YES,1,YES,448,-14,-7,13,8,0,0,1,west,
map116,map116.map,r_116,area_11,mega_03,hunt,RUN_ROOM_SOURCE,YES,YES,1,YES,448,-14,-7,13,8,0,0,2,east|north,
map117,map117.map,r_117,area_11,mega_03,hunt,RUN_ROOM_SOURCE,YES,YES,1,YES,448,-14,-7,13,8,0,0,2,west|north,
map11a,map11a.map,r_11a,area_11,mega_03,hunt,RUN_ROOM_SOURCE,YES,YES,1,YES,448,-14,-7,13,8,0,0,1,south,
map12,map12.map,r_12,area_02,mega_01,hunt,RUN_ROOM_SOURCE,YES,YES,1,YES,448,-14,-7,13,8,0,0,2,west|east,
map121,map121.map,r_121,area_12,mega_03,hunt,RUN_ROOM_SOURCE,YES,YES,1,YES,448,-14,-7,13,8,0,0,2,east|west,
map122,map122.map,r_122,area_12,mega_03,hunt,RUN_ROOM_SOURCE,YES,YES,1,YES,448,-14,-7,13,8,0,0,3,west|south|east,
map123,map123.map,r_123,area_12,mega_03,hunt,RUN_ROOM_SOURCE,YES,YES,1,YES,448,-14,-7,13,8,0,0,4,west|north|east|south,
map124,map124.map,r_124,area_12,mega_03,hunt,RUN_ROOM_SOURCE,YES,YES,1,YES,448,-14,-7,13,8,0,0,2,east|west,
map125,map125.map,r_125,area_12,mega_03,boss,SPECIAL_ENCOUNTER,YES,YES,1,YES,448,-14,-7,13,8,0,0,1,west,
map126,map126.map,r_126,area_12,mega_03,hunt,RUN_ROOM_SOURCE,YES,YES,1,YES,448,-14,-7,13,8,0,0,2,east|north,
map127,map127.map,r_127,area_12,mega_03,hunt,RUN_ROOM_SOURCE,YES,YES,1,YES,448,-14,-7,13,8,0,0,2,west|north,
map12a,map12a.map,r_12a,area_12,mega_03,hunt,RUN_ROOM_SOURCE,YES,YES,1,YES,448,-14,-7,13,8,0,0,1,south,
map13,map13.map,r_13,area_02,mega_01,hunt,RUN_ROOM_SOURCE,YES,YES,1,YES,448,-14,-7,13,8,0,0,4,west|north|east|south,
map131,map131.map,r_131,area_13,mega_04,hunt,RUN_ROOM_SOURCE,YES,YES,1,YES,448,-14,-7,13,8,0,0,2,east|west,
map132,map132.map,r_132,area_13,mega_04,hunt,RUN_ROOM_SOURCE,YES,YES,1,YES,448,-14,-7,13,8,0,0,3,west|south|east,
map133,map133.map,r_133,area_13,mega_04,hunt,RUN_ROOM_SOURCE,YES,YES,1,YES,448,-14,-7,13,8,0,0,4,west|north|east|south,
map134,map134.map,r_134,area_13,mega_04,hunt,RUN_ROOM_SOURCE,YES,YES,1,YES,448,-14,-7,13,8,0,0,2,east|west,
map135,map135.map,r_135,area_13,mega_04,boss,SPECIAL_ENCOUNTER,YES,YES,1,YES,448,-14,-7,13,8,0,0,1,west,
map136,map136.map,r_136,area_13,mega_04,hunt,RUN_ROOM_SOURCE,YES,YES,1,YES,448,-14,-7,13,8,0,0,2,east|north,
map137,map137.map,r_137,area_13,mega_04,hunt,RUN_ROOM_SOURCE,YES,YES,1,YES,448,-14,-7,13,8,0,0,2,west|north,
map13a,map13a.map,r_13a,area_13,mega_04,hunt,RUN_ROOM_SOURCE,YES,YES,1,YES,448,-14,-7,13,8,0,0,1,south,
map14,map14.map,r_14,area_02,mega_01,hunt,RUN_ROOM_SOURCE,YES,YES,1,YES,448,-14,-7,13,8,0,0,3,west|south|east,
map141,map141.map,r_141,area_14,mega_04,hunt,RUN_ROOM_SOURCE,YES,YES,1,YES,448,-14,-7,13,8,0,0,2,east|west,
map142,map142.map,r_142,area_14,mega_04,hunt,RUN_ROOM_SOURCE,YES,YES,1,YES,448,-14,-7,13,8,0,0,3,west|south|east,
map143,map143.map,r_143,area_14,mega_04,hunt,RUN_ROOM_SOURCE,YES,YES,1,YES,448,-14,-7,13,8,0,0,4,west|north|east|south,
map144,map144.map,r_144,area_14,mega_04,hunt,RUN_ROOM_SOURCE,YES,YES,1,YES,448,-14,-7,13,8,0,0,2,east|west,
map145,map145.map,r_145,area_14,mega_04,boss,SPECIAL_ENCOUNTER,YES,YES,1,YES,448,-14,-7,13,8,0,0,1,west,
map146,map146.map,r_146,area_14,mega_04,hunt,RUN_ROOM_SOURCE,YES,YES,1,YES,448,-14,-7,13,8,0,0,2,east|north,
map147,map147.map,r_147,area_14,mega_04,hunt,RUN_ROOM_SOURCE,YES,YES,1,YES,448,-14,-7,13,8,0,0,2,west|north,
map14a,map14a.map,r_14a,area_14,mega_04,hunt,RUN_ROOM_SOURCE,YES,YES,1,YES,448,-14,-7,13,8,0,0,1,south,
map15,map15.map,r_15,area_02,mega_01,boss,SPECIAL_ENCOUNTER,YES,YES,1,YES,448,-14,-7,13,8,0,0,1,west,
map151,map151.map,r_151,area_15,mega_04,hunt,RUN_ROOM_SOURCE,YES,YES,1,YES,448,-14,-7,13,8,0,0,2,east|west,
map152,map152.map,r_152,area_15,mega_04,hunt,RUN_ROOM_SOURCE,YES,YES,1,YES,448,-14,-7,13,8,0,0,3,west|south|east,
map153,map153.map,r_153,area_15,mega_04,hunt,RUN_ROOM_SOURCE,YES,YES,1,YES,448,-14,-7,13,8,0,0,4,west|north|east|south,
map154,map154.map,r_154,area_15,mega_04,hunt,RUN_ROOM_SOURCE,YES,YES,1,YES,448,-14,-7,13,8,0,0,2,east|west,
map155,map155.map,r_155,area_15,mega_04,boss,SPECIAL_ENCOUNTER,YES,YES,1,YES,448,-14,-7,13,8,0,0,1,west,
map156,map156.map,r_156,area_15,mega_04,hunt,RUN_ROOM_SOURCE,YES,YES,1,YES,448,-14,-7,13,8,0,0,2,east|north,
map157,map157.map,r_157,area_15,mega_04,hunt,RUN_ROOM_SOURCE,YES,YES,1,YES,448,-14,-7,13,8,0,0,2,west|north,
map15a,map15a.map,r_15a,area_15,mega_04,hunt,RUN_ROOM_SOURCE,YES,YES,1,YES,448,-14,-7,13,8,0,0,1,south,
map16,map16.map,r_16,area_02,mega_01,hunt,RUN_ROOM_SOURCE,YES,YES,1,YES,448,-14,-7,13,8,0,0,2,east|north,
map161,map161.map,r_161,area_16,mega_04,hunt,RUN_ROOM_SOURCE,YES,YES,1,YES,448,-14,-7,13,8,0,0,2,east|west,
map162,map162.map,r_162,area_16,mega_04,hunt,RUN_ROOM_SOURCE,YES,YES,1,YES,448,-14,-7,13,8,0,0,3,west|south|east,
map163,map163.map,r_163,area_16,mega_04,hunt,RUN_ROOM_SOURCE,YES,YES,1,YES,448,-14,-7,13,8,0,0,4,west|north|east|south,
map164,map164.map,r_164,area_16,mega_04,hunt,RUN_ROOM_SOURCE,YES,YES,1,YES,448,-14,-7,13,8,0,0,2,east|west,
map165,map165.map,r_165,area_16,mega_04,boss,SPECIAL_ENCOUNTER,YES,YES,1,YES,448,-14,-7,13,8,0,0,1,west,
map166,map166.map,r_166,area_16,mega_04,hunt,RUN_ROOM_SOURCE,YES,YES,1,YES,448,-14,-7,13,8,0,0,2,east|north,
map167,map167.map,r_167,area_16,mega_04,hunt,RUN_ROOM_SOURCE,YES,YES,1,YES,448,-14,-7,13,8,0,0,2,west|north,
map16a,map16a.map,r_16a,area_16,mega_04,hunt,RUN_ROOM_SOURCE,YES,YES,1,YES,448,-14,-7,13,8,0,0,1,south,
map17,map17.map,r_17,area_02,mega_01,hunt,RUN_ROOM_SOURCE,YES,YES,1,YES,448,-14,-7,13,8,0,0,2,west|north,
map171,map171.map,r_171,area_17,mega_05,hunt,RUN_ROOM_SOURCE,YES,YES,1,YES,448,-14,-7,13,8,0,0,2,east|west,
map172,map172.map,r_172,area_17,mega_05,hunt,RUN_ROOM_SOURCE,YES,YES,1,YES,448,-14,-7,13,8,0,0,3,west|south|east,
map173,map173.map,r_173,area_17,mega_05,hunt,RUN_ROOM_SOURCE,YES,YES,1,YES,448,-14,-7,13,8,0,0,4,west|north|east|south,
map174,map174.map,r_174,area_17,mega_05,hunt,RUN_ROOM_SOURCE,YES,YES,1,YES,448,-14,-7,13,8,0,0,2,east|west,
map175,map175.map,r_175,area_17,mega_05,boss,SPECIAL_ENCOUNTER,YES,YES,1,YES,448,-14,-7,13,8,0,0,1,west,
map176,map176.map,r_176,area_17,mega_05,hunt,RUN_ROOM_SOURCE,YES,YES,1,YES,448,-14,-7,13,8,0,0,2,east|north,
map177,map177.map,r_177,area_17,mega_05,hunt,RUN_ROOM_SOURCE,YES,YES,1,YES,448,-14,-7,13,8,0,0,2,west|north,
map17a,map17a.map,r_17a,area_17,mega_05,hunt,RUN_ROOM_SOURCE,YES,YES,1,YES,448,-14,-7,13,8,0,0,1,south,
map181,map181.map,r_181,area_18,mega_05,hunt,RUN_ROOM_SOURCE,YES,YES,1,YES,448,-14,-7,13,8,0,0,2,east|west,
map182,map182.map,r_182,area_18,mega_05,hunt,RUN_ROOM_SOURCE,YES,YES,1,YES,448,-14,-7,13,8,0,0,3,west|south|east,
map183,map183.map,r_183,area_18,mega_05,hunt,RUN_ROOM_SOURCE,YES,YES,1,YES,448,-14,-7,13,8,0,0,4,west|north|east|south,
map184,map184.map,r_184,area_18,mega_05,hunt,RUN_ROOM_SOURCE,YES,YES,1,YES,448,-14,-7,13,8,0,0,2,east|west,
map185,map185.map,r_185,area_18,mega_05,boss,SPECIAL_ENCOUNTER,YES,YES,1,YES,448,-14,-7,13,8,0,0,1,west,
map186,map186.map,r_186,area_18,mega_05,hunt,RUN_ROOM_SOURCE,YES,YES,1,YES,448,-14,-7,13,8,0,0,2,east|north,
map187,map187.map,r_187,area_18,mega_05,hunt,RUN_ROOM_SOURCE,YES,YES,1,YES,448,-14,-7,13,8,0,0,2,west|north,
map18a,map18a.map,r_18a,area_18,mega_05,hunt,RUN_ROOM_SOURCE,YES,YES,1,YES,448,-14,-7,13,8,0,0,1,south,
map191,map191.map,r_191,area_19,mega_05,hunt,RUN_ROOM_SOURCE,YES,YES,1,YES,448,-14,-7,13,8,0,0,2,east|west,
map192,map192.map,r_192,area_19,mega_05,hunt,RUN_ROOM_SOURCE,YES,YES,1,YES,448,-14,-7,13,8,0,0,3,west|south|east,
map193,map193.map,r_193,area_19,mega_05,hunt,RUN_ROOM_SOURCE,YES,YES,1,YES,448,-14,-7,13,8,0,0,4,west|north|east|south,
map194,map194.map,r_194,area_19,mega_05,hunt,RUN_ROOM_SOURCE,YES,YES,1,YES,448,-14,-7,13,8,0,0,2,east|west,
map195,map195.map,r_195,area_19,mega_05,boss,SPECIAL_ENCOUNTER,YES,YES,1,YES,448,-14,-7,13,8,0,0,1,west,
map196,map196.map,r_196,area_19,mega_05,hunt,RUN_ROOM_SOURCE,YES,YES,1,YES,448,-14,-7,13,8,0,0,2,east|north,
map197,map197.map,r_197,area_19,mega_05,hunt,RUN_ROOM_SOURCE,YES,YES,1,YES,448,-14,-7,13,8,0,0,2,west|north,
map19a,map19a.map,r_19a,area_19,mega_05,hunt,RUN_ROOM_SOURCE,YES,YES,1,YES,448,-14,-7,13,8,0,0,1,south,
map1a,map1a.map,r_1a,area_02,mega_01,hunt,RUN_ROOM_SOURCE,YES,YES,1,YES,448,-14,-7,13,8,0,0,1,south,
map201,map201.map,r_201,area_20,mega_05,hunt,RUN_ROOM_SOURCE,YES,YES,1,YES,448,-14,-7,13,8,0,0,2,east|west,
map202,map202.map,r_202,area_20,mega_05,hunt,RUN_ROOM_SOURCE,YES,YES,1,YES,448,-14,-7,13,8,0,0,3,west|south|east,
map203,map203.map,r_203,area_20,mega_05,hunt,RUN_ROOM_SOURCE,YES,YES,1,YES,448,-14,-7,13,8,0,0,4,west|north|east|south,
map204,map204.map,r_204,area_20,mega_05,hunt,RUN_ROOM_SOURCE,YES,YES,1,YES,448,-14,-7,13,8,0,0,2,east|west,
map205,map205.map,r_205,area_20,mega_05,boss,SPECIAL_ENCOUNTER,YES,YES,1,YES,448,-14,-7,13,8,0,0,1,west,
map206,map206.map,r_206,area_20,mega_05,hunt,RUN_ROOM_SOURCE,YES,YES,1,YES,448,-14,-7,13,8,0,0,2,east|north,
map207,map207.map,r_207,area_20,mega_05,hunt,RUN_ROOM_SOURCE,YES,YES,1,YES,448,-14,-7,13,8,0,0,2,west|north,
map20a,map20a.map,r_20a,area_20,mega_05,hunt,RUN_ROOM_SOURCE,YES,YES,1,YES,448,-14,-7,13,8,0,0,1,south,
map21,map21.map,r_21,area_03,mega_01,hunt,RUN_ROOM_SOURCE,YES,YES,1,YES,448,-14,-7,13,8,0,0,2,north|east,
map22,map22.map,r_22,area_03,mega_01,hunt,RUN_ROOM_SOURCE,YES,YES,1,YES,448,-14,-7,13,8,0,0,3,west|south|east,
map23,map23.map,r_23,area_03,mega_01,hunt,RUN_ROOM_SOURCE,YES,YES,1,YES,448,-14,-7,13,8,0,0,4,west|north|east|south,
map24,map24.map,r_24,area_03,mega_01,hunt,RUN_ROOM_SOURCE,YES,YES,1,YES,448,-14,-7,13,8,0,0,2,west|east,
map25,map25.map,r_25,area_03,mega_01,boss,SPECIAL_ENCOUNTER,YES,YES,1,YES,448,-14,-7,13,8,0,0,1,west,
map26,map26.map,r_26,area_03,mega_01,hunt,RUN_ROOM_SOURCE,YES,YES,1,YES,448,-14,-7,13,8,0,0,2,east|north,
map27,map27.map,r_27,area_03,mega_01,hunt,RUN_ROOM_SOURCE,YES,YES,1,YES,448,-14,-7,13,8,0,0,2,west|north,
map29,map29.map,r_29,area_03,mega_01,hunt,RUN_ROOM_SOURCE,YES,YES,1,YES,448,-14,-7,13,8,0,0,1,south,
mapjob,mapjob.map,r_job_01,area_01,mega_01,boss,SPECIAL_ENCOUNTER,YES,YES,1,YES,144,-8,-4,7,4,0,0,0,,NO_PORTAL_ENTITY
mapjob02,mapjob02.map,r_job_02,area_03,mega_01,boss,SPECIAL_ENCOUNTER,YES,YES,1,YES,144,-8,-4,7,4,0,0,0,,NO_PORTAL_ENTITY
maptown,maptown.map,r_town,,,town,TOWN,YES,YES,1,NO,448,-14,-7,13,8,0,0,1,,
