area_id,monster_id,monster_name,skill_id,skill_name,skill_type,role,production_decision,relative_path,file_status,visual_status,output_sha256
area_01,m_snail,달팽이,s_mon_snail_dew_trail,이슬 미끄럼길,액티브,ICON,AREA00_APPROVED_REUSE,monsters/001_m_snail_달팽이/ICON/001_m_snail_s_mon_snail_dew_trail_ICON.png,PASS,NOT_CHECKED,9e4c5c2bf3f0edd39e3de4855d0eb2c16a049d879a88fe104fb91e5eb76a5446
area_01,m_snail,달팽이,s_mon_snail_dew_trail,이슬 미끄럼길,액티브,CAST_VFX,AREA00_APPROVED_REUSE,monsters/001_m_snail_달팽이/CAST/001_m_snail_s_mon_snail_dew_trail_CAST_F00.png,PASS,NOT_CHECKED,b7e74d47734d5b6bbcdbe3c68d99ed67b360eff4c6c73bcf4b141ba69b4d3525
area_01,m_snail,달팽이,s_mon_snail_dew_trail,이슬 미끄럼길,액티브,CAST_VFX,AREA00_APPROVED_REUSE,monsters/001_m_snail_달팽이/CAST/001_m_snail_s_mon_snail_dew_trail_CAST_F01.png,PASS,NOT_CHECKED,41302b32898fa0136beeba6c6959da7694f35bab7bf6c63a4f6b0f9a45e94b7b
area_01,m_snail,달팽이,s_mon_snail_dew_trail,이슬 미끄럼길,액티브,CAST_VFX,AREA00_APPROVED_REUSE,monsters/001_m_snail_달팽이/CAST/001_m_snail_s_mon_snail_dew_trail_CAST_F02.png,PASS,NOT_CHECKED,3e4aec6879b1765ebe8a38bdc3caf37b17cb412d113d5b3272e125f39ced6df8
area_01,m_snail,달팽이,s_mon_snail_dew_trail,이슬 미끄럼길,액티브,CAST_VFX,AREA00_APPROVED_REUSE,monsters/001_m_snail_달팽이/CAST/001_m_snail_s_mon_snail_dew_trail_CAST_F03.png,PASS,NOT_CHECKED,f9d41b208b4b5211ec7192e517b63e83b9584c97a27140e408efc1381954ba0b
area_01,m_snail,달팽이,s_mon_snail_dew_trail,이슬 미끄럼길,액티브,CAST_VFX,AREA00_APPROVED_REUSE,monsters/001_m_snail_달팽이/CAST/001_m_snail_s_mon_snail_dew_trail_CAST_F04.png,PASS,NOT_CHECKED,f74cc1f1679ee8075bb00b561de00036e26927f29630e28641ab8cb550dcf873
area_01,m_snail,달팽이,s_mon_snail_dew_trail,이슬 미끄럼길,액티브,CAST_VFX,AREA00_APPROVED_REUSE,monsters/001_m_snail_달팽이/CAST/001_m_snail_s_mon_snail_dew_trail_CAST_F05.png,PASS,NOT_CHECKED,e42797fa98dd5ebd9ece312428850a4d002758e900040402c20a9a3c67b7e006
area_01,m_snail,달팽이,s_mon_snail_dew_trail,이슬 미끄럼길,액티브,CAST_VFX,AREA00_APPROVED_REUSE,monsters/001_m_snail_달팽이/CAST/001_m_snail_s_mon_snail_dew_trail_CAST_F06.png,PASS,NOT_CHECKED,6fcb2783109b7be3a201ced278d107019a85b1b508ff10f9e8db2b8ef80d5f7f
area_01,m_snail,달팽이,s_mon_snail_dew_trail,이슬 미끄럼길,액티브,CAST_VFX,AREA00_APPROVED_REUSE,monsters/001_m_snail_달팽이/CAST/001_m_snail_s_mon_snail_dew_trail_CAST_F07.png,PASS,NOT_CHECKED,a10fa4be7113d815469390317d352bf33593777576ef66f81ebeae5055159c9a
area_01,m_blue_snail,파란 달팽이,s_mon_blue_snail,푸른 껍질,버프,ICON,AREA00_APPROVED_REUSE,monsters/002_m_blue_snail_파란_달팽이/ICON/002_m_blue_snail_s_mon_blue_snail_ICON.png,PASS,NOT_CHECKED,defd113ea3c59d8b570f73a79533b4253b5e72f789347e13aaa6cdbfefe65d27
area_01,m_blue_snail,파란 달팽이,s_mon_blue_snail,푸른 껍질,버프,CAST_VFX,AREA00_APPROVED_REUSE,monsters/002_m_blue_snail_파란_달팽이/CAST/002_m_blue_snail_s_mon_blue_snail_CAST_F00.png,PASS,NOT_CHECKED,d7b55014803cf9feed39d079ceb5deef7bf7f2780bfbbca351f8b3f6c00d8b7c
area_01,m_blue_snail,파란 달팽이,s_mon_blue_snail,푸른 껍질,버프,CAST_VFX,AREA00_APPROVED_REUSE,monsters/002_m_blue_snail_파란_달팽이/CAST/002_m_blue_snail_s_mon_blue_snail_CAST_F01.png,PASS,NOT_CHECKED,cfac5775668a4cbc3538bc0bf5d3128c156420b4b10154719e7b40b2f3e954c8
area_01,m_blue_snail,파란 달팽이,s_mon_blue_snail,푸른 껍질,버프,CAST_VFX,AREA00_APPROVED_REUSE,monsters/002_m_blue_snail_파란_달팽이/CAST/002_m_blue_snail_s_mon_blue_snail_CAST_F02.png,PASS,NOT_CHECKED,9c712f7984fa7cee2a34642bb6ea82d48e65ff40136722336230d5c108ed5cde
area_01,m_blue_snail,파란 달팽이,s_mon_blue_snail,푸른 껍질,버프,CAST_VFX,AREA00_APPROVED_REUSE,monsters/002_m_blue_snail_파란_달팽이/CAST/002_m_blue_snail_s_mon_blue_snail_CAST_F03.png,PASS,NOT_CHECKED,9637aba5fa8311195959dfb12a284ce6ae384861e8b7e861b18c2a5fa9a6ff13
area_01,m_blue_snail,파란 달팽이,s_mon_blue_snail,푸른 껍질,버프,CAST_VFX,AREA00_APPROVED_REUSE,monsters/002_m_blue_snail_파란_달팽이/CAST/002_m_blue_snail_s_mon_blue_snail_CAST_F04.png,PASS,NOT_CHECKED,0bce8d96d2dbfc9ed65f5735bf440ff5467d1e6daddf44769af7c501530720b7
area_01,m_blue_snail,파란 달팽이,s_mon_blue_snail,푸른 껍질,버프,CAST_VFX,AREA00_APPROVED_REUSE,monsters/002_m_blue_snail_파란_달팽이/CAST/002_m_blue_snail_s_mon_blue_snail_CAST_F05.png,PASS,NOT_CHECKED,7c711af880e09179d6e35cb0592244949ccf816ed2e0e843fb141e36b2f39d23
area_01,m_blue_snail,파란 달팽이,s_mon_blue_snail,푸른 껍질,버프,CAST_VFX,AREA00_APPROVED_REUSE,monsters/002_m_blue_snail_파란_달팽이/CAST/002_m_blue_snail_s_mon_blue_snail_CAST_F06.png,PASS,NOT_CHECKED,1a97d84716a4518c8af8262bb8cf503d43d9737ed0db3b262308d6a508bb0653
area_01,m_blue_snail,파란 달팽이,s_mon_blue_snail,푸른 껍질,버프,CAST_VFX,AREA00_APPROVED_REUSE,monsters/002_m_blue_snail_파란_달팽이/CAST/002_m_blue_snail_s_mon_blue_snail_CAST_F07.png,PASS,NOT_CHECKED,d28d8ff99b111634ba2a755761085a260dda2100f83cf2e729812242dc98f7c1
area_01,m_mushroom,주황 버섯,s_mon_mushroom,포자 살포,액티브,ICON,NEW_ART,monsters/003_m_mushroom_주황_버섯/ICON/003_m_mushroom_s_mon_mushroom_ICON.png,PASS,NOT_CHECKED,418e8d5744d14d41f673a4f4bcd0bf8851013345baf02b86e4f3e40bbb968fcf
area_01,m_mushroom,주황 버섯,s_mon_mushroom,포자 살포,액티브,CAST_VFX,NEW_ART,monsters/003_m_mushroom_주황_버섯/CAST/003_m_mushroom_s_mon_mushroom_CAST_F00.png,PASS,NOT_CHECKED,8e91de1708861cdd0b9a0c1059b1a87bd1e1d64ffa303619fb7fe6298f5e41db
area_01,m_mushroom,주황 버섯,s_mon_mushroom,포자 살포,액티브,CAST_VFX,NEW_ART,monsters/003_m_mushroom_주황_버섯/CAST/003_m_mushroom_s_mon_mushroom_CAST_F01.png,PASS,NOT_CHECKED,3aae8e5b878cb29b5849b461d805f57092e6eafc699812915037b13f356ea6ea
area_01,m_mushroom,주황 버섯,s_mon_mushroom,포자 살포,액티브,CAST_VFX,NEW_ART,monsters/003_m_mushroom_주황_버섯/CAST/003_m_mushroom_s_mon_mushroom_CAST_F02.png,PASS,NOT_CHECKED,9835ce8057220f24db89dd19dc10611e33b2d1fa009f1fd2a6f3fb404e62711f
area_01,m_mushroom,주황 버섯,s_mon_mushroom,포자 살포,액티브,CAST_VFX,NEW_ART,monsters/003_m_mushroom_주황_버섯/CAST/003_m_mushroom_s_mon_mushroom_CAST_F03.png,PASS,NOT_CHECKED,a7952df960598212dc4776638a69be40f6812b50b6574187f539a0e90985a0d8
area_01,m_mushroom,주황 버섯,s_mon_mushroom,포자 살포,액티브,CAST_VFX,NEW_ART,monsters/003_m_mushroom_주황_버섯/CAST/003_m_mushroom_s_mon_mushroom_CAST_F04.png,PASS,NOT_CHECKED,cfc62fd0b8c691b0aa4c431c5f72fb5c387bb5a03e3caf8a7f33dd9a1c0bc538
area_01,m_mushroom,주황 버섯,s_mon_mushroom,포자 살포,액티브,CAST_VFX,NEW_ART,monsters/003_m_mushroom_주황_버섯/CAST/003_m_mushroom_s_mon_mushroom_CAST_F05.png,PASS,NOT_CHECKED,f29195265514338fe34f237a7d51ed8c9858e3404b34f6996e16b58b0513f516
area_01,m_mushroom,주황 버섯,s_mon_mushroom,포자 살포,액티브,CAST_VFX,NEW_ART,monsters/003_m_mushroom_주황_버섯/CAST/003_m_mushroom_s_mon_mushroom_CAST_F06.png,PASS,NOT_CHECKED,059ee28bbb562138091299c31696649ec4a633df0c4a4833fb24a95b003c4fb0
area_01,m_mushroom,주황 버섯,s_mon_mushroom,포자 살포,액티브,CAST_VFX,NEW_ART,monsters/003_m_mushroom_주황_버섯/CAST/003_m_mushroom_s_mon_mushroom_CAST_F07.png,PASS,NOT_CHECKED,3d58e23958b929bb35333c6c394140f39dd7208158c936d930634e0bdebeac49
area_01,m_mushmom,머쉬맘,s_mon_mushmom,머쉬맘의 포자 충격,액티브,ICON,NEW_ART,monsters/004_m_mushmom_머쉬맘/ICON/004_m_mushmom_s_mon_mushmom_ICON.png,PASS,NOT_CHECKED,717e6678ae0895b704b10685d7e530727d37e88821ff523d48d09f93978a3a0e
area_01,m_mushmom,머쉬맘,s_mon_mushmom,머쉬맘의 포자 충격,액티브,CAST_VFX,NEW_ART,monsters/004_m_mushmom_머쉬맘/CAST/004_m_mushmom_s_mon_mushmom_CAST_F00.png,PASS,NOT_CHECKED,afed07ec9b37f009fee2ead17976c362e99f7fa56422da7f186add24d718b97a
area_01,m_mushmom,머쉬맘,s_mon_mushmom,머쉬맘의 포자 충격,액티브,CAST_VFX,NEW_ART,monsters/004_m_mushmom_머쉬맘/CAST/004_m_mushmom_s_mon_mushmom_CAST_F01.png,PASS,NOT_CHECKED,7b5121aa3c54d1fd21039a7b7793ab5b706803003c465da2fbe6cf4e9346ba94
area_01,m_mushmom,머쉬맘,s_mon_mushmom,머쉬맘의 포자 충격,액티브,CAST_VFX,NEW_ART,monsters/004_m_mushmom_머쉬맘/CAST/004_m_mushmom_s_mon_mushmom_CAST_F02.png,PASS,NOT_CHECKED,e935bd37208ae7aebca14ba88ff81e97ee723e62428d0fda2718b92e05347c45
area_01,m_mushmom,머쉬맘,s_mon_mushmom,머쉬맘의 포자 충격,액티브,CAST_VFX,NEW_ART,monsters/004_m_mushmom_머쉬맘/CAST/004_m_mushmom_s_mon_mushmom_CAST_F03.png,PASS,NOT_CHECKED,92fcea9edbc400e72a96027f446c4c8e326741bf3cc26b6842bbe0d04364a8cb
area_01,m_mushmom,머쉬맘,s_mon_mushmom,머쉬맘의 포자 충격,액티브,CAST_VFX,NEW_ART,monsters/004_m_mushmom_머쉬맘/CAST/004_m_mushmom_s_mon_mushmom_CAST_F04.png,PASS,NOT_CHECKED,79a8dd6a3800978c1ab8a503f6cac8899a62e90013976d30ceaa4f60640bb85c
area_01,m_mushmom,머쉬맘,s_mon_mushmom,머쉬맘의 포자 충격,액티브,CAST_VFX,NEW_ART,monsters/004_m_mushmom_머쉬맘/CAST/004_m_mushmom_s_mon_mushmom_CAST_F05.png,PASS,NOT_CHECKED,27585bfc6299b4a2aa881a654768e72b0a42b2d393c680c646bb38510df59be4
area_01,m_mushmom,머쉬맘,s_mon_mushmom,머쉬맘의 포자 충격,액티브,CAST_VFX,NEW_ART,monsters/004_m_mushmom_머쉬맘/CAST/004_m_mushmom_s_mon_mushmom_CAST_F06.png,PASS,NOT_CHECKED,82dff5342a293de13499248298b8175346585e56f945d93060c11f73b353edd1
area_01,m_mushmom,머쉬맘,s_mon_mushmom,머쉬맘의 포자 충격,액티브,CAST_VFX,NEW_ART,monsters/004_m_mushmom_머쉬맘/CAST/004_m_mushmom_s_mon_mushmom_CAST_F07.png,PASS,NOT_CHECKED,e18f145a450d1379b244ecea204400b6a7c6f6614d6c89b10a9aceeb6498b931
area_01,m_mushmom,머쉬맘,s_mon_mushmom,머쉬맘의 포자 충격,액티브,CAST_VFX,NEW_ART,monsters/004_m_mushmom_머쉬맘/CAST/004_m_mushmom_s_mon_mushmom_CAST_F08.png,PASS,NOT_CHECKED,969b755645b909e35ab9c83c83c474eed3ca0204b8814a710e15427fb86a92c3
area_01,m_mushmom,머쉬맘,s_mon_mushmom,머쉬맘의 포자 충격,액티브,CAST_VFX,NEW_ART,monsters/004_m_mushmom_머쉬맘/CAST/004_m_mushmom_s_mon_mushmom_CAST_F09.png,PASS,NOT_CHECKED,6718fb27b0c2d2e4bcc34a32ecdf595c87bf7651bf092234a251564af5c5dba6
area_01,m_mushmom,머쉬맘,s_mon_mushmom,머쉬맘의 포자 충격,액티브,CAST_VFX,NEW_ART,monsters/004_m_mushmom_머쉬맘/CAST/004_m_mushmom_s_mon_mushmom_CAST_F10.png,PASS,NOT_CHECKED,428b72817619062f5e13440073fe30567fba4a8f64e6e9b1eeabf5d346687614
area_01,m_mushmom,머쉬맘,s_mon_mushmom,머쉬맘의 포자 충격,액티브,CAST_VFX,NEW_ART,monsters/004_m_mushmom_머쉬맘/CAST/004_m_mushmom_s_mon_mushmom_CAST_F11.png,PASS,NOT_CHECKED,57b3f031a096a29d5a7f4f151b5b1a276757051664b96a6ce5437f75b548681a
area_01,m_horny_mushroom,뿔버섯,s_mon_horny_mushroom,단단한 뿔,패시브,ICON,NEW_ART,monsters/005_m_horny_mushroom_뿔버섯/ICON/005_m_horny_mushroom_s_mon_horny_mushroom_ICON.png,PASS,NOT_CHECKED,7d241fc303b55cbcdf8b5b618c13ef4f1a808e04e5dee183953131c05b730dac
area_01,m_horny_mushroom,뿔버섯,s_mon_horny_mushroom,단단한 뿔,패시브,REFERENCE_VFX,NEW_ART,monsters/005_m_horny_mushroom_뿔버섯/REFERENCE/005_m_horny_mushroom_s_mon_horny_mushroom_REFERENCE_F00.png,PASS,NOT_CHECKED,5ae988bcbfda2bdc21b6f57386d1bdeb20e0ed69319f162b5c127051ac28d2c5
area_01,m_horny_mushroom,뿔버섯,s_mon_horny_mushroom,단단한 뿔,패시브,REFERENCE_VFX,NEW_ART,monsters/005_m_horny_mushroom_뿔버섯/REFERENCE/005_m_horny_mushroom_s_mon_horny_mushroom_REFERENCE_F01.png,PASS,NOT_CHECKED,40cfaa0b168f2901c266195f3cdbd02174943f90b9d6a7f4e37324a34184bde8
area_01,m_horny_mushroom,뿔버섯,s_mon_horny_mushroom,단단한 뿔,패시브,REFERENCE_VFX,NEW_ART,monsters/005_m_horny_mushroom_뿔버섯/REFERENCE/005_m_horny_mushroom_s_mon_horny_mushroom_REFERENCE_F02.png,PASS,NOT_CHECKED,8c5d58ad0d09113a05d0962e865ff1ef46af9fa8ed2837fb7f49a54e8ff6b435
area_01,m_horny_mushroom,뿔버섯,s_mon_horny_mushroom,단단한 뿔,패시브,REFERENCE_VFX,NEW_ART,monsters/005_m_horny_mushroom_뿔버섯/REFERENCE/005_m_horny_mushroom_s_mon_horny_mushroom_REFERENCE_F03.png,PASS,NOT_CHECKED,1d8f44bc31db8cd8969e3a215ae6ce302ccf23c6817ff77c09dcb0621a3dc95e
area_01,m_horny_mushroom,뿔버섯,s_mon_horny_mushroom,단단한 뿔,패시브,REFERENCE_VFX,NEW_ART,monsters/005_m_horny_mushroom_뿔버섯/REFERENCE/005_m_horny_mushroom_s_mon_horny_mushroom_REFERENCE_F04.png,PASS,NOT_CHECKED,16f78dcc84b5c2ef8aa5fb3efb6483e4aa54ee9ae58e2b76b04bc92ca403230a
area_01,m_horny_mushroom,뿔버섯,s_mon_horny_mushroom,단단한 뿔,패시브,REFERENCE_VFX,NEW_ART,monsters/005_m_horny_mushroom_뿔버섯/REFERENCE/005_m_horny_mushroom_s_mon_horny_mushroom_REFERENCE_F05.png,PASS,NOT_CHECKED,fbcefba40158b8b8864fed046786ce8312c378b9731cd8731b5300ba534b2f48
