area,skill,role,frame,path,sha256,size_ok,mode,edge_max,safe85_a16,partial_alpha_pixels,hash_ok
AREA_07,s_mon_zombie_mushroom,icons,0,AREA_07/s_mon_zombie_mushroom/001_m_zombie_mushroom_s_mon_zombie_mushroom_ICON.png,6b07c8e977d1b752cf8fc86bd29c67f6497b56ca2d50bb25200f4c56c48942a2,True,RGBA,0,True,1153,True
AREA_07,s_mon_copper_drake,icons,0,AREA_07/s_mon_copper_drake/002_m_copper_drake_s_mon_copper_drake_ICON.png,917389c723ae3d4e937ad0e3b8ac73934605afba168cf617b93ee78b4689378b,True,RGBA,0,True,1149,True
AREA_07,s_mon_drake,frames,0,AREA_07/s_mon_drake/003_m_drake_s_mon_drake_F00.png,c57b5b63e20446ad6d5c2ebf56c5706c86a854497dda9d152093a7c48ff7bc09,True,RGBA,0,True,1481,True
AREA_07,s_mon_drake,frames,1,AREA_07/s_mon_drake/003_m_drake_s_mon_drake_F01.png,71830029f2e19459f1ee680713d0d71eae0a2da1f1c0f4bf239ab12f593e100b,True,RGBA,0,True,2826,True
AREA_07,s_mon_drake,frames,2,AREA_07/s_mon_drake/003_m_drake_s_mon_drake_F02.png,94ecec8ce99f1ff2bb4b06cc98eade8e7f2a71b8def4762eefc2dda0d93a3fc2,True,RGBA,0,True,5800,True
AREA_07,s_mon_drake,frames,3,AREA_07/s_mon_drake/003_m_drake_s_mon_drake_F03.png,213cce55ba13cace18d2c13158a580bf2be1349fe0a1097236feeac105cad649,True,RGBA,0,True,6415,True
AREA_07,s_mon_drake,frames,4,AREA_07/s_mon_drake/003_m_drake_s_mon_drake_F04.png,13de808bca015cf6b670dde7dbd7128e2ae98cc00724412eb5010851ad1c42a8,True,RGBA,0,True,6007,True
AREA_07,s_mon_drake,frames,5,AREA_07/s_mon_drake/003_m_drake_s_mon_drake_F05.png,4468248234fc87ccd9de1dfa7ab9cb45d585fdec550fef4add0f74367d29885b,True,RGBA,0,True,8049,True
AREA_07,s_mon_drake,frames,6,AREA_07/s_mon_drake/003_m_drake_s_mon_drake_F06.png,3301bab56f524dcd24a3b5b91f5d2ce223979f42fcbc07298423fe47a2433fb5,True,RGBA,0,True,12665,True
AREA_07,s_mon_drake,frames,7,AREA_07/s_mon_drake/003_m_drake_s_mon_drake_F07.png,aa88422927ac813f85131e6bb50e52750e4825012931c5b0877adeee03cc261a,True,RGBA,0,True,6413,True
AREA_07,s_mon_drake,icons,0,AREA_07/s_mon_drake/003_m_drake_s_mon_drake_ICON.png,7491eca441b7b988474b0150e5a558f19551e405bf7df5dc240ef8a4344bc2e8,True,RGBA,0,True,2600,True
AREA_07,s_mon_wild_kargo,frames,0,AREA_07/s_mon_wild_kargo/004_m_wild_kargo_s_mon_wild_kargo_F00.png,2e9a29e11e3780622b60569c39353e9a5283e6c4b30bb693561792d28a5cd322,True,RGBA,0,True,2304,True
AREA_07,s_mon_wild_kargo,frames,1,AREA_07/s_mon_wild_kargo/004_m_wild_kargo_s_mon_wild_kargo_F01.png,06aa654af5ba583d56c7a282f502acd847586b9898b913d2eff9cb1fb0867448,True,RGBA,0,True,2833,True
AREA_07,s_mon_wild_kargo,frames,2,AREA_07/s_mon_wild_kargo/004_m_wild_kargo_s_mon_wild_kargo_F02.png,3174f02bac70df39f3c750d7e74dfde13b8b7b8d9bb3d4a722a9065d4002e1c2,True,RGBA,0,True,3386,True
AREA_07,s_mon_wild_kargo,frames,3,AREA_07/s_mon_wild_kargo/004_m_wild_kargo_s_mon_wild_kargo_F03.png,543f8456a8f0c6d19a13d1854cfb180eab0be80520c193893cbcbae6f87d86dd,True,RGBA,0,True,3467,True
AREA_07,s_mon_wild_kargo,frames,4,AREA_07/s_mon_wild_kargo/004_m_wild_kargo_s_mon_wild_kargo_F04.png,af8a8d48c7744f2d0d676eb66a468b01cff5d74467a852efcc70af5202191912,True,RGBA,0,True,3251,True
AREA_07,s_mon_wild_kargo,frames,5,AREA_07/s_mon_wild_kargo/004_m_wild_kargo_s_mon_wild_kargo_F05.png,bf6d30d99d45a3bc40125624f2e4fc11574dac6e592a330bb653ded2e6be4392,True,RGBA,0,True,3292,True
AREA_07,s_mon_wild_kargo,frames,6,AREA_07/s_mon_wild_kargo/004_m_wild_kargo_s_mon_wild_kargo_F06.png,cc960702fbdb206ccb60c3a533523e953828c324649e1aa60c77b4050ccc26c3,True,RGBA,0,True,2490,True
AREA_07,s_mon_wild_kargo,frames,7,AREA_07/s_mon_wild_kargo/004_m_wild_kargo_s_mon_wild_kargo_F07.png,048e26852f5a88ff6049250dfb3f4f7a0f7bd104f6d5562fca1cbfcb67ca7918,True,RGBA,0,True,1706,True
AREA_07,s_mon_wild_kargo,icons,0,AREA_07/s_mon_wild_kargo/004_m_wild_kargo_s_mon_wild_kargo_ICON.png,1b7d025aa19c40870743942f4c69b1f88fdb3f05ea97ff98503fe8ec56be0486,True,RGBA,0,True,3113,True
AREA_07,s_mon_jr_balrog,frames,0,AREA_07/s_mon_jr_balrog/005_m_jr_balrog_s_mon_jr_balrog_F00.png,09c55fa0fce314031e2349d607e79ae50a39573258c668582bd65f5fe5c884e2,True,RGBA,0,True,8972,True
AREA_07,s_mon_jr_balrog,frames,1,AREA_07/s_mon_jr_balrog/005_m_jr_balrog_s_mon_jr_balrog_F01.png,6ddc208d87a1b910cd15fc71f88c05ff4ee6c52bff86bb066087e05707546db4,True,RGBA,0,True,13262,True
AREA_07,s_mon_jr_balrog,frames,2,AREA_07/s_mon_jr_balrog/005_m_jr_balrog_s_mon_jr_balrog_F02.png,168d1c1c20490ded4316bd9f40188c9c890aa46038128a0ddd325563256b28a4,True,RGBA,0,True,17862,True
AREA_07,s_mon_jr_balrog,frames,3,AREA_07/s_mon_jr_balrog/005_m_jr_balrog_s_mon_jr_balrog_F03.png,0786133087eaf7ceb326cdc709eb2d79e4b11be0b64eb8e3b286a62217ba0aed,True,RGBA,0,True,27172,True
AREA_07,s_mon_jr_balrog,frames,4,AREA_07/s_mon_jr_balrog/005_m_jr_balrog_s_mon_jr_balrog_F04.png,ce3d4a21263817e0badacf33e198aab0d296c8f74f1051db4659fbf80a102f46,True,RGBA,0,True,20746,True
AREA_07,s_mon_jr_balrog,frames,5,AREA_07/s_mon_jr_balrog/005_m_jr_balrog_s_mon_jr_balrog_F05.png,fdee2d42235a4f980b0cf33b1b08e5b1d968a486aacb14186be1a35411a3866a,True,RGBA,0,True,30827,True
AREA_07,s_mon_jr_balrog,frames,6,AREA_07/s_mon_jr_balrog/005_m_jr_balrog_s_mon_jr_balrog_F06.png,c88b428b2cdbc2f2cdc6d926c7139ffb34f028ccb5eeaa7b2769ecae6a357e36,True,RGBA,0,True,33989,True
AREA_07,s_mon_jr_balrog,frames,7,AREA_07/s_mon_jr_balrog/005_m_jr_balrog_s_mon_jr_balrog_F07.png,7320753c02864bb162fc53ebfc4e40d08a76a0ba4d5ce3bf65ca68ac83d5a661,True,RGBA,0,True,34639,True
AREA_07,s_mon_jr_balrog,frames,8,AREA_07/s_mon_jr_balrog/005_m_jr_balrog_s_mon_jr_balrog_F08.png,d4881bf5dd8154194ed753dd23f0aba7ec7b782289e0c0b4790cacc276ca2679,True,RGBA,0,True,23784,True
AREA_07,s_mon_jr_balrog,frames,9,AREA_07/s_mon_jr_balrog/005_m_jr_balrog_s_mon_jr_balrog_F09.png,7083198ae73008db45fa87c3823d4973af7e76f72085c6b1e4ee9924551789e3,True,RGBA,0,True,20394,True
AREA_07,s_mon_jr_balrog,frames,10,AREA_07/s_mon_jr_balrog/005_m_jr_balrog_s_mon_jr_balrog_F10.png,8d6ff7d84a5fd5508ab38e3a56584b9e7bd53768f80e83c8de7c1227acb55d5e,True,RGBA,0,True,17047,True
AREA_07,s_mon_jr_balrog,frames,11,AREA_07/s_mon_jr_balrog/005_m_jr_balrog_s_mon_jr_balrog_F11.png,7a0472a575160e375ea70e3bf96dba00c0dc9fa3297a0dd7b8f96a454cefdfd0,True,RGBA,0,True,10212,True
AREA_07,s_mon_jr_balrog,icons,0,AREA_07/s_mon_jr_balrog/005_m_jr_balrog_s_mon_jr_balrog_ICON.png,f6980e795c28cba4abac3be129af240f1bee2820e073675e9646f16ff53a0629,True,RGBA,0,True,2837,True
AREA_07,s_mon_tauromacis,frames,0,AREA_07/s_mon_tauromacis/006_m_tauromacis_s_mon_tauromacis_F00.png,f257792651b4e529df38a02597782ad31183a41889302a6b8af2e4e21b50991b,True,RGBA,0,True,3612,True
AREA_07,s_mon_tauromacis,frames,1,AREA_07/s_mon_tauromacis/006_m_tauromacis_s_mon_tauromacis_F01.png,c38d269e79b64039dcf0510184dd822d59289dab08d3eacbfdc7751d3223abad,True,RGBA,0,True,4339,True
AREA_07,s_mon_tauromacis,frames,2,AREA_07/s_mon_tauromacis/006_m_tauromacis_s_mon_tauromacis_F02.png,b004810ccd108bece5a8e5f51903fea9f6191f1223c370f13d51192741823130,True,RGBA,0,True,5221,True
AREA_07,s_mon_tauromacis,frames,3,AREA_07/s_mon_tauromacis/006_m_tauromacis_s_mon_tauromacis_F03.png,76dd2bfb3a1f4b4fe8c3243f4912197048b5512678e0203a682e25ca36bc8158,True,RGBA,0,True,5458,True
AREA_07,s_mon_tauromacis,frames,4,AREA_07/s_mon_tauromacis/006_m_tauromacis_s_mon_tauromacis_F04.png,8346e999c88eb945f9239c1bbba857d7f738997953d331175de3b24a0df36ab7,True,RGBA,0,True,6978,True
AREA_07,s_mon_tauromacis,frames,5,AREA_07/s_mon_tauromacis/006_m_tauromacis_s_mon_tauromacis_F05.png,2cbe355720862d4a0c95bb95cc7a3c24ceaa039081753fa65288923d967f9f0e,True,RGBA,0,True,7422,True
AREA_07,s_mon_tauromacis,frames,6,AREA_07/s_mon_tauromacis/006_m_tauromacis_s_mon_tauromacis_F06.png,02f9e8b9086dd203db8b5c4e0204c0b9a6c7e53ca891d51582aa5afe978e0ca5,True,RGBA,0,True,5403,True
AREA_07,s_mon_tauromacis,frames,7,AREA_07/s_mon_tauromacis/006_m_tauromacis_s_mon_tauromacis_F07.png,df7d89ebd710da5af982f9cfff5ee2189676b193e5f2ddee1645568e6027fb45,True,RGBA,0,True,4056,True
AREA_07,s_mon_tauromacis,icons,0,AREA_07/s_mon_tauromacis/006_m_tauromacis_s_mon_tauromacis_ICON.png,ce07d952031e086d4eca77aa8516e7345cf2eb5c6867264527550499686eed85,True,RGBA,0,True,2399,True
AREA_08,s_mon_star_pixie,frames,0,AREA_08/s_mon_star_pixie/001_m_star_pixie_s_mon_star_pixie_F00.png,cac73c6955b96dc87e02b195d83f62b89370187b96b7a667b76f805b82cdadf6,True,RGBA,0,True,2648,True
AREA_08,s_mon_star_pixie,frames,1,AREA_08/s_mon_star_pixie/001_m_star_pixie_s_mon_star_pixie_F01.png,e752274c8c00bff50f6760f3cdecbeca8a8b4f3e0bed9bab1ff576d343048f8a,True,RGBA,0,True,3577,True
AREA_08,s_mon_star_pixie,frames,2,AREA_08/s_mon_star_pixie/001_m_star_pixie_s_mon_star_pixie_F02.png,1a3fe11b1465b3cec04a5a9079871d31b053d9a0262826c24d64b2d12563404f,True,RGBA,0,True,4679,True
AREA_08,s_mon_star_pixie,frames,3,AREA_08/s_mon_star_pixie/001_m_star_pixie_s_mon_star_pixie_F03.png,a58c0bb791f6cefb6da6556596221390fa9beef90dc7a1ec176400f552a753f3,True,RGBA,0,True,7776,True
AREA_08,s_mon_star_pixie,frames,4,AREA_08/s_mon_star_pixie/001_m_star_pixie_s_mon_star_pixie_F04.png,f2756af3165375df4368fab75e134add9c00f1650ab6ce4780b1a3e422593e80,True,RGBA,0,True,11281,True
AREA_08,s_mon_star_pixie,frames,5,AREA_08/s_mon_star_pixie/001_m_star_pixie_s_mon_star_pixie_F05.png,dee141b125a280ef2dff73884620277faeeae5ceefa9d2ac89029ffa2fcae290,True,RGBA,0,True,9929,True
AREA_08,s_mon_star_pixie,frames,6,AREA_08/s_mon_star_pixie/001_m_star_pixie_s_mon_star_pixie_F06.png,f2736be7184df13ae8948cc33a56d014df77f77b441ae48949545418eb1ab6f4,True,RGBA,0,True,5765,True
AREA_08,s_mon_star_pixie,frames,7,AREA_08/s_mon_star_pixie/001_m_star_pixie_s_mon_star_pixie_F07.png,769f4e27c068a1d2a0d2286d32edaee904eec6046a2cc89758f0a3039619fa63,True,RGBA,0,True,2711,True
AREA_08,s_mon_star_pixie,icons,0,AREA_08/s_mon_star_pixie/001_m_star_pixie_s_mon_star_pixie_ICON.png,754d0f4ed5eb65757a8c3c183cad3430c426967d9430048570105c0be87df377,True,RGBA,0,True,4169,True
AREA_08,s_mon_jr_cellion,icons,0,AREA_08/s_mon_jr_cellion/002_m_jr_cellion_s_mon_jr_cellion_ICON.png,6bfe18a96cbc027bab02e198ffc6d6f2fc71688349b1283b9f68a30de81a8b00,True,RGBA,0,True,4429,True
AREA_08,s_mon_lunar_pixie,frames,0,AREA_08/s_mon_lunar_pixie/003_m_lunar_pixie_s_mon_lunar_pixie_F00.png,853ea970393856257a0e33f397304367575e6a149dc0232a751e4830be72b4ab,True,RGBA,0,True,3843,True
AREA_08,s_mon_lunar_pixie,frames,1,AREA_08/s_mon_lunar_pixie/003_m_lunar_pixie_s_mon_lunar_pixie_F01.png,69a19d410510aa5dd97184a75b189fffa8b0920a203b86c1a41769ca896cbf57,True,RGBA,0,True,4376,True
AREA_08,s_mon_lunar_pixie,frames,2,AREA_08/s_mon_lunar_pixie/003_m_lunar_pixie_s_mon_lunar_pixie_F02.png,4292efda254536837bb34ecf30d3b5459635b6db17c448b74b9a64c74fe57a86,True,RGBA,0,True,8036,True
AREA_08,s_mon_lunar_pixie,frames,3,AREA_08/s_mon_lunar_pixie/003_m_lunar_pixie_s_mon_lunar_pixie_F03.png,9f46b83f7f0ebda04582f42644090ed19f79df4d4690019a0fe5a1229b9ebd84,True,RGBA,0,True,11385,True
AREA_08,s_mon_lunar_pixie,frames,4,AREA_08/s_mon_lunar_pixie/003_m_lunar_pixie_s_mon_lunar_pixie_F04.png,d82e885b89b844f4c14d09c3d2933b060ed77c340717514f9110fabc1f4fcd5e,True,RGBA,0,True,14284,True
AREA_08,s_mon_lunar_pixie,frames,5,AREA_08/s_mon_lunar_pixie/003_m_lunar_pixie_s_mon_lunar_pixie_F05.png,5b3ff3119a39593f9c8cb8c564e6f5e6359962c9efadb3a1c1c9aafd635b529e,True,RGBA,0,True,13732,True
AREA_08,s_mon_lunar_pixie,frames,6,AREA_08/s_mon_lunar_pixie/003_m_lunar_pixie_s_mon_lunar_pixie_F06.png,60fb898b4a6f72ea8a4e4ae6b52eb1a1dfb5d466e714da9b8ddae1d0ef99f46f,True,RGBA,0,True,15303,True
AREA_08,s_mon_lunar_pixie,frames,7,AREA_08/s_mon_lunar_pixie/003_m_lunar_pixie_s_mon_lunar_pixie_F07.png,3e8ae1b035dfb0ed0c99ce44eb3e797a97b67c991f764ab62039f49b2326e924,True,RGBA,0,True,8298,True
AREA_08,s_mon_lunar_pixie,icons,0,AREA_08/s_mon_lunar_pixie/003_m_lunar_pixie_s_mon_lunar_pixie_ICON.png,ad8fb3e80c89da7cbafd36785f45ba0d6ba82c08aaffeb0ecf72ac014a855371,True,RGBA,0,True,13203,True
AREA_08,s_mon_luster_pixie,icons,0,AREA_08/s_mon_luster_pixie/004_m_luster_pixie_s_mon_luster_pixie_ICON.png,d8c1c5165a8986ad94ca1ca67e3ab684699938408301d089bafceee2e9dfbf8e,True,RGBA,0,True,5798,True
AREA_08,s_mon_eliza,frames,0,AREA_08/s_mon_eliza/005_m_eliza_s_mon_eliza_F00.png,efc084f3ff09159cab7a6264fb8c848275b6487a89e8206c747ed85ea1913ccd,True,RGBA,0,True,11402,True
AREA_08,s_mon_eliza,frames,1,AREA_08/s_mon_eliza/005_m_eliza_s_mon_eliza_F01.png,4f23020172fa01c5c43bd2fc0a7f9ea5a0a4b30de0db75b08ebc60251f2de641,True,RGBA,0,True,18125,True
AREA_08,s_mon_eliza,frames,2,AREA_08/s_mon_eliza/005_m_eliza_s_mon_eliza_F02.png,b36767117fff3b60636939031c139214ef1da1378375df48412b99ee1caa068e,True,RGBA,0,True,26707,True
AREA_08,s_mon_eliza,frames,3,AREA_08/s_mon_eliza/005_m_eliza_s_mon_eliza_F03.png,d8b127e7b759510ed3380d8168d50bd6396b6cecd01958a6d43794120c70dbab,True,RGBA,0,True,39380,True
AREA_08,s_mon_eliza,frames,4,AREA_08/s_mon_eliza/005_m_eliza_s_mon_eliza_F04.png,ef349c69ff409bf7e24269a173501db22da134d329d9d5f0849302ea0928c6ec,True,RGBA,0,True,51840,True
AREA_08,s_mon_eliza,frames,5,AREA_08/s_mon_eliza/005_m_eliza_s_mon_eliza_F05.png,3fa54380a58a99e0011bfde41bf6a165f79a8540f4126ea5319e9a763f9f61d0,True,RGBA,0,True,69086,True
AREA_08,s_mon_eliza,frames,6,AREA_08/s_mon_eliza/005_m_eliza_s_mon_eliza_F06.png,88ebf40f360b8a256b862a15d60b03a33d33139456f8b0dfcafb29e05d4af877,True,RGBA,0,True,52937,True
AREA_08,s_mon_eliza,frames,7,AREA_08/s_mon_eliza/005_m_eliza_s_mon_eliza_F07.png,677263a4416d98db6ccf26115895edb23514490535d5264f4a28a95bd0a53de4,True,RGBA,0,True,37264,True
AREA_08,s_mon_eliza,frames,8,AREA_08/s_mon_eliza/005_m_eliza_s_mon_eliza_F08.png,ce9fa5ad897b41a7df0be4ee7c3ac2bb2ea4aeb38028f31fa70b30ffb6de86d0,True,RGBA,0,True,33015,True
AREA_08,s_mon_eliza,frames,9,AREA_08/s_mon_eliza/005_m_eliza_s_mon_eliza_F09.png,13787e0ef0ebcdd7040ad97635a653a7a214b7e9c0180b400d8ab4971978353d,True,RGBA,0,True,21530,True
AREA_08,s_mon_eliza,frames,10,AREA_08/s_mon_eliza/005_m_eliza_s_mon_eliza_F10.png,b8808194cd763d268894d172c23f04c31f3013b8c5f75b7d9a06c5c3b883d7cd,True,RGBA,0,True,15293,True
AREA_08,s_mon_eliza,frames,11,AREA_08/s_mon_eliza/005_m_eliza_s_mon_eliza_F11.png,981004d75e313311ceb51e424830b2dbec3ae648cc07208e30775536b6b1fe27,True,RGBA,0,True,8345,True
AREA_08,s_mon_eliza,icons,0,AREA_08/s_mon_eliza/005_m_eliza_s_mon_eliza_ICON.png,b9950c92302150621d61f50b69ab808a612ee91f4ac37bb0019a7bf62df2fb5d,True,RGBA,0,True,4603,True
AREA_09,s_mon_jr_yeti,icons,0,AREA_09/s_mon_jr_yeti/001_m_jr_yeti_s_mon_jr_yeti_ICON.png,2961aaccb1dcea1ef710318c3d8c09192fb4fb7c907c4f9a95bbcd8dffb99caa,True,RGBA,0,True,2434,True
AREA_09,s_mon_dark_jr_yeti,icons,0,AREA_09/s_mon_dark_jr_yeti/002_m_dark_jr_yeti_s_mon_dark_jr_yeti_ICON.png,039b3cea65e4dbdef4add39d988dfd85adc36581141a119ef601e24bb774a2e2,True,RGBA,0,True,7851,True
AREA_09,s_mon_hector,frames,0,AREA_09/s_mon_hector/003_m_hector_s_mon_hector_F00.png,25343b04294a36c5e818387697f3eeda42aede04fcfc2f806db443d2714cc849,True,RGBA,0,True,6891,True
AREA_09,s_mon_hector,frames,1,AREA_09/s_mon_hector/003_m_hector_s_mon_hector_F01.png,7ff4f9a1fb79ff9c9a7b1750f0df482be1c2a6c6297aa34efbb951d4511f7744,True,RGBA,0,True,13316,True
AREA_09,s_mon_hector,frames,2,AREA_09/s_mon_hector/003_m_hector_s_mon_hector_F02.png,807607def26506a707c953b1d619fcad6b4e4170dae8ce0506afde8e4f58d6de,True,RGBA,0,True,22414,True
AREA_09,s_mon_hector,frames,3,AREA_09/s_mon_hector/003_m_hector_s_mon_hector_F03.png,3a10a85078cc0732892fe2e0b34672f35f49c756a9631dba82c12bba14873aaa,True,RGBA,0,True,19142,True
AREA_09,s_mon_hector,frames,4,AREA_09/s_mon_hector/003_m_hector_s_mon_hector_F04.png,1d82ba82534d46fd6860fae19f6c08ee86fc219cf84c5f5dc2e2aa8685506245,True,RGBA,0,True,22198,True
AREA_09,s_mon_hector,frames,5,AREA_09/s_mon_hector/003_m_hector_s_mon_hector_F05.png,0f6a84fb88f02083a2df9f9662baf5a8225fa2f17cd10cdfe19b9e6bd6935eb1,True,RGBA,0,True,21214,True
AREA_09,s_mon_hector,frames,6,AREA_09/s_mon_hector/003_m_hector_s_mon_hector_F06.png,8faf6424c19bf5bb468f73c9771dd03082f3189b1296200de5929229b0ab1c3e,True,RGBA,0,True,9146,True
AREA_09,s_mon_hector,frames,7,AREA_09/s_mon_hector/003_m_hector_s_mon_hector_F07.png,ba4352911461a7b5895ee5e0646b64df81f8b41a9308d839f920514ab5a60d9e,True,RGBA,0,True,3607,True
AREA_09,s_mon_hector,icons,0,AREA_09/s_mon_hector/003_m_hector_s_mon_hector_ICON.png,6f8106e606d5a944eb7a04b8fd9736071aec96bfa5b3b1b8229190802479ca1c,True,RGBA,0,True,9667,True
AREA_09,s_mon_white_fang,frames,0,AREA_09/s_mon_white_fang/004_m_white_fang_s_mon_white_fang_F00.png,c5931281d1c0961a029fca2527a49afa8c6b0a4fe1ef28970a8a5fb868ad3398,True,RGBA,0,True,5726,True
AREA_09,s_mon_white_fang,frames,1,AREA_09/s_mon_white_fang/004_m_white_fang_s_mon_white_fang_F01.png,a390d4373c329900d2d99d4434b064c33e3a56a77a12750c84731e6a71dfcc2a,True,RGBA,0,True,7931,True
AREA_09,s_mon_white_fang,frames,2,AREA_09/s_mon_white_fang/004_m_white_fang_s_mon_white_fang_F02.png,1102036a5c6d044d8a7f65982f43ddf8954c7238054afc68a80c1b231ee44eb8,True,RGBA,0,True,9701,True
AREA_09,s_mon_white_fang,frames,3,AREA_09/s_mon_white_fang/004_m_white_fang_s_mon_white_fang_F03.png,fe7cac9e03463f33c5087e3583ea5d4aabff6ab92dc1dde912603e61e8dc1ecf,True,RGBA,0,True,11468,True
AREA_09,s_mon_white_fang,frames,4,AREA_09/s_mon_white_fang/004_m_white_fang_s_mon_white_fang_F04.png,13d2b894984b4179ecacd9086f6519645f765084ac5d5ededc003049966779a7,True,RGBA,0,True,12018,True
AREA_09,s_mon_white_fang,frames,5,AREA_09/s_mon_white_fang/004_m_white_fang_s_mon_white_fang_F05.png,6f7cba990741cbc732bd1f667ded03d0e478152115b5042e3efce4d71e1d91df,True,RGBA,0,True,14410,True
AREA_09,s_mon_white_fang,frames,6,AREA_09/s_mon_white_fang/004_m_white_fang_s_mon_white_fang_F06.png,faefbbcc69f11172fa9e47ff2c48caee8ddd7f66d81b1575e6e1d47bde5f55c6,True,RGBA,0,True,12056,True
AREA_09,s_mon_white_fang,frames,7,AREA_09/s_mon_white_fang/004_m_white_fang_s_mon_white_fang_F07.png,7f400ef9432889332893841e6c8c281c72869b5655823d5d8f2af4b8100f3f96,True,RGBA,0,True,7695,True
AREA_09,s_mon_white_fang,icons,0,AREA_09/s_mon_white_fang/004_m_white_fang_s_mon_white_fang_ICON.png,409be0c0258b9b0a48a96588c7b18e2e1dbca1a680c10b88fb4505e532343f03,True,RGBA,0,True,4854,True
AREA_09,s_mon_snow_witch,frames,0,AREA_09/s_mon_snow_witch/005_m_snow_witch_s_mon_snow_witch_F00.png,53b3b834d9ad2c4776c5b093a5672599b166b3efed3e18f7fae7915a4693738d,True,RGBA,0,True,6749,True
AREA_09,s_mon_snow_witch,frames,1,AREA_09/s_mon_snow_witch/005_m_snow_witch_s_mon_snow_witch_F01.png,c91597211d27d74c6b95c3ba1f9e5729cfd159137c7211563c758f0a1cd4db1d,True,RGBA,0,True,9970,True
AREA_09,s_mon_snow_witch,frames,2,AREA_09/s_mon_snow_witch/005_m_snow_witch_s_mon_snow_witch_F02.png,92ad729ce76def94c4d2991aeda42b7e49726da87bdc65ae44ba02ab2248584b,True,RGBA,0,True,19807,True
AREA_09,s_mon_snow_witch,frames,3,AREA_09/s_mon_snow_witch/005_m_snow_witch_s_mon_snow_witch_F03.png,e2c24778b3d06357865fa05c383d77470dd2341f9bbdc4a43e4444a7c7051bf3,True,RGBA,0,True,27373,True
AREA_09,s_mon_snow_witch,frames,4,AREA_09/s_mon_snow_witch/005_m_snow_witch_s_mon_snow_witch_F04.png,ff1d2433e0ba7343d36639cc3811dfc11656634c5d8be2f4debdaed3af9ab450,True,RGBA,0,True,38736,True
AREA_09,s_mon_snow_witch,frames,5,AREA_09/s_mon_snow_witch/005_m_snow_witch_s_mon_snow_witch_F05.png,b8358ef0e6db043c419c5d730e71eeea910904ca0b727c222d0a17c879bf1fac,True,RGBA,0,True,54503,True
AREA_09,s_mon_snow_witch,frames,6,AREA_09/s_mon_snow_witch/005_m_snow_witch_s_mon_snow_witch_F06.png,3c87fa912920f5d84939dc55425888db839f6f8aa3ceb57e6b15a348f3c201cd,True,RGBA,0,True,63428,True
AREA_09,s_mon_snow_witch,frames,7,AREA_09/s_mon_snow_witch/005_m_snow_witch_s_mon_snow_witch_F07.png,f1d71570205cfdb6e6f7031885cbc8260418a091134b4fb408728d6ecd90f9f3,True,RGBA,0,True,45463,True
AREA_09,s_mon_snow_witch,frames,8,AREA_09/s_mon_snow_witch/005_m_snow_witch_s_mon_snow_witch_F08.png,52979d046293d45e58c35ad6856f9855b9038ec8abefabc8adf32a743bf3dc42,True,RGBA,0,True,30572,True
AREA_09,s_mon_snow_witch,frames,9,AREA_09/s_mon_snow_witch/005_m_snow_witch_s_mon_snow_witch_F09.png,8ecd2f18c2b8fb9a6bde8a682a6c1057589b575fe890845714593a387ea967ec,True,RGBA,0,True,17065,True
AREA_09,s_mon_snow_witch,frames,10,AREA_09/s_mon_snow_witch/005_m_snow_witch_s_mon_snow_witch_F10.png,3169d736ce4b0b777cb0a87a88060a48532fc9c26929deb42d708d7672379750,True,RGBA,0,True,11395,True
AREA_09,s_mon_snow_witch,frames,11,AREA_09/s_mon_snow_witch/005_m_snow_witch_s_mon_snow_witch_F11.png,e9b1a91a7779cb616adb2ebfd5667cd9c9100a2d07601f30b05915a2be1d29bc,True,RGBA,0,True,7389,True
AREA_09,s_mon_snow_witch,icons,0,AREA_09/s_mon_snow_witch/005_m_snow_witch_s_mon_snow_witch_ICON.png,1af865f1a0fbec442fdc4d6e27d811ea4ada783a780e3d539b51a7f81b57c30c,True,RGBA,0,True,12898,True
AREA_10,s_mon_bubble_fish,icons,0,AREA_10/s_mon_bubble_fish/001_m_bubble_fish_s_mon_bubble_fish_ICON.png,62e49291089e6a71c35f9ec5d993c0fd90bbd252cce6d0c2e0e6ea2931109e1f,True,RGBA,0,True,3297,True
AREA_10,s_mon_mask_fish,icons,0,AREA_10/s_mon_mask_fish/002_m_mask_fish_s_mon_mask_fish_ICON.png,aafc865095a281d3def9ee42f6b8b0cd6331f3aeb09e4398c89d2bfee283863e,True,RGBA,0,True,4461,True
AREA_10,s_mon_squid,frames,0,AREA_10/s_mon_squid/003_m_squid_s_mon_squid_F00.png,c4cfa42947c74b66a441e3718d89ff59df16dfc531915a90a5a242860c41c77b,True,RGBA,0,True,885,True
AREA_10,s_mon_squid,frames,1,AREA_10/s_mon_squid/003_m_squid_s_mon_squid_F01.png,d5a66d17578acebea5ecd9913e6d25d44013190a5df65a3faa9f1a8235bd4519,True,RGBA,0,True,3765,True
AREA_10,s_mon_squid,frames,2,AREA_10/s_mon_squid/003_m_squid_s_mon_squid_F02.png,7f6a47df44634b1f50d0222b7956ebf4d87ee3a2df37e036c03af6b849122774,True,RGBA,0,True,4468,True
AREA_10,s_mon_squid,frames,3,AREA_10/s_mon_squid/003_m_squid_s_mon_squid_F03.png,37e76ff5ad8a0b5a27c8bf8bbf67a103d415ac79107bb6762d93fcefb471f05b,True,RGBA,0,True,7221,True
AREA_10,s_mon_squid,frames,4,AREA_10/s_mon_squid/003_m_squid_s_mon_squid_F04.png,56648bc0c1ddcb37656d0453f29c911a61ec71b1f1af04cb25aaf8af714fb3d5,True,RGBA,0,True,10663,True
AREA_10,s_mon_squid,frames,5,AREA_10/s_mon_squid/003_m_squid_s_mon_squid_F05.png,5ce8f616d52d6c5045591a6fb0bd4695f77117577f07387a1ae4067b9fa674c7,True,RGBA,0,True,11414,True
AREA_10,s_mon_squid,frames,6,AREA_10/s_mon_squid/003_m_squid_s_mon_squid_F06.png,52ed0095ff62e257f8f782c7f0d0f22494cee964fda19ec003a4d207d41b4a42,True,RGBA,0,True,13306,True
AREA_10,s_mon_squid,frames,7,AREA_10/s_mon_squid/003_m_squid_s_mon_squid_F07.png,ef2e4318f7ad4c1387652fd356229d73fe1ef615921358b18bbe1c25625ad112,True,RGBA,0,True,4406,True
AREA_10,s_mon_squid,icons,0,AREA_10/s_mon_squid/003_m_squid_s_mon_squid_ICON.png,a848a1dfcea49617dc175e6d1c172f99c154b96a7646501e146ced800387dc5b,True,RGBA,0,True,1616,True
AREA_10,s_mon_shark,frames,0,AREA_10/s_mon_shark/004_m_shark_s_mon_shark_F00.png,0c8286849e18b7d99ab846c42071bf3a33dabab54b627f0b4b9ef6b92017e6b9,True,RGBA,0,True,983,True
AREA_10,s_mon_shark,frames,1,AREA_10/s_mon_shark/004_m_shark_s_mon_shark_F01.png,df755184fb73557e40279c23b34f2fcc3ab48a430aa26bd4978ef725d9181f40,True,RGBA,0,True,1847,True
AREA_10,s_mon_shark,frames,2,AREA_10/s_mon_shark/004_m_shark_s_mon_shark_F02.png,e09e3c4c6c9a0b3346c4d897057ca513e5316096e633bd91cc190fcded5881e8,True,RGBA,0,True,3158,True
AREA_10,s_mon_shark,frames,3,AREA_10/s_mon_shark/004_m_shark_s_mon_shark_F03.png,196c760da9b20fb2dab862d5628b22e13e1eb0bd9f08b4b163e69d476ec96e70,True,RGBA,0,True,3571,True
AREA_10,s_mon_shark,frames,4,AREA_10/s_mon_shark/004_m_shark_s_mon_shark_F04.png,fff81897b6728375c549cd22fb17e075765d88feca6340f02b202c6b3fdbd838,True,RGBA,0,True,3536,True
AREA_10,s_mon_shark,frames,5,AREA_10/s_mon_shark/004_m_shark_s_mon_shark_F05.png,d96886c2d670d682b0aab6e89c51cafde383174409292e796ed2d69a2b282612,True,RGBA,0,True,4733,True
AREA_10,s_mon_shark,frames,6,AREA_10/s_mon_shark/004_m_shark_s_mon_shark_F06.png,71e73bbeef46880346fdd102fc9ceb6c6ff7ddccbe2552764341d3d5cb8f5e43,True,RGBA,0,True,4997,True
AREA_10,s_mon_shark,frames,7,AREA_10/s_mon_shark/004_m_shark_s_mon_shark_F07.png,9999bce16f3bd128d15b4d4094d555f5cd4b566a6ce6c71048c4d17eafe95a3f,True,RGBA,0,True,2291,True
AREA_10,s_mon_shark,icons,0,AREA_10/s_mon_shark/004_m_shark_s_mon_shark_ICON.png,0153a30aa5c3b60138a1075ebf8525f85f5328969994aeb073597681fd84545e,True,RGBA,0,True,1990,True
AREA_10,s_mon_pianus,frames,0,AREA_10/s_mon_pianus/005_m_pianus_s_mon_pianus_F00.png,6ebe20c014ad5dda5e736e188692167939d6be2171782d35eed8af8391a83ba4,True,RGBA,0,True,2642,True
AREA_10,s_mon_pianus,frames,1,AREA_10/s_mon_pianus/005_m_pianus_s_mon_pianus_F01.png,8ec3e5df7e1bece74b512bd2cd1714ce6820429bea49e53376aefd2b907e4c94,True,RGBA,0,True,3699,True
AREA_10,s_mon_pianus,frames,2,AREA_10/s_mon_pianus/005_m_pianus_s_mon_pianus_F02.png,88047a77f5bf869adcec526f174e7b991b10ebb3c8aa6e3030d1cd813c207794,True,RGBA,0,True,3689,True
AREA_10,s_mon_pianus,frames,3,AREA_10/s_mon_pianus/005_m_pianus_s_mon_pianus_F03.png,ee65ee49ed7f672a7199d5649b6b01d28952abfc6aa69d19acb2fc11dbcaafed,True,RGBA,0,True,4663,True
AREA_10,s_mon_pianus,frames,4,AREA_10/s_mon_pianus/005_m_pianus_s_mon_pianus_F04.png,033693a3078a6ac0947eb2da4aec0e7e7bbf407bffbeda5f2bb21d067bc1626d,True,RGBA,0,True,5156,True
AREA_10,s_mon_pianus,frames,5,AREA_10/s_mon_pianus/005_m_pianus_s_mon_pianus_F05.png,f5669f1bb457b697d18b26a9462abc3c1cb83b8b38b071eaf40a2d6e3048c356,True,RGBA,0,True,5301,True
AREA_10,s_mon_pianus,frames,6,AREA_10/s_mon_pianus/005_m_pianus_s_mon_pianus_F06.png,3549382c60a557647b55d60c6043aaea10eeac3f026888aaff8549a00f3a5ad3,True,RGBA,0,True,5829,True
AREA_10,s_mon_pianus,frames,7,AREA_10/s_mon_pianus/005_m_pianus_s_mon_pianus_F07.png,922376c59bdcea0ba22637208394bd25dd268c173a59b8080c0234919d8cbbdb,True,RGBA,0,True,5971,True
AREA_10,s_mon_pianus,frames,8,AREA_10/s_mon_pianus/005_m_pianus_s_mon_pianus_F08.png,9cd7d8740118adc18a764e647049c9c49c16ae7062a4948e652043c3e8d4fdec,True,RGBA,0,True,8131,True
AREA_10,s_mon_pianus,frames,9,AREA_10/s_mon_pianus/005_m_pianus_s_mon_pianus_F09.png,917df78bd9d9d3da641dfe13e6a1ca5918a0a986a1e58a45adfaab52db0c398c,True,RGBA,0,True,7807,True
AREA_10,s_mon_pianus,frames,10,AREA_10/s_mon_pianus/005_m_pianus_s_mon_pianus_F10.png,a1bda49c1f01a33505dc7a244c4910710827755a5bdcb1cd136db05aa814730a,True,RGBA,0,True,5962,True
AREA_10,s_mon_pianus,frames,11,AREA_10/s_mon_pianus/005_m_pianus_s_mon_pianus_F11.png,7a5ac0c22bdd16d7bc53786fc8b9ef6a1d677697c1ba258ad3c7424858727a50,True,RGBA,0,True,3138,True
AREA_10,s_mon_pianus,icons,0,AREA_10/s_mon_pianus/005_m_pianus_s_mon_pianus_ICON.png,277e62dda33b346473db8c17940a994a024bdbaf50e6805d16224a149fecbe58,True,RGBA,0,True,2145,True
AREA_11,s_mon_ratz,icons,0,AREA_11/s_mon_ratz/001_m_ratz_s_mon_ratz_ICON.png,ff58aa3e20a95de6477a68f680bcd82562cb55aa9f462538538bfcd22bc04266,True,RGBA,0,True,2458,True
AREA_11,s_mon_drumming_bunny,frames,0,AREA_11/s_mon_drumming_bunny/002_m_drumming_bunny_s_mon_drumming_bunny_F00.png,cc9290c5b43b112b611f9520ba56d278d2beca48319f3e0473da9bf1db9741a3,True,RGBA,0,True,8349,True
AREA_11,s_mon_drumming_bunny,frames,1,AREA_11/s_mon_drumming_bunny/002_m_drumming_bunny_s_mon_drumming_bunny_F01.png,40a7b054faf252e697b6b13b4a9bbed846898ddbbeaa18d2db88910e1d0cc486,True,RGBA,0,True,19230,True
AREA_11,s_mon_drumming_bunny,frames,2,AREA_11/s_mon_drumming_bunny/002_m_drumming_bunny_s_mon_drumming_bunny_F02.png,0c13626c9d27f0917775d3c515246db490ae1ef1c2fed5016fd0f2664874ea7b,True,RGBA,0,True,29318,True
AREA_11,s_mon_drumming_bunny,frames,3,AREA_11/s_mon_drumming_bunny/002_m_drumming_bunny_s_mon_drumming_bunny_F03.png,5fcf575753775a5e5a0e4aa9c38eea5cd4475a61be0c130205e08ed955353756,True,RGBA,0,True,42502,True
AREA_11,s_mon_drumming_bunny,frames,4,AREA_11/s_mon_drumming_bunny/002_m_drumming_bunny_s_mon_drumming_bunny_F04.png,e03d1fe2ac72bf54a703c88499b0b49b02576934d0709d564b372f031a259b69,True,RGBA,0,True,48671,True
AREA_11,s_mon_drumming_bunny,frames,5,AREA_11/s_mon_drumming_bunny/002_m_drumming_bunny_s_mon_drumming_bunny_F05.png,a93add37b684131eb9775637705b8e42a78eb214629c6449166d71340e6286c8,True,RGBA,0,True,29207,True
AREA_11,s_mon_drumming_bunny,frames,6,AREA_11/s_mon_drumming_bunny/002_m_drumming_bunny_s_mon_drumming_bunny_F06.png,3102264e3b33028c100e23cce9cdf166b691a4ee8e36210562e60edf07ded07f,True,RGBA,0,True,17864,True
AREA_11,s_mon_drumming_bunny,frames,7,AREA_11/s_mon_drumming_bunny/002_m_drumming_bunny_s_mon_drumming_bunny_F07.png,46b0ce22a05051c68733388f85ab578800e6295cca861fba7848ddbe6d76bc16,True,RGBA,0,True,7774,True
AREA_11,s_mon_drumming_bunny,icons,0,AREA_11/s_mon_drumming_bunny/002_m_drumming_bunny_s_mon_drumming_bunny_ICON.png,526ac6ba81d9ade3614b7869a4299cc560f785eb4d8c3c4d8475e29f462f4626,True,RGBA,0,True,17683,True
AREA_11,s_mon_bloctopus,icons,0,AREA_11/s_mon_bloctopus/003_m_bloctopus_s_mon_bloctopus_ICON.png,a0ac7e635a03c4e00aca0cff829af635f301fbafa4679d1bb6a9729a2a8a956c,True,RGBA,0,True,10562,True
AREA_11,s_mon_king_bloctopus,frames,0,AREA_11/s_mon_king_bloctopus/004_m_king_bloctopus_s_mon_king_bloctopus_F00.png,f60e571de95a0979fb97e8b09e82aa43acd82fce1ae79e844cbdcdf703b1c35a,True,RGBA,0,True,5039,True
AREA_11,s_mon_king_bloctopus,frames,1,AREA_11/s_mon_king_bloctopus/004_m_king_bloctopus_s_mon_king_bloctopus_F01.png,3ebed99b1ee2b6d5ba878493433aaadad7545e17dbaeb2145cb18673c7c303a1,True,RGBA,0,True,13742,True
AREA_11,s_mon_king_bloctopus,frames,2,AREA_11/s_mon_king_bloctopus/004_m_king_bloctopus_s_mon_king_bloctopus_F02.png,2d81e635999f920deaae441713141ba0cfa2e70fc29b156e59191d306ff5f364,True,RGBA,0,True,20317,True
AREA_11,s_mon_king_bloctopus,frames,3,AREA_11/s_mon_king_bloctopus/004_m_king_bloctopus_s_mon_king_bloctopus_F03.png,83facb4f0b9dbf8b28ef84e5b7b27fc40a9c445f7dfb9cd78e55bb834c8bbfe3,True,RGBA,0,True,22097,True
AREA_11,s_mon_king_bloctopus,frames,4,AREA_11/s_mon_king_bloctopus/004_m_king_bloctopus_s_mon_king_bloctopus_F04.png,4a4fe1e23903e182810ab8964dee6efcab91c1a81902559af315d1703c9e7e5b,True,RGBA,0,True,32637,True
AREA_11,s_mon_king_bloctopus,frames,5,AREA_11/s_mon_king_bloctopus/004_m_king_bloctopus_s_mon_king_bloctopus_F05.png,60704983b56ad091e8c9d737c42bf14a4438d85e3f0a820e7ebb27b27789062a,True,RGBA,0,True,24100,True
AREA_11,s_mon_king_bloctopus,frames,6,AREA_11/s_mon_king_bloctopus/004_m_king_bloctopus_s_mon_king_bloctopus_F06.png,a9c4bc0697ca1d2fb2ffa738be1433ac7ab213e455145e5d358bc641c8da3fc6,True,RGBA,0,True,12774,True
AREA_11,s_mon_king_bloctopus,frames,7,AREA_11/s_mon_king_bloctopus/004_m_king_bloctopus_s_mon_king_bloctopus_F07.png,8fa3d9b52b9ca18b4f662d8c67cdc91d6f73b9882f0bcded7cdcddca0411f1cf,True,RGBA,0,True,4351,True
AREA_11,s_mon_king_bloctopus,icons,0,AREA_11/s_mon_king_bloctopus/004_m_king_bloctopus_s_mon_king_bloctopus_ICON.png,2d98362e96be8bda7b33ab313e2c115d174dcc1f0638a5975981652fb6cb764d,True,RGBA,0,True,7181,True
AREA_11,s_mon_rombot,frames,0,AREA_11/s_mon_rombot/005_m_rombot_s_mon_rombot_F00.png,a0cca50480367e363fd452a328f1804ab4ba3204c2c74de9b655e06abada534d,True,RGBA,0,True,7008,True
AREA_11,s_mon_rombot,frames,1,AREA_11/s_mon_rombot/005_m_rombot_s_mon_rombot_F01.png,02964c20d0be69ef8ec399d3d0236e46a2f6e60401569f45342eb9dfa2017686,True,RGBA,0,True,19758,True
AREA_11,s_mon_rombot,frames,2,AREA_11/s_mon_rombot/005_m_rombot_s_mon_rombot_F02.png,c26c6a84d08386fef1953a6fcaa8d26dabe09e1e5808e350423ac47ee2c1a7d4,True,RGBA,0,True,32065,True
AREA_11,s_mon_rombot,frames,3,AREA_11/s_mon_rombot/005_m_rombot_s_mon_rombot_F03.png,58b176e26a5af0ab5c64dbfd86828c6ae79282142b7cb94cc6c249315cd73b26,True,RGBA,0,True,40609,True
AREA_11,s_mon_rombot,frames,4,AREA_11/s_mon_rombot/005_m_rombot_s_mon_rombot_F04.png,d18aeb611acf6a6deddc449fe3058cf4038fa003dd36b6f02680a966e6b53efd,True,RGBA,0,True,52185,True
AREA_11,s_mon_rombot,frames,5,AREA_11/s_mon_rombot/005_m_rombot_s_mon_rombot_F05.png,3a1347f555f25c73481b4050d596aef319e28ea46b204ef0900663d06d0817c5,True,RGBA,0,True,59760,True
AREA_11,s_mon_rombot,frames,6,AREA_11/s_mon_rombot/005_m_rombot_s_mon_rombot_F06.png,aaf453c752551f0e2cafb40d7ccc85d1ce3e6bc06314b9f4b3cdf9bb16aa78c1,True,RGBA,0,True,69918,True
AREA_11,s_mon_rombot,frames,7,AREA_11/s_mon_rombot/005_m_rombot_s_mon_rombot_F07.png,dc0aa1b4f80be1225afd4d00a82336073c9090896fb965e7dfb28351857bb9fb,True,RGBA,0,True,62682,True
AREA_11,s_mon_rombot,frames,8,AREA_11/s_mon_rombot/005_m_rombot_s_mon_rombot_F08.png,bae83dd21429add4da87cae0896ec21152475785f495f377a73fb521f299499e,True,RGBA,0,True,51063,True
AREA_11,s_mon_rombot,frames,9,AREA_11/s_mon_rombot/005_m_rombot_s_mon_rombot_F09.png,8732f5554f66552a311b7636f329a2ec5042dbed0e3a4075cfbb6b1cbd570e68,True,RGBA,0,True,32872,True
AREA_11,s_mon_rombot,frames,10,AREA_11/s_mon_rombot/005_m_rombot_s_mon_rombot_F10.png,5a1179e1519646a698140edc413eec7c18330449865b3449a18404e88be3e91d,True,RGBA,0,True,28357,True
AREA_11,s_mon_rombot,frames,11,AREA_11/s_mon_rombot/005_m_rombot_s_mon_rombot_F11.png,8987741c823609dd5f516fc9609d396b8ed88c9e5344b7288592bb96b895b8c7,True,RGBA,0,True,10616,True
AREA_11,s_mon_rombot,icons,0,AREA_11/s_mon_rombot/005_m_rombot_s_mon_rombot_ICON.png,9b6abedbfcf091f1287e54112972c77aa9f2f3828fa2c8cafa4cb336b5d707e0,True,RGBA,0,True,9465,True
AREA_12,s_mon_brown_teddy,icons,0,AREA_12/s_mon_brown_teddy/001_m_brown_teddy_s_mon_brown_teddy_ICON.png,66a70e30007057a8a2bd1a9e7ec12a7e6c3d4fab475747b74913c68941e61b8c,True,RGBA,0,True,12733,True
AREA_12,s_mon_toy_trojan,frames,0,AREA_12/s_mon_toy_trojan/002_m_toy_trojan_s_mon_toy_trojan_F00.png,1c5c82f72419b6b85baa1351392d891a88a96b6ce5a20aaac7de029bead17463,True,RGBA,0,True,7466,True
AREA_12,s_mon_toy_trojan,frames,1,AREA_12/s_mon_toy_trojan/002_m_toy_trojan_s_mon_toy_trojan_F01.png,99bde43f6d7101ae1cf94aa7dcd2c44c4584e31b981a23e6eb3dbc29fa53c2d1,True,RGBA,0,True,14525,True
AREA_12,s_mon_toy_trojan,frames,2,AREA_12/s_mon_toy_trojan/002_m_toy_trojan_s_mon_toy_trojan_F02.png,1da54c329cde7ef0322d0044e5a708e1394d34ec789865ac500684a1b19dd919,True,RGBA,0,True,19703,True
AREA_12,s_mon_toy_trojan,frames,3,AREA_12/s_mon_toy_trojan/002_m_toy_trojan_s_mon_toy_trojan_F03.png,b652d1e56d40e0b4aea9ca47431e323af0e8431020d5b9a3555ba78813f1c42b,True,RGBA,0,True,25706,True
AREA_12,s_mon_toy_trojan,frames,4,AREA_12/s_mon_toy_trojan/002_m_toy_trojan_s_mon_toy_trojan_F04.png,b91c926fdd1e1dc3c802205f50925f5b9821229b42a30196b1d51469a509b8f4,True,RGBA,0,True,23879,True
AREA_12,s_mon_toy_trojan,frames,5,AREA_12/s_mon_toy_trojan/002_m_toy_trojan_s_mon_toy_trojan_F05.png,23b52ea849fe559d30dfc366e68c4941d82505ed8abe77965774834d3584a143,True,RGBA,0,True,30138,True
AREA_12,s_mon_toy_trojan,frames,6,AREA_12/s_mon_toy_trojan/002_m_toy_trojan_s_mon_toy_trojan_F06.png,5a99395ddc931e679ed08c4194153424eb6f98ef5916131f883688d1b7c526d1,True,RGBA,0,True,17500,True
AREA_12,s_mon_toy_trojan,frames,7,AREA_12/s_mon_toy_trojan/002_m_toy_trojan_s_mon_toy_trojan_F07.png,22fb02b5cecdb8dbd054af64cc447115e9afdb28dc5e582a1ceb9ba311199e2a,True,RGBA,0,True,8675,True
AREA_12,s_mon_toy_trojan,icons,0,AREA_12/s_mon_toy_trojan/002_m_toy_trojan_s_mon_toy_trojan_ICON.png,dfd0e117e6b351ac1fc07260f17d8cf2f591a9816b876429389b5822170494e2,True,RGBA,0,True,12442,True
AREA_12,s_mon_master_robo,icons,0,AREA_12/s_mon_master_robo/003_m_master_robo_s_mon_master_robo_ICON.png,1f469e39b5101f56f9398e09b5f38ce6b620b9d4d6854a10646f7e21981bcc77,True,RGBA,0,True,11525,True
AREA_12,s_mon_chronos,frames,0,AREA_12/s_mon_chronos/004_m_chronos_s_mon_chronos_F00.png,bf63466978d4993e8f76fe8683debb6dfc14865173aa4a560b713934b64cb119,True,RGBA,0,True,6030,True
AREA_12,s_mon_chronos,frames,1,AREA_12/s_mon_chronos/004_m_chronos_s_mon_chronos_F01.png,27ed629feb76613f037137e83cdf158fffaf2c9356e85ca2f037a2f483604063,True,RGBA,0,True,14358,True
AREA_12,s_mon_chronos,frames,2,AREA_12/s_mon_chronos/004_m_chronos_s_mon_chronos_F02.png,e6916a4cb668c5c54e1b0e4583093cc407a4560fe8958913555853efde5f6709,True,RGBA,0,True,26826,True
AREA_12,s_mon_chronos,frames,3,AREA_12/s_mon_chronos/004_m_chronos_s_mon_chronos_F03.png,65dbe21fc631a7c4fd4565417b4d152b004a7b6fe23cf54fdb10d593772ba56e,True,RGBA,0,True,34772,True
AREA_12,s_mon_chronos,frames,4,AREA_12/s_mon_chronos/004_m_chronos_s_mon_chronos_F04.png,8d3728b01040cf65e9e1abfb394550ec30650d499a1b6978f8c1ad6b892765ab,True,RGBA,0,True,43502,True
AREA_12,s_mon_chronos,frames,5,AREA_12/s_mon_chronos/004_m_chronos_s_mon_chronos_F05.png,59e3d71a5639a495fcbdb877d2a157bf175d671ca6b52abe12658269d8ea497a,True,RGBA,0,True,26219,True
AREA_12,s_mon_chronos,frames,6,AREA_12/s_mon_chronos/004_m_chronos_s_mon_chronos_F06.png,c657b1ce1ffdad8fef64c34873c7714fbc0177660574c8b4dafd68ec1df9bce9,True,RGBA,0,True,11904,True
AREA_12,s_mon_chronos,frames,7,AREA_12/s_mon_chronos/004_m_chronos_s_mon_chronos_F07.png,15fa10391efd4cf6845c842d1e368edbc68803f21668fcaf547c7a30b90b9dd3,True,RGBA,0,True,5539,True
AREA_12,s_mon_chronos,icons,0,AREA_12/s_mon_chronos/004_m_chronos_s_mon_chronos_ICON.png,8ef173f7b2b1828a9a1d0a1bea800dd65dbf8f53cacbc29de389580470760e00,True,RGBA,0,True,11762,True
AREA_12,s_mon_timer,frames,0,AREA_12/s_mon_timer/005_m_timer_s_mon_timer_F00.png,714d877a505f5709574424ec7127d3f20447ab10fc2537a3a48b3f7a0d10d8d2,True,RGBA,0,True,5753,True
AREA_12,s_mon_timer,frames,1,AREA_12/s_mon_timer/005_m_timer_s_mon_timer_F01.png,f2b4932eab12522955511575abeab1ffb7b2c59aec76d1592641c2c96adfaaa8,True,RGBA,0,True,9812,True
AREA_12,s_mon_timer,frames,2,AREA_12/s_mon_timer/005_m_timer_s_mon_timer_F02.png,dc7d7fb08f091b58edab3310d654b6d49fea4a5c2cc645a2541ffbb67d64a108,True,RGBA,0,True,35566,True
AREA_12,s_mon_timer,frames,3,AREA_12/s_mon_timer/005_m_timer_s_mon_timer_F03.png,7bcd5657645bed35491ec86f24b27eb4617aca1fa87d824a0fedd9858b9d9b21,True,RGBA,0,True,59734,True
AREA_12,s_mon_timer,frames,4,AREA_12/s_mon_timer/005_m_timer_s_mon_timer_F04.png,5b1a298f96b911396c65c317b7270b08244c907cb9961058ab786e9fa788087b,True,RGBA,0,True,86626,True
AREA_12,s_mon_timer,frames,5,AREA_12/s_mon_timer/005_m_timer_s_mon_timer_F05.png,31c5d264879d0412d91d8ef096107a79e75c0dc50d4db59f0298c055edb7a0d4,True,RGBA,0,True,83153,True
AREA_12,s_mon_timer,frames,6,AREA_12/s_mon_timer/005_m_timer_s_mon_timer_F06.png,6c94dff46fb60de4ae9fa49607c91fcb98d82928adc530c3a8d67297b0ffd5a1,True,RGBA,0,True,131281,True
AREA_12,s_mon_timer,frames,7,AREA_12/s_mon_timer/005_m_timer_s_mon_timer_F07.png,ec05e5b908bfe4d39e88b33d8b9aec9dbdf805eaff1fbea77e43723c01e14e69,True,RGBA,0,True,99527,True
AREA_12,s_mon_timer,frames,8,AREA_12/s_mon_timer/005_m_timer_s_mon_timer_F08.png,06aa163cba658b9e921b0d34b14fffc1943a85d592563fb79268571aedd73922,True,RGBA,0,True,72078,True
AREA_12,s_mon_timer,frames,9,AREA_12/s_mon_timer/005_m_timer_s_mon_timer_F09.png,5dc885bbadb5e5320c827b317b3fed4d2313c9759c8298ff0b530356fa594ddf,True,RGBA,0,True,50927,True
AREA_12,s_mon_timer,frames,10,AREA_12/s_mon_timer/005_m_timer_s_mon_timer_F10.png,e6f764ffe4f90877039685df95868ff9c16a8d29a8e0da7328b6226aa731d93c,True,RGBA,0,True,31439,True
AREA_12,s_mon_timer,frames,11,AREA_12/s_mon_timer/005_m_timer_s_mon_timer_F11.png,76109ed331e3cae7c224168dfc5bf9b12e9781e78a48dc1f5c87a8886e7aa6e0,True,RGBA,0,True,14689,True
AREA_12,s_mon_timer,icons,0,AREA_12/s_mon_timer/005_m_timer_s_mon_timer_ICON.png,01cdc9aeb1d39715de465cc69ae3b1a4755376bfefadfa1104815343f40f4d10,True,RGBA,0,True,17602,True
AREA_13,s_mon_white_sand_rabbit,frames,0,AREA_13/s_mon_white_sand_rabbit/001_m_white_sand_rabbit_s_mon_white_sand_rabbit_F00.png,f46e75157bc19ef02a6f08ff00620b8e8a158c4163069086a7248de78753074f,True,RGBA,0,True,12856,True
AREA_13,s_mon_white_sand_rabbit,frames,1,AREA_13/s_mon_white_sand_rabbit/001_m_white_sand_rabbit_s_mon_white_sand_rabbit_F01.png,e6850d66f8aecc8bd2fa86cf4e7161896fa20bd47722fe651c624f1ff98e0853,True,RGBA,0,True,18144,True
AREA_13,s_mon_white_sand_rabbit,frames,2,AREA_13/s_mon_white_sand_rabbit/001_m_white_sand_rabbit_s_mon_white_sand_rabbit_F02.png,e4d32989c16389583449194d518ba2a26305ec956a27d96f7ef970643f3f1f0f,True,RGBA,0,True,22816,True
AREA_13,s_mon_white_sand_rabbit,frames,3,AREA_13/s_mon_white_sand_rabbit/001_m_white_sand_rabbit_s_mon_white_sand_rabbit_F03.png,a069f805c438cd12d8fdaf278ce5682b1cd170365ff09d4b540e7192fd15f89d,True,RGBA,0,True,28000,True
AREA_13,s_mon_white_sand_rabbit,frames,4,AREA_13/s_mon_white_sand_rabbit/001_m_white_sand_rabbit_s_mon_white_sand_rabbit_F04.png,1b0b3e6633e758d3ef31301e78208c5bcb232c7ceff909126a41a06bb04fe108,True,RGBA,0,True,36791,True
AREA_13,s_mon_white_sand_rabbit,frames,5,AREA_13/s_mon_white_sand_rabbit/001_m_white_sand_rabbit_s_mon_white_sand_rabbit_F05.png,a602f8e5436d677f81289b24bdb3ebcd1236b701e1125e62bc8d511bb2d1be02,True,RGBA,0,True,21826,True
AREA_13,s_mon_white_sand_rabbit,frames,6,AREA_13/s_mon_white_sand_rabbit/001_m_white_sand_rabbit_s_mon_white_sand_rabbit_F06.png,167649fd2d4414c5634419eb1c3aa28b009e0d1306b63339eea2d34d730326ba,True,RGBA,0,True,15096,True
AREA_13,s_mon_white_sand_rabbit,frames,7,AREA_13/s_mon_white_sand_rabbit/001_m_white_sand_rabbit_s_mon_white_sand_rabbit_F07.png,9cbd058834888e93495558044ec69e17a5ea6f8f22f6e37ead4add0f358e4cf4,True,RGBA,0,True,7728,True
AREA_13,s_mon_white_sand_rabbit,icons,0,AREA_13/s_mon_white_sand_rabbit/001_m_white_sand_rabbit_s_mon_white_sand_rabbit_ICON.png,407857440906fb8ae499e272b1a1184fc2a98799b0489faae5f82eba5172bc61,True,RGBA,0,True,10096,True
AREA_13,s_mon_scarf_plead,icons,0,AREA_13/s_mon_scarf_plead/002_m_scarf_plead_s_mon_scarf_plead_ICON.png,d5351f5ec26cf26b86918f17e507712e08513cb8217ab8aabc172abd61f4dfc6,True,RGBA,0,True,9470,True
AREA_13,s_mon_meercat,frames,0,AREA_13/s_mon_meercat/003_m_meercat_s_mon_meercat_F00.png,e5af8619d32df6ae21ad71849ea524db5a93f8f44b57d8eaa870f74fd402edc0,True,RGBA,0,True,6058,True
AREA_13,s_mon_meercat,frames,1,AREA_13/s_mon_meercat/003_m_meercat_s_mon_meercat_F01.png,9947d76c469f0da3cca9cde4dad9884ae8082037a6730a96448a04739f0467c8,True,RGBA,0,True,10909,True
AREA_13,s_mon_meercat,frames,2,AREA_13/s_mon_meercat/003_m_meercat_s_mon_meercat_F02.png,7b44bb9fda5d20142640374c14d77f08a43c2c73692066df645c152ad09a68be,True,RGBA,0,True,17276,True
AREA_13,s_mon_meercat,frames,3,AREA_13/s_mon_meercat/003_m_meercat_s_mon_meercat_F03.png,e2bc11ae2e1417b6f78fc3ebf3570802d373ef257500d46b46ba3081e35fe50a,True,RGBA,0,True,24189,True
AREA_13,s_mon_meercat,frames,4,AREA_13/s_mon_meercat/003_m_meercat_s_mon_meercat_F04.png,5993311dcada04edb50c3659bf92f99080ab87c9c40724014e3d050f4a1c3ea7,True,RGBA,0,True,39762,True
AREA_13,s_mon_meercat,frames,5,AREA_13/s_mon_meercat/003_m_meercat_s_mon_meercat_F05.png,23df4b874b4066d141c784f879a74716dd0488a3c6d54d92ca60ed9d4ff0b0e6,True,RGBA,0,True,29217,True
AREA_13,s_mon_meercat,frames,6,AREA_13/s_mon_meercat/003_m_meercat_s_mon_meercat_F06.png,c6aa029b91588edc470f7072347b5eb1981f13ea652b0fbd092ac9555810294e,True,RGBA,0,True,10553,True
AREA_13,s_mon_meercat,frames,7,AREA_13/s_mon_meercat/003_m_meercat_s_mon_meercat_F07.png,06d52280401414ff86b60ba4c9c4794c5a336a9a26128f3c258c1cf71eba8569,True,RGBA,0,True,5846,True
AREA_13,s_mon_meercat,icons,0,AREA_13/s_mon_meercat/003_m_meercat_s_mon_meercat_ICON.png,eb6bac0841d6cbd56415a5c4126fa88ad62165d31ce3bb3cb279f111894fc3ef,True,RGBA,0,True,13714,True
AREA_13,s_mon_sand_dwarf,icons,0,AREA_13/s_mon_sand_dwarf/004_m_sand_dwarf_s_mon_sand_dwarf_ICON.png,71b10e7823ee6dc16280d978828ff3cd35342a5c0f66b0ac91d954d62a5c8994,True,RGBA,0,True,14889,True
AREA_13,s_mon_deo,frames,0,AREA_13/s_mon_deo/005_m_deo_s_mon_deo_F00.png,03c4e635d462813b41ea48cc8d3183814b7577bf21c43d5cb63acdbc48a68cd0,True,RGBA,0,True,8675,True
AREA_13,s_mon_deo,frames,1,AREA_13/s_mon_deo/005_m_deo_s_mon_deo_F01.png,354e78aaa203e221c50bfa6aa46dec42ed895288ee3fdab384fac6ca10d322e5,True,RGBA,0,True,20571,True
AREA_13,s_mon_deo,frames,2,AREA_13/s_mon_deo/005_m_deo_s_mon_deo_F02.png,11d9e82220320a00741373445eeb452b26c9b1e41cd80316906ff41fd2a05c9f,True,RGBA,0,True,32818,True
AREA_13,s_mon_deo,frames,3,AREA_13/s_mon_deo/005_m_deo_s_mon_deo_F03.png,d28528b9ff86750f743cfe5283f760617e9e89c5e9f54af69f7767447014ee11,True,RGBA,0,True,46002,True
AREA_13,s_mon_deo,frames,4,AREA_13/s_mon_deo/005_m_deo_s_mon_deo_F04.png,b82f7b05105d76f74bd396409fde639a8ea5d68fa447fa8803c947d7e096df0f,True,RGBA,0,True,53317,True
AREA_13,s_mon_deo,frames,5,AREA_13/s_mon_deo/005_m_deo_s_mon_deo_F05.png,63150a035ed0a35ea20a13cf737f8b4c9f43bf1e3afd8a99042a354f47213312,True,RGBA,0,True,67722,True
AREA_13,s_mon_deo,frames,6,AREA_13/s_mon_deo/005_m_deo_s_mon_deo_F06.png,ac75ea4bd5146bb7be3fb78f7980eb59997552c80c63de3bc10198caad0a4062,True,RGBA,0,True,57292,True
AREA_13,s_mon_deo,frames,7,AREA_13/s_mon_deo/005_m_deo_s_mon_deo_F07.png,3b722061ebeb9bcb8df1ed3380c022d8ff4027b23c71b55c85f8cd5100f63350,True,RGBA,0,True,51582,True
AREA_13,s_mon_deo,frames,8,AREA_13/s_mon_deo/005_m_deo_s_mon_deo_F08.png,c8d34704f815f99ef4b191395a4388831068aba278efe586e1920009ccb5a25d,True,RGBA,0,True,37460,True
AREA_13,s_mon_deo,frames,9,AREA_13/s_mon_deo/005_m_deo_s_mon_deo_F09.png,59003ebecdcf1381f126d3e880c281d8c5ea8046804ceb109f8d1631eda46910,True,RGBA,0,True,30851,True
AREA_13,s_mon_deo,frames,10,AREA_13/s_mon_deo/005_m_deo_s_mon_deo_F10.png,90d23137ccffed45fb3bd7609010d4b394bb8a46c936e69a68c56907610eb145,True,RGBA,0,True,18838,True
AREA_13,s_mon_deo,frames,11,AREA_13/s_mon_deo/005_m_deo_s_mon_deo_F11.png,8df18329631c0d0233a19892f5a2410ea2283f4ae6d0d960b0179b79ae087507,True,RGBA,0,True,14150,True
AREA_13,s_mon_deo,icons,0,AREA_13/s_mon_deo/005_m_deo_s_mon_deo_ICON.png,3116e8711cadfc5bb95526223b5a9fc23cd997aceae03194efa842bc8799abc7,True,RGBA,0,True,18702,True
AREA_14,s_mon_cube_slime,icons,0,AREA_14/s_mon_cube_slime/001_m_cube_slime_s_mon_cube_slime_ICON.png,836758402dad2a010b6ce9c0cc167bd7fa60755e19e1e3bbd6b28351f6c8195d,True,RGBA,0,True,15015,True
AREA_14,s_mon_mithril_mutae,icons,0,AREA_14/s_mon_mithril_mutae/002_m_mithril_mutae_s_mon_mithril_mutae_ICON.png,9d4d8ca975f6ae0dd918b35a262dc7f1753ce5d53c840a1f48a5bb94ba307111,True,RGBA,0,True,15683,True
AREA_14,s_mon_homun,frames,0,AREA_14/s_mon_homun/003_m_homun_s_mon_homun_F00.png,e176ec84105431ec8e2f1644aa54c7dda57fea2357efe63bb203141d3ed37cdf,True,RGBA,0,True,5905,True
AREA_14,s_mon_homun,frames,1,AREA_14/s_mon_homun/003_m_homun_s_mon_homun_F01.png,3baf4aa8d483bd0b8ec858833fba5453aa6de9acc147b87fd944d29c3747de0e,True,RGBA,0,True,10816,True
AREA_14,s_mon_homun,frames,2,AREA_14/s_mon_homun/003_m_homun_s_mon_homun_F02.png,66c238216a661b5048a54359578893af14e08383dc278530b62a48ce3a547049,True,RGBA,0,True,19508,True
AREA_14,s_mon_homun,frames,3,AREA_14/s_mon_homun/003_m_homun_s_mon_homun_F03.png,271b6bdc76a1ca95a74cfe451e2c3a5bb45ddff6a2b109d9a1ab4b77e36271fa,True,RGBA,0,True,32080,True
AREA_14,s_mon_homun,frames,4,AREA_14/s_mon_homun/003_m_homun_s_mon_homun_F04.png,693b93b56fd62333c996ac341dba837acbb8aac1332e4a7ee44b0e51c36092f0,True,RGBA,0,True,55296,True
AREA_14,s_mon_homun,frames,5,AREA_14/s_mon_homun/003_m_homun_s_mon_homun_F05.png,c2369095b48c3658cb645939e875c56344fb62822a18e2ef12f916c67078d2f3,True,RGBA,0,True,35733,True
AREA_14,s_mon_homun,frames,6,AREA_14/s_mon_homun/003_m_homun_s_mon_homun_F06.png,3a6c59c08d4074a562664ee040e2383d6ffedf1a2d19dc6cea8004bdd3b64179,True,RGBA,0,True,16898,True
AREA_14,s_mon_homun,frames,7,AREA_14/s_mon_homun/003_m_homun_s_mon_homun_F07.png,9d3d5cbd96302820b968f90cfcc5ebde74fc418d8c1d4facd572734dabf66b7e,True,RGBA,0,True,9264,True
AREA_14,s_mon_homun,icons,0,AREA_14/s_mon_homun/003_m_homun_s_mon_homun_ICON.png,7bbce748e6a419c789017baff66d11ee1250c70b17c814f51b1a463aeaeafc54,True,RGBA,0,True,20289,True
AREA_14,s_mon_roid,frames,0,AREA_14/s_mon_roid/004_m_roid_s_mon_roid_F00.png,050f49bf5ccbad6d4a4c9164e7be76e5c664f009dc460b01174c80a1889c100c,True,RGBA,0,True,9330,True
AREA_14,s_mon_roid,frames,1,AREA_14/s_mon_roid/004_m_roid_s_mon_roid_F01.png,82d66c7ad0ad77c7b6bf24c16e7e0b6d3944facef08f80fe1207fddba58316bc,True,RGBA,0,True,10890,True
AREA_14,s_mon_roid,frames,2,AREA_14/s_mon_roid/004_m_roid_s_mon_roid_F02.png,4b128ef139943a799e1464f7072979989045ed1919787a535dfb2cdec933a407,True,RGBA,0,True,11980,True
AREA_14,s_mon_roid,frames,3,AREA_14/s_mon_roid/004_m_roid_s_mon_roid_F03.png,97c5ae755f1c5a0c11332abf54f206c2405a490c00247409f0046e65466fdca1,True,RGBA,0,True,15290,True
AREA_14,s_mon_roid,frames,4,AREA_14/s_mon_roid/004_m_roid_s_mon_roid_F04.png,6ac44546dc2292a39fdfc92d0c11d1ab15886dbb89210dab8b08aedf6e465ee0,True,RGBA,0,True,27829,True
AREA_14,s_mon_roid,frames,5,AREA_14/s_mon_roid/004_m_roid_s_mon_roid_F05.png,fccf8eee1a0c9076dcd38878fd8d804bfc41d539764ba9a380b0921ba7f7ac11,True,RGBA,0,True,22829,True
AREA_14,s_mon_roid,frames,6,AREA_14/s_mon_roid/004_m_roid_s_mon_roid_F06.png,472a6c6c66294000ca5a49919ebaf23b8b82830f39fe059c15386d422bad5c28,True,RGBA,0,True,12191,True
AREA_14,s_mon_roid,frames,7,AREA_14/s_mon_roid/004_m_roid_s_mon_roid_F07.png,49767275334f8506dc2fc140f34380f43fcd909fec309ee287fa965903089e76,True,RGBA,0,True,3160,True
AREA_14,s_mon_roid,icons,0,AREA_14/s_mon_roid/004_m_roid_s_mon_roid_ICON.png,06dc9c837338902e84f94c2f39f3fdf516d5b865a85cb0dedb82d406251c3aef,True,RGBA,0,True,7640,True
AREA_14,s_mon_chimera,frames,0,AREA_14/s_mon_chimera/005_m_chimera_s_mon_chimera_F00.png,52be3e00f0e086d28619d57973dff7f3c54bc9e0794670c145b7679fc03804ba,True,RGBA,0,True,14162,True
AREA_14,s_mon_chimera,frames,1,AREA_14/s_mon_chimera/005_m_chimera_s_mon_chimera_F01.png,2b608266999028f5b29df02ceb36e082e474cca2597990b91d85b3b867648961,True,RGBA,0,True,28202,True
AREA_14,s_mon_chimera,frames,2,AREA_14/s_mon_chimera/005_m_chimera_s_mon_chimera_F02.png,e42b014814711b8674ab1737aa27729c3b2f4ad578f659788e8f9cd50cd83664,True,RGBA,0,True,27722,True
AREA_14,s_mon_chimera,frames,3,AREA_14/s_mon_chimera/005_m_chimera_s_mon_chimera_F03.png,29fc6ce662b75d7d7a86d6945ee04b68e6a1e9f7276be79996c0718dc34a56e2,True,RGBA,0,True,31801,True
AREA_14,s_mon_chimera,frames,4,AREA_14/s_mon_chimera/005_m_chimera_s_mon_chimera_F04.png,3a924d1adc28bf6a2dfdd500771d249e551bef0ccbf3eb7e9b80381c09083e9e,True,RGBA,0,True,32452,True
AREA_14,s_mon_chimera,frames,5,AREA_14/s_mon_chimera/005_m_chimera_s_mon_chimera_F05.png,66c07e50794155b15d8e101f2a82dbf52b4c00e4ad87ccdacd860b31f4c55395,True,RGBA,0,True,31010,True
AREA_14,s_mon_chimera,frames,6,AREA_14/s_mon_chimera/005_m_chimera_s_mon_chimera_F06.png,5bfda517a866971eb75eaa1449f9f7b721c16a6292745d52d7212ad93aac727c,True,RGBA,0,True,57523,True
AREA_14,s_mon_chimera,frames,7,AREA_14/s_mon_chimera/005_m_chimera_s_mon_chimera_F07.png,1b1f879eb4162b575c6fa864f1184cb96f1305a18bcde55a2f71ac1820ee8082,True,RGBA,0,True,74048,True
AREA_14,s_mon_chimera,frames,8,AREA_14/s_mon_chimera/005_m_chimera_s_mon_chimera_F08.png,47cb82690acc0b7245b1f81acb5b6fe05857bd5b86a54c676bbdfc46a7bac07d,True,RGBA,0,True,43768,True
AREA_14,s_mon_chimera,frames,9,AREA_14/s_mon_chimera/005_m_chimera_s_mon_chimera_F09.png,8830a2226b82344a5ffcf6551422fcf8de763a5cbf3264ab4c8e8317309050f6,True,RGBA,0,True,31888,True
AREA_14,s_mon_chimera,frames,10,AREA_14/s_mon_chimera/005_m_chimera_s_mon_chimera_F10.png,7a1d5ccef3fc525a30dbb22841112fe903c33389239fe33100a1e455cc5494f1,True,RGBA,0,True,25768,True
AREA_14,s_mon_chimera,frames,11,AREA_14/s_mon_chimera/005_m_chimera_s_mon_chimera_F11.png,c2816932f4c367900b64e77872d7aca0fe5b81dea09420eba723f18ea9dc3151,True,RGBA,0,True,12305,True
AREA_14,s_mon_chimera,icons,0,AREA_14/s_mon_chimera/005_m_chimera_s_mon_chimera_ICON.png,a606e2d8ec6ea3e188949b1d844c4975ecfe3b490d5fc10edce357b498e5a17d,True,RGBA,0,True,17011,True
AREA_15,s_mon_straw_dummy,icons,0,AREA_15/s_mon_straw_dummy/001_m_straw_dummy_s_mon_straw_dummy_ICON.png,038c720908a42735c40506b16e0ed01e5504a54f1f0eadf811c5e287c81c6d1b,True,RGBA,0,True,9794,True
AREA_15,s_mon_wooden_dummy,frames,0,AREA_15/s_mon_wooden_dummy/002_m_wooden_dummy_s_mon_wooden_dummy_F00.png,725befbf28e481f92b3ad769c766d33d1bd9d3c467c455aec8dde5251119e311,True,RGBA,0,True,3979,True
AREA_15,s_mon_wooden_dummy,frames,1,AREA_15/s_mon_wooden_dummy/002_m_wooden_dummy_s_mon_wooden_dummy_F01.png,8fd7f7c1d704f7eec4d4fea6432ddf79bafc4275f09b2d520e112a2dfd9128aa,True,RGBA,0,True,9709,True
AREA_15,s_mon_wooden_dummy,frames,2,AREA_15/s_mon_wooden_dummy/002_m_wooden_dummy_s_mon_wooden_dummy_F02.png,a312ee0a932bcb250cb6efe97dd35de42cbeeb75ecb16e1387485c43c62d83eb,True,RGBA,0,True,16406,True
AREA_15,s_mon_wooden_dummy,frames,3,AREA_15/s_mon_wooden_dummy/002_m_wooden_dummy_s_mon_wooden_dummy_F03.png,97eb95837200e9519d6d0d5c20602bec4d9d2b96c2ce9bea9af477d7fc1f04ee,True,RGBA,0,True,18189,True
AREA_15,s_mon_wooden_dummy,frames,4,AREA_15/s_mon_wooden_dummy/002_m_wooden_dummy_s_mon_wooden_dummy_F04.png,95878ab18cc4eb328729927681b5250e6c19d427b54d6f4784ecc685082f136a,True,RGBA,0,True,21701,True
AREA_15,s_mon_wooden_dummy,frames,5,AREA_15/s_mon_wooden_dummy/002_m_wooden_dummy_s_mon_wooden_dummy_F05.png,8b65f657ef443ebe2f56aa7415594664a973b06d52b51d4cc810790ba4c4f5ac,True,RGBA,0,True,12166,True
AREA_15,s_mon_wooden_dummy,frames,6,AREA_15/s_mon_wooden_dummy/002_m_wooden_dummy_s_mon_wooden_dummy_F06.png,ce0c5c2125fd2a0bbaa152329e56471db55317d4952d2c31a4bd8afef5af93a1,True,RGBA,0,True,8413,True
AREA_15,s_mon_wooden_dummy,frames,7,AREA_15/s_mon_wooden_dummy/002_m_wooden_dummy_s_mon_wooden_dummy_F07.png,c35785b02db3df1c7692d1be1200a35b931377e863b621827adf7e37e01ce4d9,True,RGBA,0,True,4294,True
AREA_15,s_mon_wooden_dummy,icons,0,AREA_15/s_mon_wooden_dummy/002_m_wooden_dummy_s_mon_wooden_dummy_ICON.png,692793049628afa5a636c637cd7076d7c45224c49282648f7aee9efc3010e6ef,True,RGBA,0,True,11713,True
AREA_15,s_mon_peach_monkey,frames,0,AREA_15/s_mon_peach_monkey/003_m_peach_monkey_s_mon_peach_monkey_F00.png,3eb2e409b83485f0adc9fe60374bff88ae55aa1f6aa8cc1b0e599bd4cb344cd5,True,RGBA,0,True,9750,True
AREA_15,s_mon_peach_monkey,frames,1,AREA_15/s_mon_peach_monkey/003_m_peach_monkey_s_mon_peach_monkey_F01.png,256ba268bf68ba2c3c5fa9db6ce92056955f7a16c8cd8e01c85df27394821f88,True,RGBA,0,True,12429,True
AREA_15,s_mon_peach_monkey,frames,2,AREA_15/s_mon_peach_monkey/003_m_peach_monkey_s_mon_peach_monkey_F02.png,a243270ac2f401010e4c7135de47c934ea09509c246c5567594b9b27ce338dca,True,RGBA,0,True,13872,True
AREA_15,s_mon_peach_monkey,frames,3,AREA_15/s_mon_peach_monkey/003_m_peach_monkey_s_mon_peach_monkey_F03.png,ba8d55c0e539766d88203bfef90260e2646c36aa0c6c99b61037bed390f3aada,True,RGBA,0,True,10431,True
AREA_15,s_mon_peach_monkey,frames,4,AREA_15/s_mon_peach_monkey/003_m_peach_monkey_s_mon_peach_monkey_F04.png,4dbaaa2ad4049538731b014e133628e5b4f967ab2f3a1adbecbe39ae4b97f961,True,RGBA,0,True,22039,True
AREA_15,s_mon_peach_monkey,frames,5,AREA_15/s_mon_peach_monkey/003_m_peach_monkey_s_mon_peach_monkey_F05.png,338365bfb8958118f68ce11ab2f818f085ab621ad8f1aa632699c0d8b5a3bc42,True,RGBA,0,True,20099,True
AREA_15,s_mon_peach_monkey,frames,6,AREA_15/s_mon_peach_monkey/003_m_peach_monkey_s_mon_peach_monkey_F06.png,a83d678f0601de1a515b5400c3363469e9597b9c03c4e3e633f3983017f5a8df,True,RGBA,0,True,10115,True
AREA_15,s_mon_peach_monkey,frames,7,AREA_15/s_mon_peach_monkey/003_m_peach_monkey_s_mon_peach_monkey_F07.png,cec551cb17c9fba0061cde6e42893d560e1aa3006e90a96d0ecfdc1564f87fc7,True,RGBA,0,True,2769,True
AREA_15,s_mon_peach_monkey,icons,0,AREA_15/s_mon_peach_monkey/003_m_peach_monkey_s_mon_peach_monkey_ICON.png,1b74ab7836b64146d4505c55d758cdf6568ae2d33baf6f9b13383b2a5d2904d1,True,RGBA,0,True,9614,True
AREA_15,s_mon_blue_flower_serpent,icons,0,AREA_15/s_mon_blue_flower_serpent/004_m_blue_flower_serpent_s_mon_blue_flower_serpent_ICON.png,2854bc16f7765fa697fdc5d6e659e7a94225f9e2d664c062f7845861dc991ce6,True,RGBA,0,True,12044,True
AREA_15,s_mon_tae_roon,frames,0,AREA_15/s_mon_tae_roon/005_m_tae_roon_s_mon_tae_roon_F00.png,84c0756078a4e96a715aa262ee376eed852d371686e3be53a45c2695df147616,True,RGBA,0,True,13416,True
AREA_15,s_mon_tae_roon,frames,1,AREA_15/s_mon_tae_roon/005_m_tae_roon_s_mon_tae_roon_F01.png,b543b6019e00dbde5064e75f5c4a5d99a15b8581a3155886802312968809b21b,True,RGBA,0,True,20658,True
AREA_15,s_mon_tae_roon,frames,2,AREA_15/s_mon_tae_roon/005_m_tae_roon_s_mon_tae_roon_F02.png,22fe85ef6394ef59c3d0d99a223fcfd82f23052c511af905f9dccb98b414a8a7,True,RGBA,0,True,33032,True
AREA_15,s_mon_tae_roon,frames,3,AREA_15/s_mon_tae_roon/005_m_tae_roon_s_mon_tae_roon_F03.png,0464632a10bc036823ddaa69ab284b12c5d7c21e5da79ebfd7e29209b86f4a98,True,RGBA,0,True,42561,True
AREA_15,s_mon_tae_roon,frames,4,AREA_15/s_mon_tae_roon/005_m_tae_roon_s_mon_tae_roon_F04.png,992bc83e34a80830a9e26e8c8a7e1c72d96719dc102662132d777ac4eb2ecbe3,True,RGBA,0,True,44500,True
AREA_15,s_mon_tae_roon,frames,5,AREA_15/s_mon_tae_roon/005_m_tae_roon_s_mon_tae_roon_F05.png,23a6771c8fceeee268e2c90c507b049904d0fdede5baeba6d14062cdc3227c46,True,RGBA,0,True,53802,True
AREA_15,s_mon_tae_roon,frames,6,AREA_15/s_mon_tae_roon/005_m_tae_roon_s_mon_tae_roon_F06.png,f92abaf67f369bdefe775d66819e0a9db3699e1c9d6aacafcb361e1c9dec58b5,True,RGBA,0,True,60728,True
AREA_15,s_mon_tae_roon,frames,7,AREA_15/s_mon_tae_roon/005_m_tae_roon_s_mon_tae_roon_F07.png,c28af2a46e274212ac25bac98964567694f26d9cb18a83781d295ca519535cb0,True,RGBA,0,True,33313,True
AREA_15,s_mon_tae_roon,frames,8,AREA_15/s_mon_tae_roon/005_m_tae_roon_s_mon_tae_roon_F08.png,1e90118c9371e7f59d4b918e80fc8f528fee10c7aec3c5b3c0beba5e71813879,True,RGBA,0,True,27579,True
AREA_15,s_mon_tae_roon,frames,9,AREA_15/s_mon_tae_roon/005_m_tae_roon_s_mon_tae_roon_F09.png,cedf1c595ad66cd8809e35587badaa6e00b56ff297b22af20d2119201f16548a,True,RGBA,0,True,17896,True
AREA_15,s_mon_tae_roon,frames,10,AREA_15/s_mon_tae_roon/005_m_tae_roon_s_mon_tae_roon_F10.png,81407ff97f36a1a07d6164642ca145d9d06b07cd0c092d79ce5fb9fce807e5ce,True,RGBA,0,True,11786,True
AREA_15,s_mon_tae_roon,frames,11,AREA_15/s_mon_tae_roon/005_m_tae_roon_s_mon_tae_roon_F11.png,40ad24d44b595ce0fe142bc28fcf78077c72b25a9a1d39eb0f222baccbc5584e,True,RGBA,0,True,5536,True
AREA_15,s_mon_tae_roon,icons,0,AREA_15/s_mon_tae_roon/005_m_tae_roon_s_mon_tae_roon_ICON.png,b1756c6c9f3290c671f6eaecbdf5cc93c4a5227ba9a28d79002c7a6042505143,True,RGBA,0,True,14661,True
AREA_16,s_mon_harp,icons,0,AREA_16/s_mon_harp/001_m_harp_s_mon_harp_ICON.png,bad42e4a2a5bdda161d34a55929806914ed1a3c70df5f8c3f6aabd3fe20a459d,True,RGBA,0,True,23691,True
AREA_16,s_mon_blood_harp,frames,0,AREA_16/s_mon_blood_harp/002_m_blood_harp_s_mon_blood_harp_F00.png,17fc40f4ed38937a1608ae495198eaaf013346483735207fb71b5e761dc78716,True,RGBA,0,True,3858,True
AREA_16,s_mon_blood_harp,frames,1,AREA_16/s_mon_blood_harp/002_m_blood_harp_s_mon_blood_harp_F01.png,02ba29cfa20c698cd451f64b1163e3e3d4d8826bca5ae38ed9945b285f5fa8f7,True,RGBA,0,True,10863,True
AREA_16,s_mon_blood_harp,frames,2,AREA_16/s_mon_blood_harp/002_m_blood_harp_s_mon_blood_harp_F02.png,fd9fff2fea204434986cc18b100b09dfb02a7a7ab76b43030d7dc211ed10b8de,True,RGBA,0,True,11734,True
AREA_16,s_mon_blood_harp,frames,3,AREA_16/s_mon_blood_harp/002_m_blood_harp_s_mon_blood_harp_F03.png,fc32f756a4146c316c65d8619b057e654baaa21ab1854e64840619ed96c0cf87,True,RGBA,0,True,28933,True
AREA_16,s_mon_blood_harp,frames,4,AREA_16/s_mon_blood_harp/002_m_blood_harp_s_mon_blood_harp_F04.png,71da3fd361529217fd6968a07d5c82713eed3e4c1d51483d22fd03718be6d938,True,RGBA,0,True,36435,True
AREA_16,s_mon_blood_harp,frames,5,AREA_16/s_mon_blood_harp/002_m_blood_harp_s_mon_blood_harp_F05.png,f1330249048ba138146f8ec9084f605bd399b9fcc00b164d49addaa01dc0ec3f,True,RGBA,0,True,18491,True
AREA_16,s_mon_blood_harp,frames,6,AREA_16/s_mon_blood_harp/002_m_blood_harp_s_mon_blood_harp_F06.png,80f2ed0badf7510d71b80d2d1b45c49c5842d8e64bef5293f85fa62c0824ef59,True,RGBA,0,True,4193,True
AREA_16,s_mon_blood_harp,frames,7,AREA_16/s_mon_blood_harp/002_m_blood_harp_s_mon_blood_harp_F07.png,c2e5c3dcb7d69d624746b0911ee7dc36cd0690886ae3418d183f08ec187b4244,True,RGBA,0,True,2437,True
AREA_16,s_mon_blood_harp,icons,0,AREA_16/s_mon_blood_harp/002_m_blood_harp_s_mon_blood_harp_ICON.png,784c289c12f3bc09682655c669acabee5379febab21300cbcf037d4466cc05dd,True,RGBA,0,True,14000,True
AREA_16,s_mon_blue_wyvern,frames,0,AREA_16/s_mon_blue_wyvern/003_m_blue_wyvern_s_mon_blue_wyvern_F00.png,4574d096b74c8210fd388cdaba0633df1d7675acec4124a56a7dd1a6cfdb7e7c,True,RGBA,0,True,2931,True
AREA_16,s_mon_blue_wyvern,frames,1,AREA_16/s_mon_blue_wyvern/003_m_blue_wyvern_s_mon_blue_wyvern_F01.png,b2e7388c87f637311576e3dd506596c5d9d0a508c2c5281a332407c8eda293ec,True,RGBA,0,True,13125,True
AREA_16,s_mon_blue_wyvern,frames,2,AREA_16/s_mon_blue_wyvern/003_m_blue_wyvern_s_mon_blue_wyvern_F02.png,9ccf00e0f691b6881f780ae5f0695ebc41ffcd9f4596db506ebbb51a823a970e,True,RGBA,0,True,22778,True
AREA_16,s_mon_blue_wyvern,frames,3,AREA_16/s_mon_blue_wyvern/003_m_blue_wyvern_s_mon_blue_wyvern_F03.png,a16ef62753852b333c9291a9c764460b4f0cdeb041b7d958e96ea1b692e9f138,True,RGBA,0,True,22677,True
AREA_16,s_mon_blue_wyvern,frames,4,AREA_16/s_mon_blue_wyvern/003_m_blue_wyvern_s_mon_blue_wyvern_F04.png,2554f3b9899464f1286cfde40684cc5c5b69c04f5d1e90d10ed11eb0aa309c8f,True,RGBA,0,True,27064,True
AREA_16,s_mon_blue_wyvern,frames,5,AREA_16/s_mon_blue_wyvern/003_m_blue_wyvern_s_mon_blue_wyvern_F05.png,a523d888e33b24978b3853a834e4098c1ce46550bc1fb25b0480859ef50afeae,True,RGBA,0,True,23386,True
AREA_16,s_mon_blue_wyvern,frames,6,AREA_16/s_mon_blue_wyvern/003_m_blue_wyvern_s_mon_blue_wyvern_F06.png,2300bc9b436086e03a3ae060c6627ae201dad2207af76005286eae48d1108a4f,True,RGBA,0,True,14566,True
AREA_16,s_mon_blue_wyvern,frames,7,AREA_16/s_mon_blue_wyvern/003_m_blue_wyvern_s_mon_blue_wyvern_F07.png,67b1783ec5d7f4a9ca7e81186d9e187906f8b70e7099c1168114d8840337b42f,True,RGBA,0,True,2195,True
AREA_16,s_mon_blue_wyvern,icons,0,AREA_16/s_mon_blue_wyvern/003_m_blue_wyvern_s_mon_blue_wyvern_ICON.png,8abf0e1a6c3b529ad8d41c0d33b49305102dada6315d1da33c98bc69ae2e4162,True,RGBA,0,True,24754,True
AREA_16,s_mon_dark_wyvern,icons,0,AREA_16/s_mon_dark_wyvern/004_m_dark_wyvern_s_mon_dark_wyvern_ICON.png,6068820f65c72028c568f03d2f8b2e3c180a257700c980554cf0ed4f72ce829f,True,RGBA,0,True,19561,True
AREA_16,s_mon_manon,frames,0,AREA_16/s_mon_manon/005_m_manon_s_mon_manon_F00.png,6376468c85e23ae647910803b8f780a4ace67ef0cd19aec6fc28e8d233145852,True,RGBA,0,True,6858,True
AREA_16,s_mon_manon,frames,1,AREA_16/s_mon_manon/005_m_manon_s_mon_manon_F01.png,833dc5d1c1dfab5f755b35255c731abc442ea9212e8c79728d9472ea088acdc3,True,RGBA,0,True,17444,True
AREA_16,s_mon_manon,frames,2,AREA_16/s_mon_manon/005_m_manon_s_mon_manon_F02.png,a6aff8cdc5539da80b7d62e375ab33f0e0c8c206541b5f2ba0d7b35e9086517d,True,RGBA,0,True,31176,True
AREA_16,s_mon_manon,frames,3,AREA_16/s_mon_manon/005_m_manon_s_mon_manon_F03.png,3d498fb229d2277fb123b15cd810fcf41c8b999cf60c6c70e13cb118280feb36,True,RGBA,0,True,54036,True
AREA_16,s_mon_manon,frames,4,AREA_16/s_mon_manon/005_m_manon_s_mon_manon_F04.png,6a107824cdfc534d21f56a890b0c8489a2feb3cd23445327d88ddf64cb73dec4,True,RGBA,0,True,61897,True
AREA_16,s_mon_manon,frames,5,AREA_16/s_mon_manon/005_m_manon_s_mon_manon_F05.png,32f26a3125ae127e732f492a8bd31587518ca10b283cd6e231d314923f29f79f,True,RGBA,0,True,54340,True
AREA_16,s_mon_manon,frames,6,AREA_16/s_mon_manon/005_m_manon_s_mon_manon_F06.png,469f040e3858cc1124eab53e505f65d40b4800ad9b2a13d11d51dd36510e5507,True,RGBA,0,True,63817,True
AREA_16,s_mon_manon,frames,7,AREA_16/s_mon_manon/005_m_manon_s_mon_manon_F07.png,a72966d9b01e9a3759ef854aabcb5257a12e5a0f950f86d986b7b9e5254a6d74,True,RGBA,0,True,44558,True
AREA_16,s_mon_manon,frames,8,AREA_16/s_mon_manon/005_m_manon_s_mon_manon_F08.png,34294a393dd212192a11a7d021dafd574667feacda5502340df899ca5ed72d33,True,RGBA,0,True,30069,True
AREA_16,s_mon_manon,frames,9,AREA_16/s_mon_manon/005_m_manon_s_mon_manon_F09.png,29e3ef250c08dda1b1ef69e742c0e4742c851a9cf0df8a1caf32a73388c31992,True,RGBA,0,True,20851,True
AREA_16,s_mon_manon,frames,10,AREA_16/s_mon_manon/005_m_manon_s_mon_manon_F10.png,9554bf5e2e799b010118461aa1b024c179d359210184d403615b0ec37a0e1b2a,True,RGBA,0,True,3622,True
AREA_16,s_mon_manon,frames,11,AREA_16/s_mon_manon/005_m_manon_s_mon_manon_F11.png,bc51493b02aca3b892112ecf20d5080475101017f6bee3da1e813523e7646f94,True,RGBA,0,True,3549,True
AREA_16,s_mon_manon,icons,0,AREA_16/s_mon_manon/005_m_manon_s_mon_manon_ICON.png,0842f03ab9e289f1478639ad7e193a77feb4ca81e9cd3c8ebc9b583f82c2916a,True,RGBA,0,True,22906,True
AREA_17,s_mon_memory_monk,icons,0,AREA_17/s_mon_memory_monk/001_m_memory_monk_s_mon_memory_monk_ICON.png,723514e9bf18927de27e0e43316c5709e77059e98a8d59e376cfa37a8657913e,True,RGBA,0,True,5176,True
AREA_17,s_mon_memory_monk_trainee,frames,0,AREA_17/s_mon_memory_monk_trainee/002_m_memory_monk_trainee_s_mon_memory_monk_trainee_F00.png,884112f6d4d03a1b844971d38a64f6538c39594ed3665c704d0f48457e892068,False,RGBA,0,True,565,True
AREA_17,s_mon_memory_monk_trainee,frames,1,AREA_17/s_mon_memory_monk_trainee/002_m_memory_monk_trainee_s_mon_memory_monk_trainee_F01.png,5314e5eb9db72c91cc4753b250d3bb156164fb0de9ba573b70c2075a89e5d768,False,RGBA,0,True,1256,True
AREA_17,s_mon_memory_monk_trainee,frames,2,AREA_17/s_mon_memory_monk_trainee/002_m_memory_monk_trainee_s_mon_memory_monk_trainee_F02.png,9f3440de7c5405508130f0df72385729e078399597b070de3467ffb822c8d4a8,False,RGBA,0,True,2492,True
AREA_17,s_mon_memory_monk_trainee,frames,3,AREA_17/s_mon_memory_monk_trainee/002_m_memory_monk_trainee_s_mon_memory_monk_trainee_F03.png,99d30ca2fad95a64bbac7acbcb79c8469e890d0f8c09a4279fa92bd453153bde,False,RGBA,0,True,3028,True
AREA_17,s_mon_memory_monk_trainee,frames,4,AREA_17/s_mon_memory_monk_trainee/002_m_memory_monk_trainee_s_mon_memory_monk_trainee_F04.png,99ce7d192543101f4c8055c20262ebe6344383d6a6938afb324521ea7bc383b3,False,RGBA,0,True,3455,True
AREA_17,s_mon_memory_monk_trainee,frames,5,AREA_17/s_mon_memory_monk_trainee/002_m_memory_monk_trainee_s_mon_memory_monk_trainee_F05.png,a7fae78632745bd94a3c508c1c0be353d970e8e45a5c8f74235ed380d3f89f06,False,RGBA,0,True,3330,True
AREA_17,s_mon_memory_monk_trainee,frames,6,AREA_17/s_mon_memory_monk_trainee/002_m_memory_monk_trainee_s_mon_memory_monk_trainee_F06.png,e9acffd89ea6325e7fccd8e43ebf6f8a5bdce9e86ba4a9ec9a31a74c67136a0a,False,RGBA,0,True,1324,True
AREA_17,s_mon_memory_monk_trainee,frames,7,AREA_17/s_mon_memory_monk_trainee/002_m_memory_monk_trainee_s_mon_memory_monk_trainee_F07.png,e16cf01cd862eb1e129b221d70bd3ae5f56f524af0222c261aeb1fd0555f7903,False,RGBA,0,True,278,True
AREA_17,s_mon_memory_monk_trainee,icons,0,AREA_17/s_mon_memory_monk_trainee/002_m_memory_monk_trainee_s_mon_memory_monk_trainee_ICON.png,e6e891363d87fd334fc9775e4739189cc68ee2bf274dd48620f4feaec53247ef,True,RGBA,0,True,3215,True
AREA_17,s_mon_memory_guardian,icons,0,AREA_17/s_mon_memory_guardian/003_m_memory_guardian_s_mon_memory_guardian_ICON.png,7aa4461b6419716cc79d008f50e5fca24857d99a4b1cff5deea45bd00c46a048,True,RGBA,0,True,1860,True
AREA_17,s_mon_chief_memory_guardian,frames,0,AREA_17/s_mon_chief_memory_guardian/004_m_chief_memory_guardian_s_mon_chief_memory_guardian_F00.png,5dae5c06cc7e3ba2fe5951cd3baac980064c8807068a0696bc9f96bd7d036884,False,RGBA,0,True,2014,True
AREA_17,s_mon_chief_memory_guardian,frames,1,AREA_17/s_mon_chief_memory_guardian/004_m_chief_memory_guardian_s_mon_chief_memory_guardian_F01.png,a9ef471870d1d57b32f9b00757e0ebdc30c2c4a7db72fa5856b8589f2febd942,False,RGBA,0,True,2870,True
AREA_17,s_mon_chief_memory_guardian,frames,2,AREA_17/s_mon_chief_memory_guardian/004_m_chief_memory_guardian_s_mon_chief_memory_guardian_F02.png,55893c713d35c9368b8ca5913486c4353eb2c11228ae3802915c7660153b3a50,False,RGBA,0,True,2668,True
AREA_17,s_mon_chief_memory_guardian,frames,3,AREA_17/s_mon_chief_memory_guardian/004_m_chief_memory_guardian_s_mon_chief_memory_guardian_F03.png,e8a84c109d544085430b266497933579a9ad0c0e5bc77d2b7c25a6a3a6cbb1cc,False,RGBA,0,True,3005,True
AREA_17,s_mon_chief_memory_guardian,frames,4,AREA_17/s_mon_chief_memory_guardian/004_m_chief_memory_guardian_s_mon_chief_memory_guardian_F04.png,61cb8730a3d8938a5612598ada689aeec7de3daa51514acede8b6d8d68b212b4,False,RGBA,0,True,3630,True
AREA_17,s_mon_chief_memory_guardian,frames,5,AREA_17/s_mon_chief_memory_guardian/004_m_chief_memory_guardian_s_mon_chief_memory_guardian_F05.png,dd24e94eb3327f4b7f8b139b22ea9b49596e0dd5657640891634172e53aeadb2,False,RGBA,0,True,4206,True
AREA_17,s_mon_chief_memory_guardian,frames,6,AREA_17/s_mon_chief_memory_guardian/004_m_chief_memory_guardian_s_mon_chief_memory_guardian_F06.png,c6c846b1e4771b914519a92b9acf11bf05fc5c3259e630e2287f3112d4f29a9c,False,RGBA,0,True,4187,True
AREA_17,s_mon_chief_memory_guardian,frames,7,AREA_17/s_mon_chief_memory_guardian/004_m_chief_memory_guardian_s_mon_chief_memory_guardian_F07.png,5f2fe6d8a9109ab85434191ae5d70c5175ab51859efd1bea0d9e99ea722611cb,False,RGBA,0,True,1684,True
AREA_17,s_mon_chief_memory_guardian,icons,0,AREA_17/s_mon_chief_memory_guardian/004_m_chief_memory_guardian_s_mon_chief_memory_guardian_ICON.png,67b9daef0f00cbe02b55ff74ba1cc51ca9e3a4e772d952bbfe2fd52aeaff404c,True,RGBA,0,True,6289,True
AREA_17,s_mon_dodo,frames,0,AREA_17/s_mon_dodo/005_m_dodo_s_mon_dodo_F00.png,5cfdd30385353d76e6c7c126bf9565f20789fc99f06b1183f5576212d97ce135,False,RGBA,0,True,804,True
AREA_17,s_mon_dodo,frames,1,AREA_17/s_mon_dodo/005_m_dodo_s_mon_dodo_F01.png,32bf5397ac06af5dd7af9a8b40bad277f0eb8d152d37074a3652672d8629aa41,False,RGBA,0,True,1186,True
AREA_17,s_mon_dodo,frames,2,AREA_17/s_mon_dodo/005_m_dodo_s_mon_dodo_F02.png,710002ab2db14510e595cb78f95d07ec21354fb649f0e8a65e2fc03aaa943b5b,False,RGBA,0,True,1897,True
AREA_17,s_mon_dodo,frames,3,AREA_17/s_mon_dodo/005_m_dodo_s_mon_dodo_F03.png,6490fb2c0819b1cef1cb83232089ca8198286beabe2ca156bd694ffe0cfcfd20,False,RGBA,0,True,2963,True
AREA_17,s_mon_dodo,frames,4,AREA_17/s_mon_dodo/005_m_dodo_s_mon_dodo_F04.png,54c4880b60587934848f6bad1462b3fd9167726d155683d90af63e98ee223daf,False,RGBA,0,True,2709,True
AREA_17,s_mon_dodo,frames,5,AREA_17/s_mon_dodo/005_m_dodo_s_mon_dodo_F05.png,5b1cbbe63c8aa6463a5c90da0142c32f5660ae46b3eb1de84c4ebafdb7ce4fe7,False,RGBA,0,True,2893,True
AREA_17,s_mon_dodo,frames,6,AREA_17/s_mon_dodo/005_m_dodo_s_mon_dodo_F06.png,10560e76b22277357fa389e5cc3016830d599562ce2b7187d617c0c600003872,False,RGBA,0,True,3400,True
AREA_17,s_mon_dodo,frames,7,AREA_17/s_mon_dodo/005_m_dodo_s_mon_dodo_F07.png,a3a786608dea01a3a1c129cbd968b452ebc8a42bc83c8b8b3e1cb6a5d53a6312,False,RGBA,0,True,4493,True
AREA_17,s_mon_dodo,frames,8,AREA_17/s_mon_dodo/005_m_dodo_s_mon_dodo_F08.png,e80bdfe2a625a22191c8c7a8ceb6a759d463d51382f5bc98eb6f33202162cd94,False,RGBA,0,True,3890,True
AREA_17,s_mon_dodo,frames,9,AREA_17/s_mon_dodo/005_m_dodo_s_mon_dodo_F09.png,470c3122c3bd197ab9372e1ec5491dbc95ea2fa65cbc1b679f9396a71fd95a7c,False,RGBA,0,True,1917,True
AREA_17,s_mon_dodo,frames,10,AREA_17/s_mon_dodo/005_m_dodo_s_mon_dodo_F10.png,aeace0921e96632b2af7a40fe8e6ae6012f918c4af06e39ac5c25864649d9aac,False,RGBA,0,True,872,True
AREA_17,s_mon_dodo,frames,11,AREA_17/s_mon_dodo/005_m_dodo_s_mon_dodo_F11.png,96a12810d879f3365909a12a100255f5bf8c2397e3c200c1bfdeb91cfa46b279,False,RGBA,0,True,343,True
AREA_17,s_mon_dodo,icons,0,AREA_17/s_mon_dodo/005_m_dodo_s_mon_dodo_ICON.png,9efff0e57c7a13f937d017818a5b55df676366db7b8f0e5c69e27e7da91ea03d,True,RGBA,0,True,7186,True
AREA_18,s_mon_mateon,frames,0,AREA_18/s_mon_mateon/001_m_mateon_s_mon_mateon_F00.png,338eec074a8d5a97fa65c87cbc7798c8e09f2511b021620efd427fd9e826a299,True,RGBA,0,True,13440,True
AREA_18,s_mon_mateon,frames,1,AREA_18/s_mon_mateon/001_m_mateon_s_mon_mateon_F01.png,82d3132c4814887605c51d6af502e1873f3591c8b4bdbdc5846c14aee458e7fa,True,RGBA,0,True,26415,True
AREA_18,s_mon_mateon,frames,2,AREA_18/s_mon_mateon/001_m_mateon_s_mon_mateon_F02.png,af1f1061a2c66ab41e0b4140176f34021c97091d643f06c5dacf8e47f36850ec,True,RGBA,0,True,22452,True
AREA_18,s_mon_mateon,frames,3,AREA_18/s_mon_mateon/001_m_mateon_s_mon_mateon_F03.png,9406821b4584a5e5ef4035143a6d0cfde857de4e0df6ecffa282c7ddc77f7ded,True,RGBA,0,True,28643,True
AREA_18,s_mon_mateon,frames,4,AREA_18/s_mon_mateon/001_m_mateon_s_mon_mateon_F04.png,ce6ba1228a701241fe92450954c3d2e80ce3d75d3ce91211f6fe999354e87fa3,True,RGBA,0,True,33643,True
AREA_18,s_mon_mateon,frames,5,AREA_18/s_mon_mateon/001_m_mateon_s_mon_mateon_F05.png,adf38e05791a40206fd4f2598c2d2b6ffef9458af7af2873408806e75126eb38,True,RGBA,0,True,52850,True
AREA_18,s_mon_mateon,frames,6,AREA_18/s_mon_mateon/001_m_mateon_s_mon_mateon_F06.png,3c327b8af66972a974132ff14c2646ada93ce400aea437c67e794c6dab719033,True,RGBA,0,True,45143,True
AREA_18,s_mon_mateon,frames,7,AREA_18/s_mon_mateon/001_m_mateon_s_mon_mateon_F07.png,10524ff8d7bcd47276abd0a5d0429d6af5110bba0293b296c6f635bc0a8f02fb,True,RGBA,0,True,24018,True
AREA_18,s_mon_mateon,icons,0,AREA_18/s_mon_mateon/001_m_mateon_s_mon_mateon_ICON.png,69ae7e34f143989205d34578421e571c8c379b13ec67351f9a751a9bbdf1fbb3,True,RGBA,0,True,12145,True
AREA_18,s_mon_plateon,icons,0,AREA_18/s_mon_plateon/002_m_plateon_s_mon_plateon_ICON.png,62af2fd50b11389e3d9710c59a191dad8dfc0188a687c94a109b3fc0886b8a75,True,RGBA,0,True,19369,True
AREA_18,s_mon_mecateon,frames,0,AREA_18/s_mon_mecateon/003_m_mecateon_s_mon_mecateon_F00.png,8b270b0b6d8d978fb8e3b0ee9f95c96912923bec31f0820b82a903c6c2349f30,True,RGBA,0,True,16980,True
AREA_18,s_mon_mecateon,frames,1,AREA_18/s_mon_mecateon/003_m_mecateon_s_mon_mecateon_F01.png,5e59363b020a5fdf55fa456140eead0d594d1cfb585503d5984caedfbff027ca,True,RGBA,0,True,26470,True
AREA_18,s_mon_mecateon,frames,2,AREA_18/s_mon_mecateon/003_m_mecateon_s_mon_mecateon_F02.png,c4fcbebf2367177c8a1b2f911c96eaf3c27d776f204367e18ae117497ba62390,True,RGBA,0,True,22767,True
AREA_18,s_mon_mecateon,frames,3,AREA_18/s_mon_mecateon/003_m_mecateon_s_mon_mecateon_F03.png,da1c0f354d5b51498b88bddc66437395edd64d42e78ae48c5f7d4f9b07b1a436,True,RGBA,0,True,33616,True
AREA_18,s_mon_mecateon,frames,4,AREA_18/s_mon_mecateon/003_m_mecateon_s_mon_mecateon_F04.png,4cd94c63aaeb2c05a768e4944389119289903500e7b8e85382adf51246812060,True,RGBA,0,True,43913,True
AREA_18,s_mon_mecateon,frames,5,AREA_18/s_mon_mecateon/003_m_mecateon_s_mon_mecateon_F05.png,d6b73be9dc0eb6bfd1ba40005af862ac64481466219d81c25893f81b47dc3f76,True,RGBA,0,True,46276,True
AREA_18,s_mon_mecateon,frames,6,AREA_18/s_mon_mecateon/003_m_mecateon_s_mon_mecateon_F06.png,276af5924f746f0f12ac638b5f0907b9969058965ec757661b6361e526d6653c,True,RGBA,0,True,35674,True
AREA_18,s_mon_mecateon,frames,7,AREA_18/s_mon_mecateon/003_m_mecateon_s_mon_mecateon_F07.png,59180dc288284dcea56ebc840f37574a74c4e437b82d8172f22256c0d0108a5a,True,RGBA,0,True,24599,True
AREA_18,s_mon_mecateon,icons,0,AREA_18/s_mon_mecateon/003_m_mecateon_s_mon_mecateon_ICON.png,a39bc83561c0d2fdfa3a53b046aee68efc11fdb8167f9303f98c15079df2eae4,True,RGBA,0,True,12387,True
AREA_18,s_mon_chief_gray,icons,0,AREA_18/s_mon_chief_gray/004_m_chief_gray_s_mon_chief_gray_ICON.png,18a237f59fbb1a4b323a0027773375bf3fb1468865a6edaebef09037bf2031fe,True,RGBA,0,True,10919,True
AREA_18,s_mon_zeno,frames,0,AREA_18/s_mon_zeno/005_m_zeno_s_mon_zeno_F00.png,f0429f2ad9f3e2f4800da33e796dbaa16d412821608ac5fdae98fcb787e741f3,True,RGBA,0,True,15645,True
AREA_18,s_mon_zeno,frames,1,AREA_18/s_mon_zeno/005_m_zeno_s_mon_zeno_F01.png,45fe13378fce4c646f22cf63c083c974b54153a46ade024df768a3a3c0d48a00,True,RGBA,0,True,37511,True
AREA_18,s_mon_zeno,frames,2,AREA_18/s_mon_zeno/005_m_zeno_s_mon_zeno_F02.png,9be3fd5636a3332176dcb4623ec71a9308ff49366953ea384950ae73e0c3e0fa,True,RGBA,0,True,50611,True
AREA_18,s_mon_zeno,frames,3,AREA_18/s_mon_zeno/005_m_zeno_s_mon_zeno_F03.png,2e54e3e43017c3ca34815be21e064aa1b88a4a178a19b0f7bcd6e15bb687bd59,True,RGBA,0,True,66547,True
AREA_18,s_mon_zeno,frames,4,AREA_18/s_mon_zeno/005_m_zeno_s_mon_zeno_F04.png,9f2c636d819f51d3aa84540cb6f76d3e24448e035855d93f503dd1b76354e698,True,RGBA,0,True,86311,True
AREA_18,s_mon_zeno,frames,5,AREA_18/s_mon_zeno/005_m_zeno_s_mon_zeno_F05.png,caaca15b07aedc182ab69c6b84dbcaa0e951caa303b6d60357b1b4959704ea17,True,RGBA,0,True,83944,True
AREA_18,s_mon_zeno,frames,6,AREA_18/s_mon_zeno/005_m_zeno_s_mon_zeno_F06.png,2d708cf6577361c8401829e8b3393eddaf9dd24c408a005be9b43a1fb171918f,True,RGBA,0,True,109206,True
AREA_18,s_mon_zeno,frames,7,AREA_18/s_mon_zeno/005_m_zeno_s_mon_zeno_F07.png,98b2811b065d88f26f7fb58b50db4e5e71685239bc9b41d1d87118c9ed5b5a9a,True,RGBA,0,True,92062,True
AREA_18,s_mon_zeno,frames,8,AREA_18/s_mon_zeno/005_m_zeno_s_mon_zeno_F08.png,751aff78c5c1d4df628ec3e2ffbc4d4104fec872a9a297def4c5508e9b4bbcfa,True,RGBA,0,True,75566,True
AREA_18,s_mon_zeno,frames,9,AREA_18/s_mon_zeno/005_m_zeno_s_mon_zeno_F09.png,9b8a7801d109aedb1b339a3014cc02a7ed182f72c30fd4882f7390b7a82c2789,True,RGBA,0,True,51369,True
AREA_18,s_mon_zeno,frames,10,AREA_18/s_mon_zeno/005_m_zeno_s_mon_zeno_F10.png,9611c2187a09d4424a24239ae9dca1c438d015f720e07bbcbddc63636d9674e8,True,RGBA,0,True,32252,True
AREA_18,s_mon_zeno,frames,11,AREA_18/s_mon_zeno/005_m_zeno_s_mon_zeno_F11.png,8309569810917528fd3d3c6259a3c4087fb41283eeb1200a2c353b93e6734ad1,True,RGBA,0,True,12020,True
AREA_18,s_mon_zeno,icons,0,AREA_18/s_mon_zeno/005_m_zeno_s_mon_zeno_ICON.png,058016a3996b1661512abdc57631ba54055f124db0945e3141b1675e30bdbaa2,True,RGBA,0,True,23396,True
AREA_19,s_mon_official_knight_c,frames,0,AREA_19/s_mon_official_knight_c/001_m_official_knight_c_s_mon_official_knight_c_F00.png,71ccbd0a07fcc1be89a21198dd6fe2fe61836eb6f7d1fe4ae4073bd9d539be47,True,RGBA,0,True,10238,True
AREA_19,s_mon_official_knight_c,frames,1,AREA_19/s_mon_official_knight_c/001_m_official_knight_c_s_mon_official_knight_c_F01.png,ea1df2906c751052560448222102984fdc237e66d8a0656f627d06d2b40d7ba3,True,RGBA,0,True,18326,True
AREA_19,s_mon_official_knight_c,frames,2,AREA_19/s_mon_official_knight_c/001_m_official_knight_c_s_mon_official_knight_c_F02.png,4b2040e03b4e9d10ef060886eb4d54c80d58ca0e5348775bdfaf268c46278fe6,True,RGBA,0,True,23757,True
AREA_19,s_mon_official_knight_c,frames,3,AREA_19/s_mon_official_knight_c/001_m_official_knight_c_s_mon_official_knight_c_F03.png,49c1fcaf15aa8a63ec80cd619ae3358f9bcfda471d671b29f166e1aa39eef235,True,RGBA,0,True,32093,True
AREA_19,s_mon_official_knight_c,frames,4,AREA_19/s_mon_official_knight_c/001_m_official_knight_c_s_mon_official_knight_c_F04.png,bc8ed7e0bf1fe688e64839e060360171190e18de83fec0904f1883353604e28e,True,RGBA,0,True,39868,True
AREA_19,s_mon_official_knight_c,frames,5,AREA_19/s_mon_official_knight_c/001_m_official_knight_c_s_mon_official_knight_c_F05.png,6bb1dd49d4970ddd7e29f9674bcc59637a7d89824608dda6c7b72d7bd329936d,True,RGBA,0,True,39615,True
AREA_19,s_mon_official_knight_c,frames,6,AREA_19/s_mon_official_knight_c/001_m_official_knight_c_s_mon_official_knight_c_F06.png,ad90aefa596f4d1322810d293c2e140e3ab700fd56c2a2c67b3443c7d183f71a,True,RGBA,0,True,21559,True
AREA_19,s_mon_official_knight_c,frames,7,AREA_19/s_mon_official_knight_c/001_m_official_knight_c_s_mon_official_knight_c_F07.png,4491f0d9a1395f314e1b78656fb93c3ecd1b71b7a814d4461b8df3ca599f7758,True,RGBA,0,True,10202,True
AREA_19,s_mon_official_knight_c,icons,0,AREA_19/s_mon_official_knight_c/001_m_official_knight_c_s_mon_official_knight_c_ICON.png,7964ba708dd62a75fec8c6d12ba7c39662c37d15616c142339009d475aed0789,True,RGBA,0,True,12986,True
AREA_19,s_mon_official_knight_d,icons,0,AREA_19/s_mon_official_knight_d/002_m_official_knight_d_s_mon_official_knight_d_ICON.png,89d594e9b15c3c1d0541a9c462878c60de021a1bd08071ec6c1b1fe9718270db,True,RGBA,0,True,16637,True
AREA_19,s_mon_advanced_knight_a,icons,0,AREA_19/s_mon_advanced_knight_a/003_m_advanced_knight_a_s_mon_advanced_knight_a_ICON.png,2f98615d001cda028c4df3be6184d980cfaec36bc1655ef49f667fd8ba12fbd1,True,RGBA,0,True,14449,True
AREA_19,s_mon_advanced_knight_b,frames,0,AREA_19/s_mon_advanced_knight_b/004_m_advanced_knight_b_s_mon_advanced_knight_b_F00.png,71c705916965b9b1d752de2272fbb8fe217f572b1e8cc51cae8ed7206c6f0d76,True,RGBA,0,True,9125,True
AREA_19,s_mon_advanced_knight_b,frames,1,AREA_19/s_mon_advanced_knight_b/004_m_advanced_knight_b_s_mon_advanced_knight_b_F01.png,bf269efbd8aad02ea8fa884544a168cf183e223ce85f562760f193bcff659fcf,True,RGBA,0,True,20450,True
AREA_19,s_mon_advanced_knight_b,frames,2,AREA_19/s_mon_advanced_knight_b/004_m_advanced_knight_b_s_mon_advanced_knight_b_F02.png,4a77ae4ac1d04e7f2ace566284aed45f0453f43c1743526bfe8df4ea62cc851f,True,RGBA,0,True,32953,True
AREA_19,s_mon_advanced_knight_b,frames,3,AREA_19/s_mon_advanced_knight_b/004_m_advanced_knight_b_s_mon_advanced_knight_b_F03.png,aedcafd41080c24d9ee7af62ae6715ff95c1e265587d98f7b1b6e617367f826f,True,RGBA,0,True,40702,True
AREA_19,s_mon_advanced_knight_b,frames,4,AREA_19/s_mon_advanced_knight_b/004_m_advanced_knight_b_s_mon_advanced_knight_b_F04.png,efe2a7d9442a4c0c50f065746d3e82630fae8b7fff7f013a315112200ce59b34,True,RGBA,0,True,50915,True
AREA_19,s_mon_advanced_knight_b,frames,5,AREA_19/s_mon_advanced_knight_b/004_m_advanced_knight_b_s_mon_advanced_knight_b_F05.png,e09990a94fc88560da36a29ac08722f96ec8329e962b9585fa70791944c7341b,True,RGBA,0,True,45160,True
AREA_19,s_mon_advanced_knight_b,frames,6,AREA_19/s_mon_advanced_knight_b/004_m_advanced_knight_b_s_mon_advanced_knight_b_F06.png,8b5620219dd171166aacdb584232493d7f3270c69265e0cf57ded981efed7f90,True,RGBA,0,True,38671,True
AREA_19,s_mon_advanced_knight_b,frames,7,AREA_19/s_mon_advanced_knight_b/004_m_advanced_knight_b_s_mon_advanced_knight_b_F07.png,0f189b53370cf3fd8254f6b4c5636a58376eee1ae972422b4cb85bd00ba4695c,True,RGBA,0,True,16740,True
AREA_19,s_mon_advanced_knight_b,icons,0,AREA_19/s_mon_advanced_knight_b/004_m_advanced_knight_b_s_mon_advanced_knight_b_ICON.png,0547ff9836515bebe935c5e6daa3dd701ce0a053f5ffa622250a8f03dcf54b75,True,RGBA,0,True,6768,True
AREA_19,s_mon_cygnus,frames,0,AREA_19/s_mon_cygnus/005_m_cygnus_s_mon_cygnus_F00.png,0f521840b822620e40b7df972af862056b6a1d9d798f46c8da0c4c90d5867458,True,RGBA,0,True,39464,True
AREA_19,s_mon_cygnus,frames,1,AREA_19/s_mon_cygnus/005_m_cygnus_s_mon_cygnus_F01.png,976a09803fee45704869b7355abd125f12890238a82969332eaac34198b880a0,True,RGBA,0,True,56172,True
AREA_19,s_mon_cygnus,frames,2,AREA_19/s_mon_cygnus/005_m_cygnus_s_mon_cygnus_F02.png,1d2da97f99214624a866b816078403bf1d939aa4bf0f1937133ee10608254112,True,RGBA,0,True,73519,True
AREA_19,s_mon_cygnus,frames,3,AREA_19/s_mon_cygnus/005_m_cygnus_s_mon_cygnus_F03.png,3f8a76f3f392b30197edc1ae6a63b4309a0749e8b0194415ee39c5048052f247,True,RGBA,0,True,83927,True
AREA_19,s_mon_cygnus,frames,4,AREA_19/s_mon_cygnus/005_m_cygnus_s_mon_cygnus_F04.png,60f2db19005bdd8f95dbd8c1d03aab0b09eb77618335ae022b2a56c4773ab9eb,True,RGBA,0,True,106277,True
AREA_19,s_mon_cygnus,frames,5,AREA_19/s_mon_cygnus/005_m_cygnus_s_mon_cygnus_F05.png,061dd70ccd37ac1c51e684f98a7d99a4b191a88e078f92c0097dcb92df2b16a8,True,RGBA,0,True,127227,True
AREA_19,s_mon_cygnus,frames,6,AREA_19/s_mon_cygnus/005_m_cygnus_s_mon_cygnus_F06.png,52397b7e062d9190a8dc7545449ba10861945180cc70499763ed17e872f83218,True,RGBA,0,True,106635,True
AREA_19,s_mon_cygnus,frames,7,AREA_19/s_mon_cygnus/005_m_cygnus_s_mon_cygnus_F07.png,6f884a4c6e3a3b757ada18d0956d52117d57808eaa1eec2d3bce01bb1398e175,True,RGBA,0,True,76786,True
AREA_19,s_mon_cygnus,frames,8,AREA_19/s_mon_cygnus/005_m_cygnus_s_mon_cygnus_F08.png,0efb95293d82ab35428050a04683656e4babe01753e0c5fbb6eefa244a7b56cd,True,RGBA,0,True,70528,True
AREA_19,s_mon_cygnus,frames,9,AREA_19/s_mon_cygnus/005_m_cygnus_s_mon_cygnus_F09.png,a1711f9d4a4cc0fda8980598646bbe21043374a9365df1809befb27ee46ca21f,True,RGBA,0,True,71554,True
AREA_19,s_mon_cygnus,frames,10,AREA_19/s_mon_cygnus/005_m_cygnus_s_mon_cygnus_F10.png,933a9e1d8acd578bea533c7582a94734d45d0d31daed7da4e46c0efc366d7713,True,RGBA,0,True,66042,True
AREA_19,s_mon_cygnus,frames,11,AREA_19/s_mon_cygnus/005_m_cygnus_s_mon_cygnus_F11.png,f6a22fc436de60162c630f9707bb2c2f38cc8a347c78444a9a7c59ea6b8e8777,True,RGBA,0,True,47620,True
AREA_19,s_mon_cygnus,icons,0,AREA_19/s_mon_cygnus/005_m_cygnus_s_mon_cygnus_ICON.png,9329982a2b7164bcca4ecd6c7231b40067dd4bee609d40276e1731ace284f950,True,RGBA,0,True,12883,True
AREA_20,s_mon_mutant_dark_stump,icons,0,AREA_20/s_mon_mutant_dark_stump/001_m_mutant_dark_stump_s_mon_mutant_dark_stump_ICON.png,3b41a863bc665bbe63df511bd7b429e871a9962d88d4cdc5cc18411e78dbb05a,True,RGBA,0,True,21298,True
AREA_20,s_mon_mutant_iron_hog,frames,0,AREA_20/s_mon_mutant_iron_hog/002_m_mutant_iron_hog_s_mon_mutant_iron_hog_F00.png,671b5dee46a4aea286a8864406b7e1e98581b72b36c502be1b8d2df5c3297e5b,True,RGBA,0,True,2216,True
AREA_20,s_mon_mutant_iron_hog,frames,1,AREA_20/s_mon_mutant_iron_hog/002_m_mutant_iron_hog_s_mon_mutant_iron_hog_F01.png,09f6184d792f1aca131941a23e0f2c8291ccc14d614a9e6057d28121d04fcd8a,True,RGBA,0,True,4512,True
AREA_20,s_mon_mutant_iron_hog,frames,2,AREA_20/s_mon_mutant_iron_hog/002_m_mutant_iron_hog_s_mon_mutant_iron_hog_F02.png,42aa7a336b803e10800008459d5caa6c0fced1e65c9130bea41e7727102f6047,True,RGBA,0,True,8184,True
AREA_20,s_mon_mutant_iron_hog,frames,3,AREA_20/s_mon_mutant_iron_hog/002_m_mutant_iron_hog_s_mon_mutant_iron_hog_F03.png,b6788d6ff6a43cf437e2f858f63038cad475b49201fdd65e4e71e2e648139baf,True,RGBA,0,True,6955,True
AREA_20,s_mon_mutant_iron_hog,frames,4,AREA_20/s_mon_mutant_iron_hog/002_m_mutant_iron_hog_s_mon_mutant_iron_hog_F04.png,3627f3a7bb942647460828070b94f8b7f59f7e10f20ef8cfa31a11b7c5f30535,True,RGBA,0,True,11111,True
AREA_20,s_mon_mutant_iron_hog,frames,5,AREA_20/s_mon_mutant_iron_hog/002_m_mutant_iron_hog_s_mon_mutant_iron_hog_F05.png,b7ec0d4da85474efafd1a84821770b0d0c6605790f8abae8f650802688cec091,True,RGBA,0,True,7615,True
AREA_20,s_mon_mutant_iron_hog,frames,6,AREA_20/s_mon_mutant_iron_hog/002_m_mutant_iron_hog_s_mon_mutant_iron_hog_F06.png,c980edcda7135192df34f064712c05585cad0b906c48f1ecfffd427b8be0a20e,True,RGBA,0,True,13070,True
AREA_20,s_mon_mutant_iron_hog,frames,7,AREA_20/s_mon_mutant_iron_hog/002_m_mutant_iron_hog_s_mon_mutant_iron_hog_F07.png,8dcfd1a5852b07b47ba568ead7fe9d78fc139430460c2f949990a6fda3c6267e,True,RGBA,0,True,10015,True
AREA_20,s_mon_mutant_iron_hog,icons,0,AREA_20/s_mon_mutant_iron_hog/002_m_mutant_iron_hog_s_mon_mutant_iron_hog_ICON.png,f38de0c8ab05689c8d28b8c99141340b1dc6d2090d8c44a0b7c3a11cdb4e8161,True,RGBA,0,True,13128,True
AREA_20,s_mon_mutant_stone_mask,icons,0,AREA_20/s_mon_mutant_stone_mask/003_m_mutant_stone_mask_s_mon_mutant_stone_mask_ICON.png,9ce07e91eb102397aecf2682d3785c15bf454dcf93d38c841131891193219400,True,RGBA,0,True,2356,True
AREA_20,s_mon_ancient_dark_golem,frames,0,AREA_20/s_mon_ancient_dark_golem/004_m_ancient_dark_golem_s_mon_ancient_dark_golem_F00.png,b2bbcda426cf59136cd153a2ea5ee478f87d280ad78a8b6e55fa208c174ebebd,True,RGBA,0,True,5187,True
AREA_20,s_mon_ancient_dark_golem,frames,1,AREA_20/s_mon_ancient_dark_golem/004_m_ancient_dark_golem_s_mon_ancient_dark_golem_F01.png,a5c075a567c4efa24bf8d47d639e9f91fd2d6d8a469e129da3f7b9f102935f3d,True,RGBA,0,True,5861,True
AREA_20,s_mon_ancient_dark_golem,frames,2,AREA_20/s_mon_ancient_dark_golem/004_m_ancient_dark_golem_s_mon_ancient_dark_golem_F02.png,8f12f28592ed493ce3bb7fbedf4c78a873d852568f136abed324d72c6f96c3d5,True,RGBA,0,True,7331,True
AREA_20,s_mon_ancient_dark_golem,frames,3,AREA_20/s_mon_ancient_dark_golem/004_m_ancient_dark_golem_s_mon_ancient_dark_golem_F03.png,73193795163c99d74854e2a1fd566a440b7561a042f65b031234e27a9ef0b25d,True,RGBA,0,True,9231,True
AREA_20,s_mon_ancient_dark_golem,frames,4,AREA_20/s_mon_ancient_dark_golem/004_m_ancient_dark_golem_s_mon_ancient_dark_golem_F04.png,a19d2ff6b886380d36e44fa5a574f6d87c6cd25a2b7bf5a3f38fda139c4a3466,True,RGBA,0,True,11281,True
AREA_20,s_mon_ancient_dark_golem,frames,5,AREA_20/s_mon_ancient_dark_golem/004_m_ancient_dark_golem_s_mon_ancient_dark_golem_F05.png,fe7bfe6701d661b97e472c7c4feead3b3053465f10c88038854e2b782ad63ce9,True,RGBA,0,True,11425,True
AREA_20,s_mon_ancient_dark_golem,frames,6,AREA_20/s_mon_ancient_dark_golem/004_m_ancient_dark_golem_s_mon_ancient_dark_golem_F06.png,97e2c2530bc811806f120307b683dbb6e0839840d26e3aa8a268a0327bd56368,True,RGBA,0,True,9442,True
AREA_20,s_mon_ancient_dark_golem,frames,7,AREA_20/s_mon_ancient_dark_golem/004_m_ancient_dark_golem_s_mon_ancient_dark_golem_F07.png,1d0be74a433e35f837d7973fe0dae142c8213fbc9ca0b754a68f904d090f90d9,True,RGBA,0,True,7001,True
AREA_20,s_mon_ancient_dark_golem,icons,0,AREA_20/s_mon_ancient_dark_golem/004_m_ancient_dark_golem_s_mon_ancient_dark_golem_ICON.png,7207eb25b7494f6be6dc505eb8afa38fa71846e8f44604a3ebafa9b7d9efcc70,True,RGBA,0,True,3280,True
AREA_20,s_mon_mutant_stumpy,frames,0,AREA_20/s_mon_mutant_stumpy/005_m_mutant_stumpy_s_mon_mutant_stumpy_F00.png,00812d193b290166e66b90cb4f63d1c79c1ccd07017b76616997b1dea2bb73ba,True,RGBA,0,True,7474,True
AREA_20,s_mon_mutant_stumpy,frames,1,AREA_20/s_mon_mutant_stumpy/005_m_mutant_stumpy_s_mon_mutant_stumpy_F01.png,30f668eaca397dff699065fe1d7ba3c3d1f2c9e8e2b4d9175faa6d8bc6ed6954,True,RGBA,0,True,8416,True
AREA_20,s_mon_mutant_stumpy,frames,2,AREA_20/s_mon_mutant_stumpy/005_m_mutant_stumpy_s_mon_mutant_stumpy_F02.png,2dc4567835b5c33c9aa746c4973169e34200a7c6512a5a3314218a0d93eb2733,True,RGBA,0,True,13018,True
AREA_20,s_mon_mutant_stumpy,frames,3,AREA_20/s_mon_mutant_stumpy/005_m_mutant_stumpy_s_mon_mutant_stumpy_F03.png,8322c266075c6e66b1d24eda63356be2fd98c64e8253cea02b7e90546a4ad9f1,True,RGBA,0,True,11142,True
AREA_20,s_mon_mutant_stumpy,frames,4,AREA_20/s_mon_mutant_stumpy/005_m_mutant_stumpy_s_mon_mutant_stumpy_F04.png,d9c3e94f7772aacfe326e30bb6b7578fc6648bb90ade38ecfd794569ed9dbd01,True,RGBA,0,True,13170,True
AREA_20,s_mon_mutant_stumpy,frames,5,AREA_20/s_mon_mutant_stumpy/005_m_mutant_stumpy_s_mon_mutant_stumpy_F05.png,61e365d6ed8ee7be6f84b0ec23340500d9a9804952819723858421356fcf8c07,True,RGBA,0,True,14457,True
AREA_20,s_mon_mutant_stumpy,frames,6,AREA_20/s_mon_mutant_stumpy/005_m_mutant_stumpy_s_mon_mutant_stumpy_F06.png,4f74c850d7c79e46caae9092df679f5f09053b2937f6652756ae54278d68fee0,True,RGBA,0,True,14931,True
AREA_20,s_mon_mutant_stumpy,frames,7,AREA_20/s_mon_mutant_stumpy/005_m_mutant_stumpy_s_mon_mutant_stumpy_F07.png,cab9e9ac8daff94374fc481ca8dbb8ad7fd007dc7952915c0be1c5fb7bfee3e0,True,RGBA,0,True,16444,True
AREA_20,s_mon_mutant_stumpy,frames,8,AREA_20/s_mon_mutant_stumpy/005_m_mutant_stumpy_s_mon_mutant_stumpy_F08.png,f86c7f10f26e822168bc3e7f275e44dcac3879357472069d7e1f4cd7117aa1da,True,RGBA,0,True,19568,True
AREA_20,s_mon_mutant_stumpy,frames,9,AREA_20/s_mon_mutant_stumpy/005_m_mutant_stumpy_s_mon_mutant_stumpy_F09.png,62c5f2ee1e22476d35f44524cdd3d1adcd957042fa910c5dc060d69a6cc773c4,True,RGBA,0,True,26283,True
AREA_20,s_mon_mutant_stumpy,frames,10,AREA_20/s_mon_mutant_stumpy/005_m_mutant_stumpy_s_mon_mutant_stumpy_F10.png,a9bd780cd9c06d1637c2314b40b04213380dbd47d5b4d3bedcfef2e4b5bcd777,True,RGBA,0,True,16859,True
AREA_20,s_mon_mutant_stumpy,frames,11,AREA_20/s_mon_mutant_stumpy/005_m_mutant_stumpy_s_mon_mutant_stumpy_F11.png,80117a292e836fc915d9372e0fc2fdc906256726c557e09aa5de9c0080ff9d0a,True,RGBA,0,True,15081,True
AREA_20,s_mon_mutant_stumpy,icons,0,AREA_20/s_mon_mutant_stumpy/005_m_mutant_stumpy_s_mon_mutant_stumpy_ICON.png,958657634e18c850fbfbb56a186d4bb1beaafb33bf1020c2b2e23fa5810f00ac,True,RGBA,0,True,4452,True
