id,name,source,scaling_stat,coefficient,slot_type,effect_type,is_key_skill,cooldown,skill_kind,target_mode,max_targets,effect_value,duration,range,dash_distance,tier,icon_ruid,icon_ratio,effect_ruid,effect_style,sfx_ruid,projectile_ruid,passive_stat,passive_value,description,layer_ruids,layer_types,layer_styles,layer_delays,layer_durations,layer_scales,layer_offsets_x,layer_offsets_y,layer_drifts_x,layer_drifts_y
s_mon_snail,몸통 박치기,monster,ATK,1.0,monster,damage,false,4,attack,single,1,0,0,0,3.5,0,518cc119c1c04b8797090175d9f015f2,1.00,,,f5a9f40c07c645c88e069849a566b4ff,,,,가고 있는 쪽으로 몸을 날려 부딪힌 적을 들이받는다 (돌진 중 추가 피해),0207c85c05dd4c4eac12f9ee735d0545|997628810df4448f9e534bc426d6794a,animationclip|animationclip,clip|clip,0|0.18,0.58|0.45,0.7|0.55,-0.15|0.75,0|0,0.7|0,0|0
s_mon_blue_snail,푸른 껍질,monster,ATK,0,monster,shield,false,8,defense,self,0,0.4,3,0,0,0,73c1bdafcb7e42bc8db0041883226449,1.00,,,605da1fc42f34ef4a1468387004a6223,,,,껍질에 숨어 3초간 받는 피해를 40% 줄인다,566b0886b4cf4f3997a29ecd3a1954b5|86734a2715504c10b1e50ae810609e25,animationclip|animationclip,clip|clip,0|0.12,0.85|0.7,0.65|0.75,0|0,0|0,0|0,0|0
s_mon_red_snail,붉은 껍질 돌진,monster,ATK,1.15,monster,damage,false,4,attack,single,1,0,0,0,4.0,0,4292e76ef5034a42976afa7988d0a85c,1.00,,,bbec511b4ba4460ea0e2f03c71695053,,,,빠르고 강한 붉은 변종이 몸을 웅크린 뒤 붉은 잔상을 끌며 정면으로 돌진한다,057c2da13da2492c95cb92db424803db|0207c85c05dd4c4eac12f9ee735d0545|997628810df4448f9e534bc426d6794a,animationclip|animationclip|animationclip,clip|clip|clip,0|0.05|0.32,0.65|0.55|0.45,0.65|0.6|0.55,0.15|-0.1|0.8,0|-0.05|0,0.85|0|0,0|0|0
s_mon_mano,마노의 무지개 파동,monster,INT,1.45,monster,damage,true,6,attack,area,0,0,0,4.5,0,0,890da64fbb374f018a722d9ed040098d,1.00,,,e1fee594c7c643a79f2de2bf9b02b350,,,,오래된 달팽이 마노가 아침 이슬을 모아 잎빛 물결과 무지개 파동으로 펼친다,69656381a8e04edcbb8a2c8599567ab3|2c12c1e835a04c2a9ec1c5724846a7b6|f2193098cb774d9e820a5831e486a6a8,animationclip|animationclip|animationclip,clip|clip|clip,0|0.08|0.2,0.65|0.75|0.8,0.65|1.05|0.78,0|0|0,0|0.02|0.02,0|0|0,0|0|0
s_mon_mushroom,포자 살포,monster,INT,1.1,monster,damage,false,4,attack,area,0,0,0,2.5,0,0,6923ce8064e4445d8e63176645943fb1,1.00,,,eb7f504670a14802a48cc94f4eb66848,,,,작은 버섯이 갓을 흔들어 주황빛 포자 먼지를 부채꼴로 세 번 흩뿌린다,9c927f6388e74628b1050dfc8490246c|9c927f6388e74628b1050dfc8490246c|9c927f6388e74628b1050dfc8490246c,animationclip|animationclip|animationclip,clip|clip|clip,0|0.08|0.16,0.55|0.6|0.65,0.38|0.36|0.34,-0.28|0|0.28,0|0.04|-0.04,-0.28|0|0.28,0.12|0.18|0.12
s_mon_mushmom,머쉬맘의 포자 충격,monster,ATK,1.35,monster,damage,true,6,attack,area,0,0,0,4.2,0,0,0b09a6a325c54caca2282859ae624b22,1.00,,,5da7bb48092947f395e9f76f601323ca,,,,거대한 머쉬맘이 몸으로 지면을 찍어 충격파를 만들고 주황빛 포자 덩어리를 크게 터뜨린다,05113e9dc86448cb8581731824106d75|86734a2715504c10b1e50ae810609e25|9c927f6388e74628b1050dfc8490246c,animationclip|animationclip|animationclip,clip|clip|clip,0|0.1|0.22,0.75|0.72|0.7,0.9|1.15|0.72,0|0|0,-0.08|-0.08|0,0|0|0,0|0|0.18
s_mon_stone,암석 피부,monster,ATK,0,monster,shield,false,9,defense,self,0,0.5,5,0,0,0,cba9471e009f46ee9c786f31d29c3848,1.00,,,605da1fc42f34ef4a1468387004a6223,,,,스톤골렘이 지면을 눌러 암석의 힘을 끌어올린 뒤 몸의 돌층을 맞물려 방어 태세를 굳힌다,05113e9dc86448cb8581731824106d75|86734a2715504c10b1e50ae810609e25,animationclip|animationclip,clip|clip,0|0.12,0.65|0.72,0.8|0.9,0|0,-0.06|-0.06,0|0,0|0
s_mon_horny_mushroom,단단한 뿔,monster,ATK,0,monster,shield,false,0,passive,self,0,0,0,0,0,0,0928f98bbd114efc935696c1200c9d39,1.00,,,,,STR,,뿔버섯의 단단한 뿔을 익혀 보유한 수만큼 STR을 높인다,,,,,,,,,,
s_hero_01,슬래시 블러스트,boss,ATK,1.15,enemy,damage,false,5,attack,area,0,0,0,3.5,0,1,1dc02c9673284efb94da9c86e7414eeb,1.0,eaa71284041b4c8390c32ade11286e16,,afbb81b51fed47eaaee26cc403d59ccf,,,,히어로 전투 전용. 넓게 베어 닿는 적을 모두 벤다,,,,,,,,,,
s_hero_def,아이언 바디,boss,ATK,0,enemy,shield,false,10,defense,self,0,0.35,4,0,0,1,52162587bc534b9385af8c77513d93d4,1.0,af4e6abe766e4970a0e90aca58c6cc1c,,,,,,히어로 전투 전용. 몸을 굳혀 4초간 받는 피해를 35% 줄인다,,,,,,,,,,
s_hero_02,브랜디쉬,boss,ATK,1.6,enemy,damage,false,5,attack,area,0,0,0,4.0,0,2,429228115d56462ab0f65e7294a51609,1.0,8b26a0cdb63d455e82d1ca0fddf5e139,,f0c0c4016cf04d0d98886227cab56561,,,,히어로 전투 전용. 무기를 크게 휘둘러 닿는 적을 모두 베어 넘긴다,,,,,,,,,,
s_hero_03,오라 블레이드,boss,ATK,1.9,enemy,damage,false,6,attack,area,0,0,0,5.0,0,3,483690e55c974444aef84df3a6331d93,1.0,5c3501dc981941c5b04c2f690351bce8,,,,,,히어로 전투 전용. 검에 오라를 실어 주변을 베어 낸다,,,,,,,,,,
s_hero_04,레이징 블로우,boss,ATK,2.3,enemy,damage,false,7,attack,area,0,0,0,6.0,0,4,644fc39bcc684c209264eb9d9a4cd6f8,1.0,5308ef85369c4f31843d6e8cde4b1012,,aa92fddf0e404d35bf6406cef6bc7ad5,,,,히어로 전투 전용. 분노를 실어 주변의 적을 한 번에 내리친다,,,,,,,,,,
s_bow_01,애로우 블로우,boss,DEX,1.15,enemy,damage,false,3,attack,single,1,0,0,8.0,0,1,f62b353e3f704eb097e427b7fc97980e,1.0,2ed6be9152eb4bf0b22f4ca6e6fff9fe,,b4c345306d4948f1a0b8cc787fd57bef,64f775829e234918bd65e9d22214bb06,,,보우마스터 전투 전용. 한 명을 겨눠 강한 화살을 발사한다,,,,,,,,,,
s_bow_02,바람의 시,boss,DEX,1.35,enemy,damage,false,4,attack,fan,1,0,0,8.0,0,2,f527f0a168f34f31bd8b17e1059f3769,1.0,01f39ee5971246ed8306bc471d44a1fd,,1e3279c7a29346b68ce69c5abdfe07e2,6294c62288bd46beb2ff548bd8671ee0,,,보우마스터 전투 전용. 세 갈래 바람 화살로 넓게 압박한다,,,,,,,,,,
s_bow_03,애로우 플래터,boss,DEX,1.15,enemy,damage,false,7,attack,zone,1,0,2.2,8.0,0,3,22f848d3e25941d88f3bccaebe6f7f64,1.0,5f2d779cdb8b4cdb9620b2c235e51f25,,82293dd92078489db5580ec7f2c1b6ae,e2a05bd4787543618ffcbbe719288ee8,,,보우마스터 전투 전용. 사격 장치를 세워 짧은 시간 연속으로 화살을 쏜다,,,,,,,,,,
s_bow_04,피닉스,boss,DEX,1.8,enemy,damage,false,8,attack,projectile_area,0,1.4,0,9.0,0,3,fd051469cf104e0bb1597e6930619354,1.0,46198aa7dd8245b59ea37305c57df9f0,,27144cdcb71e40fba845e2f084b257ab,24a41e7c8ab9445589d9b637528b7a1c,,,보우마스터 전투 전용. 불새를 날려 착탄 지점의 적을 휩쓴다,,,,,,,,,,
s_bow_05,폭풍의 시,boss,DEX,0.75,enemy,damage,false,8,attack,barrage,1,0,0.65,10.0,0,4,b4fc4ca0e970498781b49ddfdffe9ff1,1.0,2ba72c9b0bdd4e2fb33269262e9a7dea,,1e1277a1cbce48a3aeb5297b9ca95b01,dccb430baeae4e0293035a3394b5e288,,,보우마스터 전투 전용. 낮은 체력에서 화살 다섯 발을 빠르게 퍼붓는다,,,,,,,,,,
s_mon_axe_stump,도끼 휘두르기,monster,ATK,1.3,monster,damage,false,4,attack,area,0,0,0,3.0,0,0,b03001aaa4cf4dfe82d34a48c58cb342,1.00,,,afbb81b51fed47eaaee26cc403d59ccf,,,,몸에 박힌 도끼의 기억을 따라 몸을 크게 비틀어 흙먼지와 묵직한 충격을 원호처럼 남긴다,0207c85c05dd4c4eac12f9ee735d0545|997628810df4448f9e534bc426d6794a,animationclip|animationclip,clip|clip,0|0.14,0.55|0.48,0.7|0.62,0.05|0.65,0|0,0.3|0,0|0
s_mon_dark_axe_stump,어둠의 뿌리,monster,INT,1.5,monster,damage,false,5,attack,area,0,0,0,4.0,0,0,0fbbe12552664c5f87944ff56a630178,1.00,,,eb7f504670a14802a48cc94f4eb66848,,,,썩은 밑동 좌우에서 검은 뿌리가 차례로 솟아 적을 얽는다,a77ea54c400e4b56a44ed05091a0ae53|a77ea54c400e4b56a44ed05091a0ae53,animationclip|animationclip,clip|clip,0|0.12,0.82|0.82,0.82|0.82,-0.28|0.28,-0.12|-0.12,0|0,0|0
s_mon_wild_boar,저돌 맹진,monster,ATK,1.5,monster,damage,false,5,attack,single,1,0,0,0,5.0,0,b656b6744e204375a345782b5119aea2,1.00,,,f5a9f40c07c645c88e069849a566b4ff,,,,땅을 박차 흙먼지를 길게 남기며 정면으로 돌진한다,0207c85c05dd4c4eac12f9ee735d0545|79c9b3b094dd49eda90e80d178f0ff28,animationclip|animationclip,clip|clip,0|0.16,0.55|0.65,0.75|0.7,-0.15|0.55,-0.15|-0.12,0|0,0|0
s_mon_iron_hog,강철 발굽,monster,ATK,0,monster,shield,false,0,passive,self,0,0,0,0,0,0,da712fe9654b4ea2940cee669043bceb,1.00,,,,,DEX,,강철 갑옷을 두르고도 빠르게 달리는 법을 익혀 보유한 수만큼 DEX를 높인다,,,,,,,,,,
s_mon_skeleton_commander,뼈 무덤,monster,ATK,2.0,monster,damage,false,6,attack,area,2,0,0,5.0,0,0,637abac61bd14f788b157d6aaf1fa08f,1.00,,,f0c0c4016cf04d0d98886227cab56561,,,,스켈레톤 지휘관이 무덤의 기운을 깨워 지면을 갈라 두 번의 묵직한 파쇄 충격을 일으킨다,db2b67de20f5418cb7b5050ce0641df1|05113e9dc86448cb8581731824106d75|997628810df4448f9e534bc426d6794a,animationclip|animationclip|animationclip,clip|clip|clip,0|0.1|0.18,0.58|0.62|0.5,0.55|0.75|0.6,0|-0.25|0.25,-0.08|-0.05|0,0|0|0,0|0|0
s_mon_fire_boar,화염 돌풍,monster,ATK,1.7,monster,damage,false,6,attack,area,0,0,0,4.5,0,0,f960bb921fb44bea91c95ea6b95f1d85,1.00,,,aa92fddf0e404d35bf6406cef6bc7ad5,,,,발굽의 흙먼지에 몸의 불길을 섞어 정면으로 흩뿌린다,0207c85c05dd4c4eac12f9ee735d0545|a610b14bbc55477cbc78777a5a2e7ed1,animationclip|animationclip,clip|clip,0|0.1,0.52|0.7,0.45|0.95,-0.15|0.25,-0.15|0,0|0,0|0
s_mon_stumpy,고목의 생기탄,monster,INT,1.9,monster,damage,false,7,attack,area,0,0,0,5.0,0,0,383249b0f9254764aa758b1bcc9bfee9,1.00,,,767b7de0d1e9447b91edbaeed49e7c2b,c6b3f052e977479ea5ad5329ce0981ca,,,페리온에서 빼앗은 생기를 응축해 던지고 닿은 자리의 적을 휩쓴다,,,,,,,,,,
s_mon_slime,끈적한 몸통,monster,ATK,1.15,monster,damage,false,4,attack,single,1,0,0,0,0,0,72d1dd0939714240bddc0b6865eb93ce,1.00,,,f5a9f40c07c645c88e069849a566b4ff,,,,슬라임이 몸을 납작하게 압축했다 탄성으로 튀어 오르며 점액 파동을 앞으로 밀어낸다,2c12c1e835a04c2a9ec1c5724846a7b6|69656381a8e04edcbb8a2c8599567ab3,animationclip|animationclip,clip|clip,0|0.12,0.62|0.52,0.48|0.55,0.18|0.5,0|0,0.35|0,0|0
s_mon_fairy,요정의 마법가루,monster,INT,1.4,monster,damage,false,5,attack,area,3,0,0,3,0,0,5f5ebe88b8f2426195c793b3440012e4,1.00,,,eb7f504670a14802a48cc94f4eb66848,,,,날개에서 마법가루를 두 번 겹쳐 흩뿌려 가까운 적 셋의 마력을 뒤흔든다,9defa2b61ad94ae3bc50d707979770e6|9defa2b61ad94ae3bc50d707979770e6,animationclip|animationclip,clip|clip,0|0.12,0.65|0.9,0.42|0.7,-0.14|0.14,0.1|0.15,-0.12|0.12,0|0
s_mon_dark_stump,단단한 밑동,monster,ATK,0,monster,shield,false,8,defense,self,0,0.45,5,0,0,0,8061aa7a332b4e7ba783b3cd582ebb4b,1.00,,,605da1fc42f34ef4a1468387004a6223,,,,다크 스텀프가 땅속 뿌리를 끌어올려 밑동을 조이고 초록 방벽으로 굳힌다,a77ea54c400e4b56a44ed05091a0ae53|566b0886b4cf4f3997a29ecd3a1954b5,animationclip|animationclip,clip|clip,0|0.1,0.75|0.75,0.7|0.55,0|0,0|0,0|0,0|0
s_mon_bubbling,물방울 마력,monster,INT,0,monster,shield,false,0,passive,self,0,0,0,0,0,0,572a7a12dcb449bcb0582fc2ccf5be07,1.00,,,,,INT,,버블링이 머금은 맑은 마력을 익혀 보유한 수만큼 INT를 높인다,,,,,,,,,,
s_mon_faust,저주의 인형,monster,INT,1.55,monster,damage,true,6,attack,area,0,0,0,4,0,0,c07ed26000af460a8438a3486e16f3ec,1.00,,,0e3a97f6a83844859166d34a5a56b507,49b21aaa1d574ba787149841a31bf1a5,,,기묘한 인형에 저주를 실어 던지고 닿은 자리의 적을 휘감는다,22444db0645d47f48f300f36b3d90e4b|9051254fb84a4a898f3d99a213a896ec,animationclip|animationclip,clip|clip,0|0.18,0.9|0.75,0.55|0.7,0|0,0.1|0.05,0|0,0|0
s_mon_octopus,먹물 폭발,monster,INT,1.65,monster,damage,false,5,attack,area,3,0,0,3.5,0,0,0af9fd3ccfb540799043da5e580aebbd,1.00,,,eb7f504670a14802a48cc94f4eb66848,,,,바닷물을 밀어낸 뒤 검보라 먹물 덩이로 가까운 적 셋을 덮는다,69656381a8e04edcbb8a2c8599567ab3|544b4092b87a41948b74e6645d530b88,animationclip|animationclip,clip|clip,0|0.1,0.6|0.75,0.62|0.72,0|0,0.02|0.05,0|0,0|0
s_mon_stirge,밤의 감각,monster,LUK,0,monster,shield,false,0,passive,self,0,0,0,0,0,0,dcfc97ad90e146d08a46225082ae590b,1.00,,,,,LUK,,어둠 속에서 무리의 움직임을 읽는 감각을 익혀 보유한 수만큼 LUK을 높인다,,,,,,,,,,
s_mon_jr_wraith,망령 충격,monster,INT,1.8,monster,damage,false,5,attack,area,2,0,0,4.0,0,0,c2b8ef247cb243268aae39b3d51f89e7,1.00,,,f0c0c4016cf04d0d98886227cab56561,,,,망령의 냉기를 퍼뜨려 가까운 적 둘을 내리친다,c4f8dce4ee2745cda0f211514605261b|01dbde634dd944e685b45727289bd9b8,animationclip|animationclip,clip|clip,0|0.12,0.62|0.75,0.6|0.75,0|0,0.08|0.05,0|0,0|0
s_mon_wraith,원혼의 기운,monster,INT,0,monster,shield,false,0,passive,self,0,0,0,0,0,0,71a82cb186bb41799e6dbb3a421cb474,1.00,,,,,INT,,지하철을 떠도는 원혼의 마력을 익혀 보유한 수만큼 INT를 높인다,,,,,,,,,,
s_mon_shade,심연의 장막,monster,INT,2.1,monster,damage,true,7,attack,area,0,0,0,4.8,0,0,25f430af296748f39f48de4a6a6faea7,1.00,,,5bae51ff66374f2e93fa1cdd9f972f47,,,,깊은 지하의 그림자를 펼쳐 주변의 적을 한 번에 삼킨다,c4f8dce4ee2745cda0f211514605261b|544b4092b87a41948b74e6645d530b88,animationclip|animationclip,clip|clip,0|0.12,0.65|0.8,1|0.9,0|0,0.08|0.05,0|0,0|0
s_mon_ribbon_pig,리본 돌진,monster,ATK,1.8,monster,damage,false,5,attack,single,1,0,0,0,5.5,0,de5f2ecbd5ae4a7c9fe5c25f1ed9728a,1.00,,,f5a9f40c07c645c88e069849a566b4ff,,,,리본 돼지가 고개를 낮추고 붉은 속도 잔상과 흙먼지를 길게 끌며 돌진한다,0207c85c05dd4c4eac12f9ee735d0545|057c2da13da2492c95cb92db424803db,animationclip|animationclip,clip|clip,0|0.04,0.52|0.65,0.55|0.58,-0.1|0.2,-0.05|0,0|0.9,0|0
s_mon_blue_pig,푸른 리본 매듭,monster,DEX,0,monster,shield,false,0,passive,self,0,0,0,0,0,0,a04302b1969248d2a7de250f3cb654b5,1.00,,,,,DEX,,거친 파도에도 풀리지 않는 리본 매듭을 익혀 보유한 수만큼 DEX를 높인다,,,,,,,,,,
s_mon_starfish,별가시 회전,monster,ATK,1.95,monster,damage,false,6,attack,area,3,0,0,4.0,0,0,c65619c9037a4018a344e1625fe2a753,1.00,,,bff845e488fc4d2095511c312872ded5,,,,불가사리가 몸의 다섯 가시를 축으로 회전해 물보라와 둥근 파도를 가까운 적에게 흩뿌린다,69656381a8e04edcbb8a2c8599567ab3|2c12c1e835a04c2a9ec1c5724846a7b6,animationclip|animationclip,clip|clip,0|0.06,0.55|0.68,0.55|0.72,0|0,0|0,0|0,0|0
s_mon_jellyfish,차가운 젤리,monster,INT,0,monster,shield,false,0,passive,self,0,0,0,0,0,0,2403c0085abe432b8120278f1c82442c,1.00,,,,,INT,,차가운 젤리 속에 저장된 마력을 익혀 보유한 수만큼 INT를 높인다,,,,,,,,,,
s_mon_jr_balrog,발록의 화염 파동,monster,INT,2.35,monster,damage,true,8,attack,area,0,0,0,5.2,0,0,e5591a8f17a84f7d966499a0048cf15a,1.00,,,dbc755c0609e45f39f6b76a5ed119921,,,,금지된 제단의 주니어 발록처럼 날개 아래에서 화염 파동을 터뜨려 주변의 적을 휩쓴다,5638984319fd476ca3d89e2aaca7f32a|a610b14bbc55477cbc78777a5a2e7ed1,animationclip|animationclip,clip|clip,0|0.15,0.85|0.7,1|1.15,0|0,0|0,0|0,0|0
s_mon_zombie_mushroom,죽은 포자의 끈기,monster,INT,0,monster,shield,false,0,passive,self,0,0,0,0,0,0,thumbnail://3ee3fc0f4d2e443cbb9ec424dd2c012f,1.00,,,,,INT,,죽어서도 움직이는 버섯의 포자 생명력을 익혀 보유 수만큼 INT를 높인다,,,,,,,,,,
s_mon_copper_drake,청동 비늘,monster,STR,0,monster,shield,false,0,passive,self,0,0,0,0,0,0,thumbnail://da160cd4b78c479ab8dfaa225b2dcd47,1.00,,,,,STR,,습한 동굴에서도 단단함을 잃지 않는 비늘을 익혀 보유 수만큼 STR을 높인다,,,,,,,,,,
s_mon_drake,동굴 용염,monster,INT,2.45,monster,damage,false,6,attack,area,3,0,0,4.6,0,0,thumbnail://f8cfac4e30394735861603f6bfcb1932,1.00,,,,,,,드레이크가 품은 동굴의 열기를 전방에 터뜨려 가까운 적 셋을 휩쓴다,5638984319fd476ca3d89e2aaca7f32a|a610b14bbc55477cbc78777a5a2e7ed1,animationclip|animationclip,clip|clip,0|0.12,0.65|0.78,0.8|0.95,0|0,0|0,0|0,0|0
s_mon_wild_kargo,야수의 그림자 돌진,monster,ATK,2.55,monster,damage,false,6,attack,single,1,0,0,0,6.2,0,thumbnail://7d1c1d17eff44687b35ca0d5108084dc,1.00,,,,,,,저주받은 신전을 지키는 와일드카고처럼 낮게 몸을 숙여 빠르게 돌진한다,0207c85c05dd4c4eac12f9ee735d0545|057c2da13da2492c95cb92db424803db,animationclip|animationclip,clip|clip,0|0.04,0.52|0.65,0.65|0.72,0|0,0|0,1.0|0,0|0
s_mon_tauromacis,수문장의 낙뢰,monster,INT,2.8,monster,damage,false,8,attack,area,0,0,0,5.4,0,0,thumbnail://5ef751fd743e41609bf98e03de4df51c,1.00,,,,,,,저주받은 신전의 수문장이 창끝으로 번개를 불러 주변을 내리친다,3cbd85dcfe3c41c4989adec59385c257,animationclip,clip,0.08,0.82,1.2,0,0,0,0
s_mon_star_pixie,별빛 탄환,monster,INT,2.45,monster,damage,false,5,attack,single,1,0,0,6,0,0,thumbnail://ca136923b7e84267af993bdbabada385,1.00,,,,b61e7e2a50b2405794f88fdddf44b73a,,,스타픽시의 작은 별을 쏘아 한 대상을 밝게 터뜨린다,78e3188f0fc14797a8383658e626e3ea|6ffbabe486c24e5ea6cda2c54022033b,animationclip|animationclip,clip|clip,0|0.18,0.62|0.58,0.72|0.7,0|0,0|0,0|0,0|0
s_mon_jr_cellion,붉은 뿔의 기백,monster,STR,0,monster,shield,false,0,passive,self,0,0,0,0,0,0,thumbnail://016bc9a459104e2a8a2fea03d7130519,1.00,,,,,STR,,구름공원을 뛰노는 주니어 샐리온의 기백을 익혀 보유 수만큼 STR을 높인다,,,,,,,,,,
s_mon_lunar_pixie,월광 구슬,monster,INT,2.6,monster,damage,false,6,attack,single,1,0,0,6.4,0,0,thumbnail://ff4a57bc3d4a4488b0053c33f4c3369f,1.00,,,,4f6509d9539f4d76a9bb4e8f17e12cc7,,,루나픽시의 달빛 구슬을 날려 닿은 곳에 푸른 섬광을 남긴다,e7ee1a40564c43afbced2da544471266|6d96350411834e2b90a2fe18ff542159,animationclip|animationclip,clip|clip,0|0.2,0.68|0.62,0.8|0.75,0|0,0|0,0|0,0|0
s_mon_luster_pixie,태양빛 잔상,monster,DEX,0,monster,shield,false,0,passive,self,0,0,0,0,0,0,thumbnail://35f555b27d3a4d438224a29e73fac305,1.00,,,,,DEX,,러스터픽시의 눈부신 궤적을 익혀 보유 수만큼 DEX를 높인다,,,,,,,,,,
s_mon_eliza,여신의 정원 폭풍,monster,INT,3,monster,damage,true,8,attack,area,0,0,0,5.8,0,0,thumbnail://d458879e2e2949f2bb2e915ff67fbc64,1.00,,,,,,,잠에서 깨어난 엘리쟈의 분노가 경고진 뒤 폭풍처럼 정원을 휩쓴다,b14b3dbca0504af28e8d085c12b22000|1660382723ff40c296845e8ded7bbc86,animationclip|animationclip,clip|clip,0|0.22,0.72|0.85,1.05|1.25,0|0,0|0,0|0,0|0
s_mon_jr_yeti,설인의 체온,monster,STR,0,monster,shield,false,0,passive,self,0,0,0,0,0,0,thumbnail://1975dd704eec461ab49bdeb0c11c54d9,1.00,,,,,STR,,눈보라를 견디는 어린 예티의 체온을 익혀 보유 수만큼 STR을 높인다,,,,,,,,,,
s_mon_dark_jr_yeti,검은 설원의 은폐,monster,LUK,0,monster,shield,false,0,passive,self,0,0,0,0,0,0,thumbnail://ce56cf9613174f80976dab5b61f7b604,1.00,,,,,LUK,,검은 눈 속에 몸을 숨기는 감각을 익혀 보유 수만큼 LUK을 높인다,,,,,,,,,,
s_mon_hector,설원 늑대 발톱,monster,ATK,2.75,monster,damage,false,6,attack,single,1,0,0,0,6.5,0,thumbnail://7dcc64a4725b4777b8f86a5404b4d4cc,1.00,,,,,,,헥터처럼 눈 위를 미끄러지듯 파고들어 발톱으로 한 적을 찢는다,b9d0ab716c054c58a18c0c38b07695a5|7a41e40ee7d846908e29ec10b94630b0,animationclip|animationclip,clip|clip,0|0.12,0.58|0.62,0.82|0.78,0|0,0|0,1.0|0,0|0
s_mon_white_fang,화이트팽의 빙설 송곳니,monster,ATK,2.9,monster,damage,false,7,attack,area,3,0,0,4.8,0,0,thumbnail://aaa3b506804d4418b025da47dbb65b3f,1.00,,,,,,,화이트팽의 돌진에 얼음 파편을 실어 전방의 적 셋을 물어뜯는다,dd098279908940fa938d3c5cb3dda732|9fae493a549a4396a2f1378c39f7386f,animationclip|animationclip,clip|clip,0|0.15,0.65|0.72,0.9|0.85,0|0,0|0,0|0,0|0
s_mon_snow_witch,추방자의 눈보라,monster,INT,3.15,monster,damage,true,9,attack,area,0,0,0,6,0,0,thumbnail://4b50438f59154f41aba918b2d28bb8d2,1.00,,,,,,,금지된 마법을 익힌 설산의 마녀처럼 얼음탄과 눈보라를 연달아 펼친다,f55dd57a708e43238b64715c02bb06cc|c5a807748e9443348e5b14162948f26b|0719861214fa45578488a1083f49df5a,animationclip|animationclip|animationclip,clip|clip|clip,0|0.16|0.3,0.72|0.8|0.92,0.8|1.0|1.2,0|0|0,0|0|0,0|0|0,0|0|0
s_mon_bubble_fish,기포막,monster,INT,0,monster,shield,false,0,passive,self,0,0,0,0,0,0,thumbnail://c968133e75534a1b933d28da29c4e584,1.00,,,,,INT,,연안의 수압을 버티는 버블피쉬의 기포막을 익혀 보유 수만큼 INT를 높인다,,,,,,,,,,
s_mon_mask_fish,가면 아래의 감각,monster,LUK,0,monster,shield,false,0,passive,self,0,0,0,0,0,0,thumbnail://fb9037f43fcd442a971ee007b9f7cc26,1.00,,,,,LUK,,산호초에서 몸을 감추는 마스크피쉬의 감각을 익혀 보유 수만큼 LUK을 높인다,,,,,,,,,,
s_mon_squid,심해 먹물 폭발,monster,INT,3,monster,damage,false,7,attack,area,4,0,0,5.2,0,0,thumbnail://013b3e6ba18249269e4a1b85c536a0d9,1.00,,,,,,,스퀴드가 짙은 먹물을 폭발시켜 주변 네 대상을 어둠으로 덮는다,0906c3a7455940ce9e9db0b0f0278741,animationclip,clip,0.12,0.82,1.15,0,0,0,0
s_mon_shark,포식자의 수류탄,monster,ATK,3.15,monster,damage,false,7,attack,single,1,0,0,6.5,0,0,thumbnail://b95f05df46124b3485d0a15bb79b10fb,1.00,,,,209c4567073b424e8d445cea7efb80e3,,,샤크가 사냥감을 향해 압축 수류를 쏘고 송곳니 충격을 터뜨린다,a6ab8a49e4174a29bd45a835ed6d3460,animationclip,clip,0.22,0.72,1.0,0,0,0,0
s_mon_pianus,심해왕의 광선,monster,INT,3.45,monster,damage,true,10,attack,area,0,0,0,6.8,0,0,thumbnail://207c5d6dcee243ad9a141397244ba9a9,1.00,,,,,,,동굴에 몸을 숨긴 피아누스가 입에서 심해의 광선을 뿜어 넓은 범위를 쓸어버린다,3822f5bc47af488585cef2f0929ec811|306a9aafa3fb43498f1b783b85512305,animationclip|animationclip,clip|clip,0|0.25,0.82|0.95,1.2|1.35,0|0,0|0,0|0,0|0
s_mon_ratz,태엽쥐의 민첩,monster,DEX,0,monster,shield,false,0,passive,self,0,0,0,0,0,0,thumbnail://383e34f2a8584a96a01b80a8fadbb813,1.00,,,,,DEX,,에오스탑의 좁은 장치 틈을 빠져나가는 라츠의 감각을 익혀 보유 수만큼 DEX를 높인다,,,,,,,,,,
s_mon_drumming_bunny,태엽 북진동,monster,INT,3.35,monster,damage,false,7,attack,area,4,0,0,5.2,0,0,thumbnail://20283346c1db42b593fdddb218ea769a,1.00,,,,,,,북치는 토끼의 장난감 북소리를 압축해 주변 네 대상에게 진동 충격을 퍼뜨린다,91c5d5dd661e4e079271b4446f7eb262,animationclip,clip,0,0.75,0.9,0,0,0,0
s_mon_bloctopus,블록 위장,monster,LUK,0,monster,shield,false,0,passive,self,0,0,0,0,0,0,thumbnail://826410e1bd4e4a12a612ab642c19c705,1.00,,,,,LUK,,장난감 블록 사이에 몸을 감추는 블록퍼스의 위장을 익혀 보유 수만큼 LUK을 높인다,,,,,,,,,,
s_mon_king_bloctopus,왕관 블록탄,monster,INT,3.5,monster,damage,false,7,attack,single,1,0,0,6.8,0,0,thumbnail://cb5eb9faaf68477292af0b710e383c9d,1.00,,,,a2da67e687994755a8943c2bcf871902,,,킹 블록퍼스가 왕관의 자신감을 실은 블록탄을 쏘아 한 대상을 폭발시킨다,e53471f0f7114343907be7beb520751f,animationclip,clip,0.22,0.65,0.9,0,0,0,0
s_mon_rombot,에오스 중력파,monster,ATK,3.8,monster,damage,true,9,attack,area,0,0,0,6,0,0,thumbnail://b41def4288404055b3b8850daa99cfbf,1.00,,,,,,,숨겨진 탑의 수호 기계 롬바드가 장갑의 동력을 터뜨려 넓은 중력 충격파를 일으킨다,91c5d5dd661e4e079271b4446f7eb262|06bbe7d534094761b54b147f3a79ca38,animationclip|animationclip,clip|clip,0|0.18,0.72|0.8,1.1|0.8,0|0,0|0,0|0,0|0
s_mon_brown_teddy,솜인형 완충,monster,DEX,0,monster,shield,false,0,passive,self,0,0,0,0,0,0,thumbnail://46fd51a318b64738a36beeb3db02a970,1.00,,,,,DEX,,태엽 인형의 부드러운 솜이 충격을 흡수하는 성질을 익혀 보유 수만큼 DEX를 높인다,,,,,,,,,,
s_mon_toy_trojan,태엽 목마 돌진,monster,ATK,3.55,monster,damage,false,7,attack,single,1,0,0,0,6.8,0,thumbnail://f9a2d6e8feaf4c90a3e00d022932fdaa,1.00,,,,,,,장난감 목마의 태엽을 끝까지 감아 전방으로 내달리며 한 대상을 들이받는다,fc4857ea48be477c9546c775e0f31d49,animationclip,clip,0,0.7,0.72,0,0,1.0,0
s_mon_master_robo,정밀 태엽회로,monster,DEX,0,monster,shield,false,0,passive,self,0,0,0,0,0,0,thumbnail://f5d65e28cb0e4990bf5727015f22e0f1,1.00,,,,,DEX,,장난감공장의 마스터 로보가 가진 정밀한 태엽 제어를 익혀 보유 수만큼 DEX를 높인다,,,,,,,,,,
s_mon_chronos,크로노스의 시간편린,monster,INT,3.7,monster,damage,false,8,attack,single,1,0,0,6.5,0,0,thumbnail://1356c7ad27254459aaf789b51a75875c,1.00,,,,,,,시계탑에 쌓인 시간의 파편을 한 대상에게 던져 순간을 비틀어 폭발시킨다,e5558e07445143b6999f20246768a3fe,animationclip,clip,0.12,0.8,0.9,0,0,0,0
s_mon_timer,시간 정지 충격,monster,INT,4,monster,damage,true,10,attack,area,0,0,0,6.2,0,0,thumbnail://cbdd230e5cd34b7b9eeb1cd206d19f34,1.00,,,,,,,시간의 소용돌이를 지키는 타이머가 종을 울려 주변의 시간을 멈추고 충격을 한꺼번에 터뜨린다,e5558e07445143b6999f20246768a3fe|3ef6b2dcc75f4d4990e6e7f106bda49e,animationclip|animationclip,clip|clip,0|0.2,0.78|0.88,1|0.85,0|0,0|0,0|0,0|0
s_mon_white_sand_rabbit,사막 굴착탄,monster,ATK,3.8,monster,damage,false,7,attack,single,1,0,0,6.5,0,0,thumbnail://981c64ae30bd4f98aef886e9314d8e64,1.00,,,,,,,흰 모래토끼가 땅속에서 모은 모래를 탄환처럼 차 올려 한 대상을 꿰뚫는다,201c4ae9d7c24438b56fb4d731ed9245,animationclip,clip,0.12,0.72,0.85,0,0,0,0
s_mon_scarf_plead,목도리의 사막감각,monster,LUK,0,monster,shield,false,0,passive,self,0,0,0,0,0,0,thumbnail://30e7faf77c6c41d583f341c234220597,1.00,,,,,LUK,,거친 모래바람에서도 방향을 잃지 않는 목도리 프릴드의 감각을 익혀 보유 수만큼 LUK을 높인다,,,,,,,,,,
s_mon_meercat,미요캐츠의 모래매복,monster,ATK,3.95,monster,damage,false,8,attack,area,3,0,0,4.8,0,0,thumbnail://fc3c2944ce44425c8d7f302a8610b886,1.00,,,,,,,미요캐츠 무리가 모래 아래에서 동시에 튀어나와 가까운 적 셋을 기습한다,412bce166c844b07ba1b4aa3ddcd53fa,animationclip,clip,0,0.74,0.9,0,0,0,0
s_mon_sand_dwarf,사막 대장장이의 체력,monster,STR,0,monster,shield,false,0,passive,self,0,0,0,0,0,0,thumbnail://64f166fa4e5445bc982071dea297d988,1.00,,,,,STR,,모래난쟁이가 사막에서 도구를 다루며 기른 힘을 익혀 보유 수만큼 STR을 높인다,,,,,,,,,,
s_mon_deo,잠든 선인장의 폭발,monster,INT,4.25,monster,damage,true,10,attack,area,0,0,0,6.4,0,0,thumbnail://6cf930e280f44694a0a0feedbfd855ed,1.00,,,,,,,오래 잠든 선인장 장로 데우가 뿌리에 모은 열기와 가시를 폭발시켜 사막을 뒤흔든다,98cd61bf1b2c4ff496455ad956cd95d5|9af96df994cf4794882fec71c027da2b,animationclip|animationclip,clip|clip,0|0.2,0.78|0.9,1.05|0.85,0|0,0|0,0|0,0|0
s_mon_cube_slime,연금 큐브막,monster,INT,0,monster,shield,false,0,passive,self,0,0,0,0,0,0,thumbnail://e93e27480f1043ef8e51fa3b0906a4d9,1.00,,,,,INT,,실험실의 용액이 정육면체 형태를 유지하는 성질을 익혀 보유 수만큼 INT를 높인다,,,,,,,,,,
s_mon_mithril_mutae,미스릴 외피,monster,DEX,0,monster,shield,false,0,passive,self,0,0,0,0,0,0,thumbnail://b06abb18fb52476d8bc7bdd5e46abe19,1.00,,,,,DEX,,알카드노 연구소에서 금속으로 강화된 뮤테의 외피를 익혀 보유 수만큼 DEX를 높인다,,,,,,,,,,
s_mon_homun,플라스크 독무,monster,INT,4.1,monster,damage,false,8,attack,area,4,0,0,5.4,0,0,thumbnail://8f0fb531779d41738664009091d7b017,1.00,,,,,,,폐쇄된 연구실의 호문처럼 플라스크 속 불안정한 용액을 퍼뜨려 네 대상을 독무로 덮는다,127defcb953144368b79da1417f8b4b4,animationclip,clip,0,0.82,0.9,0,0,0,0
s_mon_roid,알카드노 에너지탄,monster,ATK,4.2,monster,damage,false,8,attack,single,1,0,0,7,0,0,thumbnail://364bc76e0cc3429ea8ca758319ec7678,1.00,,,,e51545cbf94349f59f4431e2e76d2cdc,,,알카드노의 전투 로이드가 압축한 연구소 에너지를 한 대상에게 발사한다,3ff44a80daba4bb4a903778e036f551d,animationclip,clip,0.2,0.72,0.9,0,0,0,0
s_mon_chimera,융합체의 산성 포격,monster,INT,4.55,monster,damage,true,11,attack,area,0,0,0,6.8,0,0,thumbnail://3f5236d28b1f409797fe7c4b48743b8a,1.00,,,,ab113d9a5ca5402d85ecc2ab7a4f51a1,,,서로 다른 생체 실험이 합쳐진 키메라가 산성 탄환과 연금 폭발을 연달아 쏟아낸다,127defcb953144368b79da1417f8b4b4|ec7b571a85244965b296d26e6511e06d,animationclip|animationclip,clip|clip,0.2|0,0.8|0.9,1.05|0.85,0|0,0|0,0|0,0|0
s_mon_king_clang,왕게의 집게 파도,monster,ATK,2.65,monster,damage,true,8,attack,area,0,0,0,5.2,0,0,thumbnail://cddcc91429d24abbb0c071135ace8b39,1.00,,,,,,,모래 해변의 왕게 킹크랑이 양 집게로 파도를 끌어모아 주변을 크게 내려친다,c57b15ccc8dd408b98c627617144d3cd|8394705c13394b78a8b9a38e1313cb22,animationclip|animationclip,clip|clip,0|0.16,0.64|0.78,1.0|1.3,0|0,0|0,0|0,0|0
s_mon_straw_dummy,짚단 균형감각,monster,DEX,0,monster,shield,false,0,passive,self,0,0,0,0,0,0,thumbnail://4b1d55e35ae9462b944297691025429a,1.00,,,,,DEX,,바람에도 중심을 되찾는 수련용 짚인형의 균형을 익혀 보유 수만큼 DEX를 높인다,,,,,,,,,,
s_mon_wooden_dummy,목인 회전타,monster,STR,4.45,monster,damage,false,7,attack,area,3,0,0,4.8,0,0,thumbnail://91ff481190624f0fa850c86c8d3bdbde,1.00,,,,,,,수련용 나무인형의 단단한 몸통을 회전시켜 가까운 세 대상을 연달아 후려친다,1ad77c5bc77f4ee3a7b212d6394f0b13|7598c7485ce9483b8b1178386b7d8f73,animationclip|animationclip,clip|clip,0|0.22,0.7|0.55,0.9|1.05,0|0,0|0,0|0,0|0
s_mon_peach_monkey,천도 투척,monster,DEX,4.6,monster,damage,false,7,attack,single,1,0,0,7,0,0,thumbnail://15e255981ed54cf092a136b1526aa055,1.00,,,,9ca14ee512b1489cbb54b2b9833388cd,,,천도 과수원의 원공처럼 잘 익은 복숭아를 한 대상에게 정확히 던져 터뜨린다,b22bb4955588482cbe450b97cff20c19,animationclip,clip,0,0.65,1,0,0,0,0
s_mon_blue_flower_serpent,청화 비늘,monster,LUK,0,monster,shield,false,0,passive,self,0,0,0,0,0,0,thumbnail://75dc3d98cc1243298dca02fd708bcb34,1.00,,,,,LUK,,푸른 꽃과 안개 사이에 몸을 숨기는 청화사의 비늘을 익혀 보유 수만큼 LUK을 높인다,,,,,,,,,,
s_mon_tae_roon,태륜의 쌍권풍,monster,STR,4.9,monster,damage,true,10,attack,area,0,0,0,6.6,0,0,thumbnail://0e1e782401624d7693959777c0b16ebe,1.00,,,,5328a3875a32437784c949579f259a00,,,태륜이 두 주먹에 수련장의 기를 모아 전방과 주변을 잇달아 뒤흔드는 권풍을 낸다,353079a9d111455ab55d75577f9d7967|8e38989c6f3d4f87876d37e431ee11c1,animationclip|animationclip,clip|clip,0|0.2,0.75|0.85,1.05|1.1,0|0,0|0,0|0,0|0
s_mon_harp,하늘 둥지의 날갯결,monster,DEX,0,monster,shield,false,0,passive,self,0,0,0,0,0,0,thumbnail://96bd8dd2077844d1a0e5ce6b956d94ef,1.00,,,,,DEX,,높은 둥지의 상승기류를 타는 하프의 날갯결을 익혀 보유 수만큼 DEX를 높인다,,,,,,,,,,
s_mon_blood_harp,핏빛 깃울림,monster,INT,4.75,monster,damage,false,8,attack,area,4,0,0,5.6,0,0,thumbnail://8c2ec5bf58894061a19479ed7545637b,1.00,,,,,,,블러드 하프의 붉은 깃털이 공기를 울려 가까운 네 대상에게 두 겹의 파동을 퍼뜨린다,1f2bdb3b15a145ea8f3db3fbfb61296b|518e72a0592d48b3b3e451be46a4f39e,animationclip|animationclip,clip|clip,0|0.18,0.68|0.78,.95|1.05,0|0,0|0,0|0,0|0
s_mon_blue_wyvern,빙룡 숨결,monster,INT,4.9,monster,damage,false,8,attack,single,1,0,0,7.2,0,0,thumbnail://07bc82953fca4677bc00f74680ec337b,1.00,,,,,,,블루 와이번이 차가운 용의 숨결을 한 대상에게 집중해 두 번 얼어붙게 만든다,01663ed8b2a94562956e8029a79c03b5|1215ca4153664cb18a207cddcc5ab22c,animationclip|animationclip,clip|clip,0|0.2,0.72|0.82,1|1.05,0|0,0|0,0|0,0|0
s_mon_dark_wyvern,검은 비늘의 근력,monster,STR,0,monster,shield,false,0,passive,self,0,0,0,0,0,0,thumbnail://2d932a6e7989426a9856fb5fc2d0e59f,1.00,,,,,STR,,검은 와이번의 둥지를 지키는 단단한 비늘과 날개 힘을 익혀 보유 수만큼 STR을 높인다,,,,,,,,,,
s_mon_manon,마뇽의 용화염,monster,INT,5.15,monster,damage,true,11,attack,area,0,0,0,6.9,0,0,thumbnail://b8cdd7920392456f99272649c7cb7c2d,1.00,,,,,,,마뇽이 단단한 외피 안의 열기를 세 차례 분출해 주변 금속조차 녹이는 용화염을 일으킨다,5ac6554c0ea94009bbd9389df0542339|b6b5849af24a416ab1680a1dced9697f|128fe611ea9347aab589c5b5d4d8fc5b,animationclip|animationclip|animationclip,clip|clip|clip,0|0.17|0.34,.72|.76|.82,1|1.08|1.16,0|0|0,0|0|0,0|0|0,0|0|0
s_mon_memory_monk,추억의 묵상,monster,INT,0,monster,shield,false,0,passive,self,0,0,0,0,0,0,thumbnail://36ff7a667243465caef855b4fb7b9f84,1.00,,,,,INT,,추억의 길을 지키는 사제의 고요한 묵상을 익혀 보유 수만큼 INT를 높인다,,,,,,,,,,
s_mon_memory_monk_trainee,추억의 기도파,monster,INT,5.05,monster,damage,false,8,attack,single,1,0,0,7,0,0,thumbnail://699e78db5d3a48578388d33dc333258a,1.00,,,,,,,추억의 신관이 오래된 기도를 두 겹의 시간 파동으로 바꾸어 한 대상에게 보낸다,1ea2d50c388645df9502190ef8092d94|c25e7243baaf4b21bb70ee10dcd33890,animationclip|animationclip,clip|clip,0|0.2,.72|.82,1|1.08,0|0,0|0,0|0,0|0
s_mon_memory_guardian,수호병의 기억갑주,monster,STR,0,monster,shield,false,0,passive,self,0,0,0,0,0,0,thumbnail://0b258556de2e401e97014ae48fe96b7a,1.00,,,,,STR,,시간의 신전 수호병이 두른 기억의 갑주를 익혀 보유 수만큼 STR을 높인다,,,,,,,,,,
s_mon_chief_memory_guardian,시간 수호진,monster,STR,5.2,monster,damage,false,9,attack,area,4,0,0,5.9,0,0,thumbnail://de30bc44af34409eb14d46100dc4e48e,1.00,,,,,,,추억의 수호대장이 창과 방패의 궤적을 시간 수호진으로 펼쳐 네 대상을 가둔다,4147dea424e9475ca1a61773421a3397|aa3d9ed3c4a3435298afcb494ac7fcac,animationclip|animationclip,clip|clip,0|.22,.74|.86,1|1.12,0|0,0|0,0|0,0|0
s_mon_dodo,기억 포식,monster,INT,5.45,monster,damage,true,11,attack,area,0,0,0,7,0,0,thumbnail://2d63f90f9d464f7192713ad9209e9e63,1.00,,,,72e16f10f6ec4cf0a1fe3146e73f0856,,,시간의 고래 도도가 삼킨 기억을 구체로 토해 낸 뒤 주변의 남은 기억까지 한꺼번에 붕괴시킨다,ee1dc1a6f4e6452b860a43ce291c62a3|cf2fe8e1a8954e7099bd2243cfb908d7,animationclip|animationclip,clip|clip,0|.22,.8|.92,1.1|1.18,0|0,0|0,0|0,0|0
s_mon_mateon,마티안 광선탄,monster,INT,5.3,monster,damage,false,8,attack,single,1,0,0,7.4,0,0,thumbnail://53043af9433844258a090f3b231ce39f,1.00,,,,22db356cc60940089b7f5d592c7d5813,,,마티안의 소형 광선총을 흉내 내 압축 광선탄과 착탄 파동을 한 대상에게 연달아 쏜다,70f170cb7f644da28dc93915a8e70dd9|e9d2e8cba2aa4245ae29cfb516746a04,animationclip|animationclip,clip|clip,0|.2,.65|.78,1|1.08,0|0,0|0,0|0,0|0
s_mon_plateon,외계 장갑 조종,monster,STR,0,monster,shield,false,0,passive,self,0,0,0,0,0,0,thumbnail://e03cf5ce06784947b45ce95afb70927c,1.00,,,,,STR,,장갑차를 조종하는 플라티안의 단단한 자세를 익혀 보유 수만큼 STR을 높인다,,,,,,,,,,
s_mon_mecateon,기계화 레이저,monster,INT,5.45,monster,damage,false,9,attack,area,4,0,0,6,0,0,thumbnail://1509ce195a5c49a0aea5f9b189ce7edb,1.00,,,,,,,메카티안의 강화 장갑이 목표를 포착해 네 대상 위에 기계화 레이저를 차례로 떨어뜨린다,50eff4b9b8064efa8db5246e7a912c4d|1fe5c891382642d3aa35a89414f43fce,animationclip|animationclip,clip|clip,0|.2,.72|.84,1|1.12,0|0,0|0,0|0,0|0
s_mon_chief_gray,원로의 정신연산,monster,INT,0,monster,shield,false,0,passive,self,0,0,0,0,0,0,thumbnail://48027185a78d470da83199b478bed48b,1.00,,,,,INT,,그레이들의 지휘를 맡은 원로의 정신 연산을 익혀 보유 수만큼 INT를 높인다,,,,,,,,,,
s_mon_zeno,제노의 중력장,monster,INT,5.7,monster,damage,true,12,attack,area,0,0,0,7.2,0,0,thumbnail://689bc520bc2544abb62ec505ca91aab4,1.00,,,,,,,제노가 격납고의 외계 동력을 폭주시켜 주변을 짓누르는 거대한 중력장을 전개한다,908710847a0249c98cf8e935dfb1ddd8|c68a17e01f83412882ac127cda104ee3,animationclip|animationclip,clip|clip,0|.24,.82|.96,1.15|1.22,0|0,0|0,0|0,0|0
s_mon_official_knight_c,기사단 뇌전 연각,monster,ATK,5.85,monster,damage,false,9,attack,area,4,0,0,5.9,0,0,thumbnail://da57403b50694b12bf0e19aa3a64112d,1.00,,,,,,,정식기사 C가 사용하던 스트라이커 계열의 돌진과 연속 발차기를 뇌전 충격으로 이어 네 대상을 휩쓴다,1a648542a3b447f594b5c331cf44503f|439308ddd0bf4405a8463340c67a464b,animationclip|animationclip,clip|clip,0|.17,.7|.78,1|1.1,0|0,0|0,0|0,0|0
s_mon_official_knight_d,기사단의 바람 조준,monster,DEX,0,monster,shield,false,0,passive,self,0,0,0,0,0,0,thumbnail://1b11119e13474135882191d052342552,1.00,,,,,DEX,,정식기사 D가 활시위를 당기기 전 읽던 바람의 방향을 익혀 보유 수만큼 DEX를 높인다,,,,,,,,,,
s_mon_advanced_knight_a,그림자 기사의 민첩,monster,LUK,0,monster,shield,false,0,passive,self,0,0,0,0,0,0,thumbnail://b2ab0d2ec4d346079c5738c79c8b909b,1.00,,,,,LUK,,나이트워커의 어둠에 지배된 상급기사 A의 재빠른 몸놀림을 익혀 보유 수만큼 LUK을 높인다,,,,,,,,,,
s_mon_advanced_knight_b,상급기사의 이프리트 화염,monster,INT,6.05,monster,damage,false,10,attack,area,4,0,0,6.2,0,0,thumbnail://3a107a08957f442d8b3e191258198056,1.00,,,,,,,상급기사 B가 지휘하던 이프리트의 불길을 불러 네 대상을 태우고 폭발시킨다,89e2fa1739754ade99ddca6ca3653182|8a8c83af487246b89a8f4e4ff92edd66,animationclip|animationclip,clip|clip,0|.2,.78|.88,1.05|1.14,0|0,0|0,0|0,0|0
s_mon_cygnus,타락한 여제의 정원,monster,INT,6.35,monster,damage,true,12,attack,area,0,0,0,7.4,0,0,thumbnail://397136593bdb4e37b17d0d9e40ce0006,1.00,,,,,,,검은 마법사의 힘에 사로잡힌 미래의 시그너스가 어두운 정원의 문양을 펼친 뒤 범위 전체를 붕괴시킨다,1c8327eff1fa4321bef0fe5410a6ddef|875053c636494f6d807b803dd95bc3eb,animationclip|animationclip,clip|clip,0|.28,.9|1.02,1.18|1.28,0|0,0|0,0|0,0|0
s_mon_mutant_dark_stump,뒤틀린 고목의 껍질,monster,STR,0,monster,shield,false,0,passive,self,0,0,0,0,0,0,thumbnail://9b09382f4ba6483eb11a931f49a68f9b,1.00,,,,,STR,,황혼의 힘으로 부풀어 오른 변형된 다크 스텀프의 질긴 껍질을 익혀 보유 수만큼 STR을 높인다,,,,,,,,,,
s_mon_mutant_iron_hog,황야의 철갑 돌진,monster,ATK,6.15,monster,damage,false,8,attack,single,1,0,0,0,6.8,0,thumbnail://cd613d0025674a6f8b1cc7211054eb41,1.00,,,,,,,변형된 아이언호그처럼 황야의 흙먼지를 가르며 한 대상에게 철갑 몸통을 내리꽂는다,9d71fbaf9b154c51bbdb481eaa2fc52f|a29334463fbf4a7bbc8e4cb7325229b7,animationclip|animationclip,clip|clip,0|.18,.68|.78,1.02|1.12,0|0,0|0,0|0,0|0
s_mon_mutant_stone_mask,발굴지의 석면,monster,DEF,0,monster,shield,false,0,passive,self,0,0,0,0,0,0,thumbnail://f020a220a2ad40a28d4920b790b32f3c,1.00,,,,,DEF,,검은 마법사의 악몽 속에서 더 단단해진 스톤마스크의 돌 얼굴을 익혀 보유 수만큼 방어력을 높인다,,,,,,,,,,
s_mon_ancient_dark_golem,고대 암흑 지진,monster,ATK,6.45,monster,damage,false,10,attack,area,5,0,0,6.4,0,0,thumbnail://f60c7188fcd544ef869845a34ff92b30,1.00,,,,,,,에인션트 다크골렘이 땅속의 오래된 암석층을 갈라 놓은 뒤 다섯 대상 아래에서 지진을 터뜨린다,3803b5c17bf04b56bef115b3afbf388b|6ad623bf86ad46f0ad423c10e383a28e,animationclip|animationclip,clip|clip,0|.3,.9|1.0,1.14|1.25,0|0,0|0,0|0,0|0
s_mon_mutant_stumpy,검은 뿌리의 묘지,monster,ATK,6.7,monster,damage,true,12,attack,area,0,0,0,7.6,0,0,thumbnail://fe3077e91e5442579b6cfaa6b4c59469,1.00,,,,,,,페리온의 수호목이었던 스텀피의 뒤틀린 뿌리를 칼바람의 묘지 전역에 솟구치게 한다,e79a4d871f6a4cbdbf75a7126982013e|dfb0126bee6f48fb9bdb289bddef870b,animationclip|animationclip,clip|clip,0|.24,.88|1.02,1.16|1.3,0|0,0|0,0|0,0|0
